Trade Date,Symbol,Series,Security Name,Category,Last Trade Date,Face Value(Rs.),Issue Size,Close Price/Paid up value(Rs.),Market Cap(Rs.)              
12 MAY 2026,20MICRONS,EQ,20 MICRONS LTD           ,Listed    ,12 MAY 2026,               5.00,          35286502,            174.65,     6162787574.30 
12 MAY 2026,21STCENMGM,EQ,21ST CENTURY MGMT SERVICE,Listed    ,12 MAY 2026,              10.00,          10500000,             33.65,      353325000.00
12 MAY 2026,360ONE,EQ,360 ONE WAM LIMITED      ,Listed    ,12 MAY 2026,               1.00,         405915969,           1078.10,   437618006178.90    
12 MAY 2026,3BBLACKBIO,EQ,3B BLACKBIO DX LTD.      ,Permitted ,12 MAY 2026,              10.00,           8582670,           1234.20,    10592731314.00
12 MAY 2026,3IINFOLTD,EQ,3I INFOTECH LIMITED      ,Listed    ,12 MAY 2026,              10.00,         207396267,             17.50,     3629434672.50 
12 MAY 2026,3MINDIA,EQ,3M INDIA LIMITED         ,Listed    ,12 MAY 2026,              10.00,          11265070,          31000.00,   349217170000.00   
12 MAY 2026,3PLAND,EQ,3P LAND HOLDINGS LIMITED ,Listed    ,12 MAY 2026,               2.00,          18000000,             33.50,      603000000.00    
12 MAY 2026,5PAISA,EQ,5PAISA CAPITAL LIMITED   ,Listed    ,12 MAY 2026,              10.00,          46882257,            306.15,    14353002980.55    
12 MAY 2026,63MOONS,EQ,63 MOONS TECHNOLOGIES LTD,Listed    ,12 MAY 2026,               2.00,          46078537,            662.10,    30508599347.70   
12 MAY 2026,A2ZINFRA,BE,A2Z INFRA ENGINEERING LTD,Listed    ,12 MAY 2026,              10.00,         176119858,             16.15,     2844335706.70  
12 MAY 2026,AAATECH,EQ,AAA TECHNOLOGIES LIMITED ,Listed    ,12 MAY 2026,              10.00,          12826800,             99.25,     1272931632.00   
12 MAY 2026,AADHARHFC,EQ,AADHAR HOUSING FINANCE L ,Listed    ,12 MAY 2026,              10.00,         434836463,            487.30,   211895808419.90 
12 MAY 2026,AAKAAR,ST,AAKAAR MEDICAL TECHNO LTD,Listed    ,12 MAY 2026,              10.00,          14172816,             52.90,      749741966.40    
12 MAY 2026,AAKASH,BE,AAKASH EXPLORATION SER L ,Listed    ,12 MAY 2026,               1.00,         101250000,              8.40,      849487500.00    
12 MAY 2026,AARADHYA,SM,AARADHYA DISPOSAL INDUS L,Listed    ,12 MAY 2026,              10.00,          14138000,             92.30,     1304937400.00  
12 MAY 2026,AAREYDRUGS,BE,AAREY DRUGS & PHARM LTD  ,Listed    ,12 MAY 2026,              10.00,          28354303,             88.30,     2503684954.90
12 MAY 2026,AARNAV,EQ,AARNAV FASHIONS LIMITED  ,Listed    ,12 MAY 2026,              10.00,          42238628,             22.10,      934318451.35    
12 MAY 2026,AARON,EQ,AARON INDUSTRIES LIMITED ,Listed    ,12 MAY 2026,              10.00,          20946478,            134.35,     2814368784.10     
12 MAY 2026,AARTECH,EQ,AARTECH SOLONICS LIMITED ,Listed    ,12 MAY 2026,               5.00,          31770375,             40.15,     1274945148.75   
12 MAY 2026,AARTIDRUGS,EQ,AARTI DRUGS LTD.         ,Listed    ,12 MAY 2026,              10.00,          91270000,            371.95,    33947876500.00
12 MAY 2026,AARTIIND,EQ,AARTI INDUSTRIES LTD     ,Listed    ,12 MAY 2026,               5.00,         362594369,            468.50,   169875461876.50  
12 MAY 2026,AARTIPHARM,EQ,AARTI PHARMALABS LIMITED ,Listed    ,12 MAY 2026,               5.00,          90657751,            712.70,    64611779137.70
12 MAY 2026,AARTISURF,EQ,AARTI SURFACTANTS LIMITED,Listed    ,12 MAY 2026,              10.00,           8464995,            396.40,     3355524018.00 
12 MAY 2026,AARVI,EQ,AARVI ENCON LIMITED      ,Listed    ,12 MAY 2026,              10.00,          14810700,            122.80,     1818457746.00     
12 MAY 2026,AATMAJ,SM,AATMAJ HEALTHCARE LIMITED,Listed    ,12 MAY 2026,               5.00,          22600000,             20.55,      464430000.00    
12 MAY 2026,AAVAS,EQ,AAVAS FINANCIERS LIMITED ,Listed    ,12 MAY 2026,              10.00,          79191876,           1387.00,   109839132012.00     
12 MAY 2026,ABAN,BE,ABAN OFFSHORE LTD.       ,Listed    ,12 MAY 2026,               2.00,          58365323,             18.80,     1097851725.65      
12 MAY 2026,ABANSENT,BE,ABANS ENTERPRISES LTD.   ,Permitted ,12 MAY 2026,               2.00,          69748880,             35.30,     2461437975.20  
12 MAY 2026,ABB,EQ,ABB INDIA LIMITED        ,Listed    ,12 MAY 2026,               2.00,         211908375,           6328.50,  1341062151187.50       
12 MAY 2026,ABBOTINDIA,EQ,ABBOTT INDIA LIMITED     ,Permitted ,12 MAY 2026,              10.00,          21249302,          26900.00,   571606223800.00
12 MAY 2026,ABCAPITAL,EQ,ADITYA BIRLA CAPITAL LTD.,Listed    ,12 MAY 2026,              10.00,        2619471475,            341.20,   893763667270.00 
12 MAY 2026,ABCOTS,EQ,A B COTSPIN INDIA LIMITED,Listed    ,12 MAY 2026,              10.00,          21963620,            225.15,     4944669770.60    
12 MAY 2026,ABDL,EQ,ALLIED BLEND N DISTILS L ,Listed    ,12 MAY 2026,               2.00,         279710151,            567.45,   158721525184.95      
12 MAY 2026,ABFRL,EQ,ADITYA BIRLA FASHION & RT,Listed    ,12 MAY 2026,              10.00,        1220510115,             62.40,    76159831176.00     
12 MAY 2026,ABHAPOWER,SM,ABHA POWER N STEEL LTD   ,Listed    ,12 MAY 2026,              10.00,          18587830,             31.25,      580869687.50 
12 MAY 2026,ABINFRA,EQ,A B INFRABUILD LIMITED   ,Listed    ,12 MAY 2026,               1.00,         638789360,             13.75,     8783353700.00   
12 MAY 2026,ABLBL,EQ,ADITYA BIRLA LIFES BRAN L,Listed    ,12 MAY 2026,              10.00,        1220509509,            101.65,   124076996684.95     
12 MAY 2026,ABMINTLLTD,BE,ABM INTERNATIONAL LTD    ,Listed    ,12 MAY 2026,              10.00,           9408000,             39.60,      372556800.00
12 MAY 2026,ABMKNO,EQ,A B M KNOWLEDGEWARE LTD. ,Permitted ,12 MAY 2026,               5.00,          20002200,            221.00,     4420486200.00    
12 MAY 2026,ABNINT,IT,A B N INTERCORP LIMITED  ,Listed    ,Not Traded ,              10.00,            419532,            200.00,       83906400.00    
12 MAY 2026,ABREL,EQ,ADITYA BIRLA REAL EST LTD,Listed    ,12 MAY 2026,              10.00,         111695680,           1321.20,   147572332416.00     
12 MAY 2026,ABSLAMC,EQ,ADIT BIRL SUN LIF AMC LTD,Listed    ,12 MAY 2026,               5.00,         288785629,           1055.10,   304697717157.90   
12 MAY 2026,ABSMARINE,SM,ABS MARINE SERVICES LTD  ,Listed    ,12 MAY 2026,              10.00,          24550000,            222.80,     5469740000.00 
12 MAY 2026,ACC,EQ,ACC LIMITED              ,Listed    ,12 MAY 2026,              10.00,         187787263,           1347.00,   252949443261.00       
12 MAY 2026,ACCELYA,EQ,ACCELYA SOLN INDIA LTD   ,Listed    ,12 MAY 2026,              10.00,          14926261,           1129.50,    16859211799.50   
12 MAY 2026,ACCENTMIC,SM,ACCENT MICROCELL LIMITED ,Listed    ,12 MAY 2026,              10.00,          23989020,            440.70,    10571961114.00 
12 MAY 2026,ACCORD,ST,ACCORD SYNERGY LIMITED   ,Listed    ,07 MAY 2026,              10.00,           3472000,             43.70,      151726400.00    
12 MAY 2026,ACCPL,ST,ACCRETION PHARMA LIMITED ,Listed    ,12 MAY 2026,              10.00,          11116000,            122.25,     1358931000.00     
12 MAY 2026,ACCURACY,BE,ACCURACY SHIPPING LIMITED,Listed    ,12 MAY 2026,               1.00,         150560000,              5.45,      820552000.00  
12 MAY 2026,ACE,EQ,ACTION CONST EQUIP LTD   ,Listed    ,12 MAY 2026,               2.00,         119083196,            881.25,   104942066475.00       
12 MAY 2026,ACEINTEG,EQ,ACE INTEGRATED SOLU. LTD.,Listed    ,12 MAY 2026,              10.00,          10200000,             20.30,      206958000.00  
12 MAY 2026,ACETEC,SM,ACETECH E-COMMERCE LTD   ,Listed    ,12 MAY 2026,              10.00,          16383735,            116.50,     1908705127.50    
12 MAY 2026,ACI,EQ,ARCHEAN CHEMICAL IND LTD ,Listed    ,12 MAY 2026,               2.00,         123458394,            597.50,    73766390415.00       
12 MAY 2026,ACL,EQ,ANDHRA CEMENTS LIMITED   ,Listed    ,12 MAY 2026,              10.00,          92172140,             55.90,     5151500904.60       
12 MAY 2026,ACMESOLAR,EQ,ACME SOLAR HOLDINGS LTD  ,Listed    ,12 MAY 2026,               2.00,         605971804,            283.80,   171974797975.20 
12 MAY 2026,ACSTECH,EQ,A C S TECHNOLOGIES LTD.  ,Permitted ,12 MAY 2026,              10.00,          60681608,             36.25,     2200315106.10   
12 MAY 2026,ACTIVEINFR,SM,ACTIVE INFRASTRUCTURES L ,Listed    ,12 MAY 2026,               5.00,          15015016,            179.80,     2699699876.80
12 MAY 2026,ACUTAAS,EQ,ACUTAAS CHEMICALS LIMITED,Listed    ,12 MAY 2026,               5.00,          81871122,           2742.20,   224506990748.40   
12 MAY 2026,ADANIENSOL,EQ,ADANI ENERGY SOLUTION LTD,Listed    ,12 MAY 2026,              10.00,        1201282642,           1284.30,  1542807297120.60
12 MAY 2026,ADANIENT,EQ,ADANI ENTERPRISES LIMITED,Listed    ,12 MAY 2026,               1.00,        1291893209,           2405.20,  3107261546286.80  
12 MAY 2026,ADANIGREEN,EQ,ADANI GREEN ENERGY LTD   ,Listed    ,12 MAY 2026,              10.00,        1647176155,           1308.00,  2154506410740.00
12 MAY 2026,ADANIPORTS,EQ,ADANI PORT & SEZ LTD     ,Listed    ,12 MAY 2026,               2.00,        2303959098,           1688.20,  3889543749243.60
12 MAY 2026,ADANIPOWER,EQ,ADANI POWER LTD          ,Listed    ,12 MAY 2026,               2.00,       19284694705,            209.65,  4042650551009.15
12 MAY 2026,ADDICTIVE,SM,ADDICTIVE LEARNING TECH L,Listed    ,12 MAY 2026,              10.00,          15909732,             76.80,     1221867417.60 
12 MAY 2026,ADFFOODS,EQ,ADF FOODS LIMITED        ,Listed    ,12 MAY 2026,               2.00,         109863595,            265.85,    29207236730.75  
12 MAY 2026,ADISOFT,ST,ADISOFT TECHNOLOGIES LTD ,Listed    ,12 MAY 2026,              10.00,          16318000,            220.70,     3601382600.00   
12 MAY 2026,ADL,EQ,ARCHIDPLY DECOR LIMITED  ,Listed    ,12 MAY 2026,              10.00,           5566250,             71.65,      398710487.50       
12 MAY 2026,ADOR,EQ,ADOR WELDING LTD         ,Listed    ,12 MAY 2026,              10.00,          17402815,           1022.50,    17794378337.50      
12 MAY 2026,ADROITINFO,EQ,ADROIT INFOTECH LIMITED  ,Listed    ,12 MAY 2026,              10.00,          54177208,              9.05,      490845504.50
12 MAY 2026,ADSL,EQ,ALLIED DIGITAL SERV. LTD ,Listed    ,12 MAY 2026,               5.00,          56514128,            123.85,     7000405035.35      
12 MAY 2026,ADVAIT,EQ,ADVAIT ENRGY TRANSITION L,Listed    ,12 MAY 2026,              10.00,          10936777,           1908.60,    20873932582.20    
12 MAY 2026,ADVANCE,EQ,ADVANCE AGROLIFE LIMITED ,Listed    ,12 MAY 2026,              10.00,          64285720,            106.25,     6829714892.80   
12 MAY 2026,ADVANIHOTR,EQ,ADVANI HOT.& RES.(I) LTD ,Listed    ,12 MAY 2026,               2.00,          92438500,             52.15,     4819743390.00
12 MAY 2026,ADVENTHTL,EQ,ADVENT HOTELS INTERNATI L,Listed    ,12 MAY 2026,              10.00,          53942887,            159.20,     8587168181.55 
12 MAY 2026,ADVENZYMES,EQ,ADVANCED ENZYME TECH LTD ,Listed    ,12 MAY 2026,               2.00,         111926800,            369.80,    41390530640.00
12 MAY 2026,AEGISLOG,EQ,AEGIS LOGISTICS LIMITED  ,Listed    ,12 MAY 2026,               1.00,         351000000,            658.80,   231238800000.00  
12 MAY 2026,AEGISVOPAK,EQ,AEGIS VOPAK TERMINALS LTD,Listed    ,12 MAY 2026,              10.00,        1107991489,            202.65,   224556635075.65
12 MAY 2026,AEPL,BE,ARTEMIS ELECTRICALS & P L,Listed    ,12 MAY 2026,               1.00,         251036900,             16.15,     4051735566.00      
12 MAY 2026,AEQUS,EQ,AEQUS LIMITED            ,Listed    ,12 MAY 2026,              10.00,         670665635,            180.25,   120874067396.05     
12 MAY 2026,AEROENTER,EQ,AEROFLEX ENTERPRISES LTD ,Listed    ,12 MAY 2026,               2.00,         113085000,            101.95,    11526754050.00 
12 MAY 2026,AEROFLEX,EQ,AEROFLEX INDUSTRIES LTD  ,Listed    ,12 MAY 2026,               2.00,         132330768,            365.25,    48333813012.00  
12 MAY 2026,AERON,SM,AERON COMPOSITE LIMITED  ,Listed    ,12 MAY 2026,              10.00,          17020000,             97.95,     1667109000.00     
12 MAY 2026,AERONEU,EQ,AEROFLEX NEU LIMITED     ,Listed    ,12 MAY 2026,              10.00,          25796000,             90.40,     2332474320.00   
12 MAY 2026,AESTHETIK,SM,AESTHETIK ENGINEERS LTD  ,Listed    ,11 MAY 2026,              10.00,          17220175,             76.50,     1317343387.50 
12 MAY 2026,AETHER,EQ,AETHER INDUSTRIES LIMITED,Listed    ,12 MAY 2026,              10.00,         132674370,           1155.70,   153331769409.00    
12 MAY 2026,AFCONS,EQ,AFCONS INFRASTRUCTURE LTD,Listed    ,12 MAY 2026,              10.00,         367784631,            335.10,   123244629848.10    
12 MAY 2026,AFFLE,EQ,AFFLE 3I LIMITED         ,Listed    ,12 MAY 2026,               2.00,         140757384,           1585.30,   223142680855.20     
12 MAY 2026,AFFORDABLE,BE,AFFORD ROBO & AUTO LTD   ,Listed    ,12 MAY 2026,              10.00,          11246266,            171.85,     1932783274.75
12 MAY 2026,AFIL,BE,AKME FINTRADE (INDIA) LTD,Listed    ,12 MAY 2026,               1.00,         426749960,              9.20,     3934634631.20      
12 MAY 2026,AFSL,EQ,ABANS FINANCIAL SRVCS LTD,Listed    ,12 MAY 2026,               2.00,          50658840,            201.10,    10188505900.80      
12 MAY 2026,AGARIND,EQ,AGARWAL INDS CORP LTD.   ,Listed    ,12 MAY 2026,              10.00,          14957789,            416.65,     6232162786.85   
12 MAY 2026,AGARWALEYE,EQ,DR AGARWALS HEALTH CARE L,Listed    ,12 MAY 2026,               1.00,         316807506,            450.20,   142626739201.20
12 MAY 2026,AGARWALFT,ST,AGARWAL FLOAT GLASS I LTD,Listed    ,12 MAY 2026,              10.00,           7243488,             37.85,      274166020.80 
12 MAY 2026,AGARWALTUF,SM,AGARWAL TOUGH GLASS IND L,Listed    ,12 MAY 2026,              10.00,          17674600,            125.75,     2222580950.00
12 MAY 2026,AGI,EQ,AGI GREENPAC LIMITED     ,Listed    ,12 MAY 2026,               2.00,          64697381,            587.35,    38000006730.35       
12 MAY 2026,AGIIL,EQ,AGI INFRA LIMITED        ,Listed    ,12 MAY 2026,               1.00,         124997388,            365.80,    45724044530.40     
12 MAY 2026,AGNI,SM,AGNI GREEN POWER LTD     ,Listed    ,12 MAY 2026,              10.00,          19534800,             20.75,      405347100.00      
12 MAY 2026,AGRITECH,EQ,AGRI-TECH (INDIA) LIMITED,Listed    ,12 MAY 2026,              10.00,           5940000,            112.45,      667953000.00  
12 MAY 2026,AGROPHOS,EQ,AGRO PHOS INDIA LIMITED  ,Listed    ,12 MAY 2026,              10.00,          20274115,             30.55,      619374213.25  
12 MAY 2026,AGUL,SM,A G UNIVERSAL LIMITED    ,Listed    ,08 MAY 2026,              10.00,           5484000,             59.95,      328765800.00      
12 MAY 2026,AHCL,EQ,ANLON HEALTHCARE LIMITED ,Listed    ,12 MAY 2026,               2.00,         531515000,             13.40,     7116985850.00      
12 MAY 2026,AHIMSA,ST,AHIMSA INDUSTRIES LTD.   ,Listed    ,23 MAR 2026,              10.00,           5473990,             24.70,      135207553.00    
12 MAY 2026,AHLADA,EQ,AHLADA ENGINEERS LIMITED ,Listed    ,12 MAY 2026,              10.00,          12921000,             43.10,      556636680.00    
12 MAY 2026,AHLEAST,EQ,ASIAN HOTELS (EAST) LTD  ,Listed    ,12 MAY 2026,              10.00,          17291696,            156.65,     2708917095.35   
12 MAY 2026,AHLUCONT,EQ,AHLUWALIA CONT IND LTD   ,Listed    ,12 MAY 2026,               2.00,          66987560,            811.45,    54357055562.00  
12 MAY 2026,AHLWEST,BE,ASIAN HOTELS (WEST) LTD  ,Listed    ,12 MAY 2026,              10.00,          11651210,            508.75,     5927553087.50   
12 MAY 2026,AIAENG,EQ,AIA ENGINEERING LIMITED  ,Listed    ,12 MAY 2026,               2.00,          93320370,           3749.80,   349932723426.00    
12 MAY 2026,AIIL,EQ,AUTHUM INVEST & INFRA LTD,Listed    ,12 MAY 2026,               1.00,         849225500,            478.35,   406227017925.00      
12 MAY 2026,AILIMITED,ST,ABHISHEK INTEGRATIONS LTD,Listed    ,12 MAY 2026,              10.00,           6021570,             42.30,      254712411.00 
12 MAY 2026,AIMTRON,SM,AIMTRON ELECTRONICS LTD  ,Listed    ,12 MAY 2026,              10.00,          20609177,           1117.35,    23027663920.95   
12 MAY 2026,AIRAN,EQ,AIRAN LIMITED            ,Listed    ,12 MAY 2026,               2.00,         125020000,             16.05,     2006571000.00     
12 MAY 2026,AIROLAM,EQ,AIRO LAM LIMITED         ,Listed    ,12 MAY 2026,              10.00,          15002000,             84.65,     1269619260.00   
12 MAY 2026,AISL,SM,ANI INTEGRATED SERV LTD. ,Listed    ,12 MAY 2026,              10.00,          11687200,             55.90,      653314480.00      
12 MAY 2026,AJANTPHARM,EQ,AJANTA PHARMA LIMITED    ,Listed    ,12 MAY 2026,               2.00,         124935624,           3091.70,   386263468720.80
12 MAY 2026,AJAXENGG,EQ,AJAX ENGINEERING LIMITED ,Listed    ,12 MAY 2026,               1.00,         114406800,            519.10,    59388569880.00  
12 MAY 2026,AJMERA,EQ,AJMERA REALTY & INF I LTD,Listed    ,12 MAY 2026,               2.00,         196795650,            117.00,    23027059006.50    
12 MAY 2026,AJOONI,EQ,AJOONI BIOTECH LIMITED   ,Listed    ,12 MAY 2026,               2.00,         172243598,              4.20,      725145547.60    
12 MAY 2026,AKANKSHA,ST,AKANKSHA POWER N INFRA L ,Listed    ,12 MAY 2026,              10.00,          19580520,             89.00,     1742666280.00  
12 MAY 2026,AKASH,EQ,AKASH INFRA-PROJECTS LTD ,Listed    ,12 MAY 2026,              10.00,          16862534,             26.05,      439606261.40     
12 MAY 2026,AKCAPIT,EQ,A K CAPITAL SERVICES LTD.,Permitted ,12 MAY 2026,              10.00,           6600000,           1540.00,    10164000000.00   
12 MAY 2026,AKG,EQ,AKG EXIM LIMITED         ,Listed    ,12 MAY 2026,              10.00,          31776576,             11.45,      363524029.45       
12 MAY 2026,AKI,EQ,AKI INDIA LIMITED        ,Listed    ,12 MAY 2026,               2.00,         103205956,              4.75,      491260350.55       
12 MAY 2026,AKIKO,ST,AKIKO GLOBAL SERVICES L  ,Listed    ,12 MAY 2026,              10.00,          10769600,            296.85,     3196955760.00     
12 MAY 2026,AKSHAR,EQ,AKSHAR SPINTEX LIMITED   ,Listed    ,12 MAY 2026,               1.00,         787468500,              0.50,      385859565.00    
12 MAY 2026,AKSHARCHEM,EQ,AKSHARCHEM INDIA LIMITED ,Listed    ,12 MAY 2026,              10.00,           8033099,            209.85,     1685906487.15
12 MAY 2026,AKSHOPTFBR,BE,AKSH OPTIFIBRE  LTD      ,Listed    ,12 MAY 2026,               5.00,         162697971,              7.05,     1150274654.95
12 MAY 2026,AKUMS,EQ,AKUMS DRUGS AND PHARMA L ,Listed    ,12 MAY 2026,               2.00,         157393988,            528.40,    83166983259.20     
12 MAY 2026,ALANKIT,EQ,ALANKIT LIMITED          ,Listed    ,12 MAY 2026,               1.00,         271158100,              8.95,     2424153414.00   
12 MAY 2026,ALBERTDAVD,EQ,ALBERT DAVID LIMITED     ,Listed    ,12 MAY 2026,              10.00,           5707162,            781.10,     4457864238.20
12 MAY 2026,ALCODIS,ST,ALCOKRAFT DISTILLERIE LTD,Listed    ,12 MAY 2026,              10.00,          10250000,             79.55,      815387500.00   
12 MAY 2026,ALEMBICLTD,EQ,ALEMBIC LIMITED          ,Listed    ,12 MAY 2026,               2.00,         256781828,             90.45,    23220780706.05
12 MAY 2026,ALGOQUANT,EQ,ALGOQUANT FINTECH LIMITED,Listed    ,12 MAY 2026,               1.00,         281096028,             62.85,    17661263439.25 
12 MAY 2026,ALICON,EQ,ALICON CASTALLOY LIMITED ,Listed    ,12 MAY 2026,               5.00,          16336840,            729.50,    11917724780.00    
12 MAY 2026,ALIVUS,EQ,ALIVUS LIFE SCIENCES LTD ,Listed    ,12 MAY 2026,               2.00,         122736348,           1098.80,   134862699182.40    
12 MAY 2026,ALKALI,EQ,ALKALI METALS LTD        ,Listed    ,12 MAY 2026,              10.00,          10182506,             63.80,      649643882.80    
12 MAY 2026,ALKEM,EQ,ALKEM LABORATORIES LTD.  ,Listed    ,12 MAY 2026,               2.00,         119565000,           5496.50,   657189022500.00     
12 MAY 2026,ALKYLAMINE,EQ,ALKYL AMINES CHEM. LTD   ,Listed    ,12 MAY 2026,               2.00,          51144052,           1592.60,    81452017215.20
12 MAY 2026,ALLCARGO,EQ,ALLCARGO LOGISTICS LTD   ,Listed    ,12 MAY 2026,               2.00,        1497778469,              9.35,    13974273115.75  
12 MAY 2026,ALLDIGI,EQ,ALLDIGI TECH LIMITED     ,Listed    ,12 MAY 2026,              10.00,          15238326,            813.55,    12397140117.30   
12 MAY 2026,ALLETEC,SM,ALL E TECHNOLOGIES LTD   ,Listed    ,12 MAY 2026,              10.00,          20194176,            151.45,     3058407955.20   
12 MAY 2026,ALLTIME,EQ,ALL TIME PLASTICS LIMITED,Listed    ,12 MAY 2026,               2.00,          65507778,            244.65,    16027132965.50   
12 MAY 2026,ALMONDZ,EQ,ALMONDZ GLOBAL SEC LTD   ,Listed    ,12 MAY 2026,               1.00,         173646754,             15.50,     2689788219.45   
12 MAY 2026,ALOKINDS,EQ,ALOK INDUSTRIES LIMITED  ,Listed    ,12 MAY 2026,               1.00,        4965240401,             13.55,    67378312241.55  
12 MAY 2026,ALPA,EQ,ALPA LABORATORIES LTD    ,Listed    ,12 MAY 2026,              10.00,          21040600,             68.50,     1440860288.00      
12 MAY 2026,ALPEXSOLAR,SM,ALPEX SOLAR LIMITED      ,Listed    ,12 MAY 2026,              10.00,          25543000,            915.05,    23373122150.00
12 MAY 2026,ALPHAGEO,EQ,ALPHAGEO (INDIA) LIMITED ,Listed    ,12 MAY 2026,              10.00,           6364767,            234.10,     1489864659.35  
12 MAY 2026,ALUWIND,SM,ALUWIND INFRA-TECH LTD   ,Listed    ,12 MAY 2026,              10.00,          24847420,             50.10,     1244855742.00   
12 MAY 2026,AMAGI,EQ,AMAGI MEDIA LABS LIMITED ,Listed    ,12 MAY 2026,               5.00,         216338944,            409.55,    88601614515.20     
12 MAY 2026,AMANTA,EQ,AMANTA HEALTHCARE LIMITED,Listed    ,12 MAY 2026,              10.00,          38829351,            134.30,     5214393545.80    
12 MAY 2026,AMBAAUTO,ST,AMBA AUTO SALES AND SER L,Listed    ,12 MAY 2026,              10.00,          18324000,            129.50,     2372958000.00  
12 MAY 2026,AMBALALSA,EQ,AMBALAL SARABHAI ENT L   ,Permitted ,12 MAY 2026,              10.00,          76633296,             30.90,     2368735179.35 
12 MAY 2026,AMBANIORGO,ST,AMBANI ORGOCHEM LIMITED  ,Listed    ,08 MAY 2026,              10.00,           7658659,            140.40,     1075275723.60
12 MAY 2026,AMBER,EQ,AMBER ENTERPRISES (I) LTD,Listed    ,12 MAY 2026,              10.00,          35191667,           8163.50,   287287173554.50     
12 MAY 2026,AMBEY,ST,AMBEY LABORATORIES LTD   ,Listed    ,12 MAY 2026,              10.00,          24946819,             28.70,      715973705.30     
12 MAY 2026,AMBICAAGAR,EQ,AMBICA AGAR & AROMAINDLTD,Listed    ,12 MAY 2026,              10.00,          17177400,             24.05,      412944696.00
12 MAY 2026,AMBIKCO,EQ,AMBIKA COTTON MILL LTD.  ,Listed    ,12 MAY 2026,              10.00,           5725000,           1524.30,     8726617500.00   
12 MAY 2026,AMBUJACEM,EQ,AMBUJA CEMENTS LTD       ,Listed    ,12 MAY 2026,               2.00,        2471823478,            426.95,  1055345033932.10 
12 MAY 2026,AMCL,SM,ANB METAL CAST LIMITED   ,Listed    ,12 MAY 2026,              10.00,          11834780,            518.00,     6130416040.00      
12 MAY 2026,AMDIND,EQ,AMD INDUSTRIES LIMITED   ,Listed    ,12 MAY 2026,              10.00,          19166749,             46.40,      889528821.10    
12 MAY 2026,AMEYA,SM,AMEYA PRECISION ENG LTD  ,Listed    ,12 MAY 2026,              10.00,           7500000,            128.45,      963375000.00     
12 MAY 2026,AMIABLE,SM,AMIABLE LOGISTICS (I) LTD,Listed    ,12 MAY 2026,              10.00,           1748200,             65.15,      113895230.00   
12 MAY 2026,AMIRCHAND,EQ,AMIR CHAND JAG KUM (E) L ,Listed    ,12 MAY 2026,              10.00,         103551556,            131.30,    13597354818.35 
12 MAY 2026,AMJLAND,EQ,AMJ LAND HOLDINGS LIMITED,Listed    ,12 MAY 2026,               2.00,          41000000,             39.35,     1613760000.00   
12 MAY 2026,AMNPLST,EQ,AMINES & PLASTICIZERS LTD,Listed    ,12 MAY 2026,               2.00,          55020000,            170.50,     9380910000.00   
12 MAY 2026,AMRUTANJAN,EQ,AMRUTAJAN HEALTH LTD     ,Listed    ,12 MAY 2026,               1.00,          28910630,            557.60,    16120567288.00
12 MAY 2026,ANANDRATHI,EQ,ANAND RATHI WEALTH LTD   ,Listed    ,12 MAY 2026,               5.00,          83020634,           3529.80,   293046233893.20
12 MAY 2026,ANANTAM,IV,ANANTAM HIGHWAYS TRUST   ,Listed    ,12 MAY 2026,             100.00,         217500000,            109.10,    23729250000.00   
12 MAY 2026,ANANTRAJ,EQ,ANANT RAJ LIMITED        ,Listed    ,12 MAY 2026,               2.00,         359876930,            502.45,   180820163478.50  
12 MAY 2026,ANDHRAPAP,EQ,ANDHRA PAPER LIMITED     ,Listed    ,12 MAY 2026,               2.00,         198850195,             65.65,    13052526799.80 
12 MAY 2026,ANDHRSUGAR,EQ,ANDHRA SUGARS LTD        ,Listed    ,12 MAY 2026,               2.00,         135535390,             93.45,    12663071487.70
12 MAY 2026,ANGELONE,EQ,ANGEL ONE LIMITED        ,Listed    ,12 MAY 2026,               1.00,         909055160,            299.10,   271898398356.00  
12 MAY 2026,ANIKINDS,BE,ANIK INDUSTRIES LTD      ,Listed    ,12 MAY 2026,              10.00,          27753486,             44.30,     1230034499.50  
12 MAY 2026,ANKITMETAL,BZ,ANKIT MET & POW LTD      ,Listed    ,12 MAY 2026,              10.00,         141110500,              1.65,      231421220.00
12 MAY 2026,ANLON,ST,ANLON TECHNOLOGY SOL LTD ,Listed    ,12 MAY 2026,              10.00,           6255400,            556.00,     3478002400.00     
12 MAY 2026,ANMOL,EQ,ANMOL INDIA LIMITED      ,Listed    ,12 MAY 2026,              10.00,          56914150,             11.50,      653374442.00     
12 MAY 2026,ANNAPURNA,SM,ANNAPURNA SWADISHT LTD   ,Listed    ,12 MAY 2026,              10.00,          21820000,            149.05,     3252271000.00 
12 MAY 2026,ANONDITA,SM,ANONDITA MEDICARE LIMITED,Listed    ,12 MAY 2026,              10.00,          18086618,            961.50,    17390283207.00  
12 MAY 2026,ANSALAPI,BZ,ANSAL PROP & INFRA LTD   ,Listed    ,12 MAY 2026,               5.00,         157404876,              4.20,      659526430.45  
12 MAY 2026,ANTELOPUS,EQ,ANTELOPUS SELAN ENRGY LTD,Listed    ,12 MAY 2026,              10.00,          35162358,            719.35,    25294042227.30 
12 MAY 2026,ANTGRAPHIC,EQ,ANTARCTICA LTD           ,Listed    ,12 MAY 2026,               1.00,         155009600,              0.80,      127107872.00
12 MAY 2026,ANTHEM,EQ,ANTHEM BIOSCIENCES LTD   ,Listed    ,12 MAY 2026,               2.00,         561713851,            799.05,   448837452641.55    
12 MAY 2026,ANUHPHR,EQ,ANUH PHARMA LIMITED      ,Listed    ,12 MAY 2026,               5.00,         100224000,             80.25,     8041973760.00   
12 MAY 2026,ANUP,EQ,THE ANUP ENGINEERING LTD ,Listed    ,12 MAY 2026,              10.00,          20031466,           1970.40,    39470000606.40      
12 MAY 2026,ANURAS,EQ,ANUPAM RASAYAN INDIA LTD ,Listed    ,12 MAY 2026,              10.00,         113848310,           1359.50,   154776777445.00    
12 MAY 2026,ANYA,SM,ANYA POLYTECH & FERTI LTD,Listed    ,12 MAY 2026,               2.00,         120000000,             16.50,     1980000000.00      
12 MAY 2026,ANZEN,IV,ANZEN IND ENE YLD PLU TRU,Listed    ,08 MAY 2026,             100.00,         255718900,            126.00,    32220581400.00     
12 MAY 2026,APARINDS,EQ,APAR INDUSTRIES LTD.     ,Listed    ,12 MAY 2026,              10.00,          40168315,          12459.00,   500457036585.00  
12 MAY 2026,APCL,EQ,ANJANI PORTLAND CEM LTD  ,Listed    ,12 MAY 2026,              10.00,          29374764,            114.35,     3359298011.05      
12 MAY 2026,APCOTEXIND,EQ,APCOTEX INDUSTRIES LIMITE,Listed    ,12 MAY 2026,               2.00,          51844960,            486.70,    25232942032.00
12 MAY 2026,APEX,EQ,APEX FROZEN FOODS LIMITED,Listed    ,12 MAY 2026,              10.00,          31250000,            458.20,    14318750000.00      
12 MAY 2026,APEXECO,SM,APEX ECOTECH LIMITED     ,Listed    ,12 MAY 2026,              10.00,          13185200,            181.90,     2398387880.00   
12 MAY 2026,APLAPOLLO,EQ,APL APOLLO TUBES LTD     ,Listed    ,12 MAY 2026,               2.00,         277636026,           1881.20,   522288892111.20 
12 MAY 2026,APLLTD,EQ,ALEMBIC PHARMA LTD       ,Listed    ,12 MAY 2026,               2.00,         196563124,            768.15,   150989963700.60    
12 MAY 2026,APOLLO,EQ,APOLLO MICRO SYSTEMS LTD ,Listed    ,12 MAY 2026,               1.00,         357292440,            294.85,   105347675934.00    
12 MAY 2026,APOLLOHOSP,EQ,APOLLO HOSPITALS ENTER. L,Listed    ,12 MAY 2026,               5.00,         143784657,           8022.50,  1153512410782.50
12 MAY 2026,APOLLOPIPE,EQ,APOLLO PIPES LIMITED     ,Listed    ,12 MAY 2026,              10.00,          44048206,            476.10,    20971350876.60
12 MAY 2026,APOLLOTYRE,EQ,APOLLO TYRES LTD         ,Listed    ,12 MAY 2026,               1.00,         635100946,            398.75,   253246502217.50
12 MAY 2026,APOLSINHOT,EQ,APOLLO SINDOORI HOTEL LTD,Listed    ,12 MAY 2026,               5.00,           2600400,           1147.00,     2982658800.00
12 MAY 2026,APRAMEYA,SM,APRAMEYA ENGINEERING LTD ,Listed    ,12 MAY 2026,              10.00,          19040000,            207.55,     3951752000.00  
12 MAY 2026,APS,SM,AUSTRALIAN PREM SOLAR I L,Listed    ,12 MAY 2026,              10.00,          20160000,            340.80,     6870528000.00       
12 MAY 2026,APSISAERO,ST,APSIS AEROCOM LIMITED    ,Listed    ,12 MAY 2026,              10.00,          12051921,            290.85,     3505301222.85 
12 MAY 2026,APTECHT,EQ,APTECH LIMITED           ,Listed    ,12 MAY 2026,              10.00,          58002817,             99.65,     5778820657.70   
12 MAY 2026,APTUS,EQ,APTUS VALUE HSG FIN I LTD,Listed    ,12 MAY 2026,               2.00,         500742736,            274.15,   137278621074.40     
12 MAY 2026,AQYLON,EQ,AQYLON NEXUS LIMITED     ,Listed    ,12 MAY 2026,               1.00,         253730560,             51.50,    13067123840.00    
12 MAY 2026,ARABIAN,SM,ARABIAN PETROLEUM LIMITED,Listed    ,12 MAY 2026,              10.00,          10892000,             70.80,      771153600.00   
12 MAY 2026,ARCHIDPLY,EQ,ARCHIDPLY IND. LTD       ,Listed    ,12 MAY 2026,              10.00,          19865000,             85.70,     1702629150.00 
12 MAY 2026,ARCHIES,EQ,ARCHIES LTD              ,Listed    ,12 MAY 2026,               2.00,          33780000,             14.70,      496903800.00   
12 MAY 2026,ARCIIL,ST,ARC INSULATION & INSU LTD,Listed    ,12 MAY 2026,              10.00,          10297380,             60.00,      617842800.00    
12 MAY 2026,ARE&M,EQ,AMARA RAJA ENERGY MOB LTD,Listed    ,12 MAY 2026,               1.00,         183025364,            832.20,   152313707920.80     
12 MAY 2026,ARENTERP,EQ,RAJDARSHAN INDUSTRIES LTD,Listed    ,12 MAY 2026,              10.00,           3108300,             40.85,      126942972.00  
12 MAY 2026,ARFIN,EQ,ARFIN INDIA LIMITED      ,Listed    ,12 MAY 2026,               1.00,         168722482,             99.75,    16833442029.15     
12 MAY 2026,ARHAM,SM,ARHAM TECHNOLOGIES LTD   ,Listed    ,12 MAY 2026,              10.00,          21812000,            144.20,     3145290400.00     
12 MAY 2026,ARIES,EQ,ARIES AGRO LTD.          ,Listed    ,12 MAY 2026,              10.00,          13004339,            348.85,     4536563660.15     
12 MAY 2026,ARIHANT,EQ,ARIHANT FOUN & HOU LTD   ,Permitted ,12 MAY 2026,              10.00,           9965624,            892.80,     8897309107.20   
12 MAY 2026,ARIHANTACA,SM,ARIHANT ACADEMY LIMITED  ,Listed    ,12 MAY 2026,              10.00,           6055200,            438.00,     2652177600.00
12 MAY 2026,ARIHANTCAP,EQ,ARIHANT CAPITAL MKTS LTD ,Listed    ,12 MAY 2026,               1.00,         109612800,             69.35,     7603839936.00
12 MAY 2026,ARIHANTSUP,EQ,ARIHANT SUPERSTRUCT LTD  ,Listed    ,12 MAY 2026,              10.00,          43249991,            255.90,    11067672696.90
12 MAY 2026,ARIS,EQ,ARISINFRA SOLUTIONS LTD  ,Listed    ,12 MAY 2026,               2.00,          81761246,            144.90,    11847204545.40      
12 MAY 2026,ARISTO,SM,ARISTO BIO T AND LIFESC L,Listed    ,06 MAY 2026,              10.00,           6807800,            122.00,      830551600.00    
12 MAY 2026,ARKADE,EQ,ARKADE DEVELOPERS LIMITED,Listed    ,12 MAY 2026,              10.00,         185663617,            117.95,    21897166989.00    
12 MAY 2026,ARMANFIN,EQ,ARMAN FIN SERV LTD       ,Listed    ,12 MAY 2026,              10.00,          10512921,           1770.90,    18617331798.90  
12 MAY 2026,ARMOUR,SM,ARMOUR SECURITY (INDIA) L,Listed    ,12 MAY 2026,              10.00,          16870000,             21.40,      361018000.00    
12 MAY 2026,AROGRANITE,EQ,ARO GRANITE IND. LTD.    ,Listed    ,12 MAY 2026,              10.00,          15300000,             25.85,      395352000.00
12 MAY 2026,ARROWGREEN,EQ,ARROW GREENTECH LIMITED  ,Listed    ,12 MAY 2026,              10.00,          15087938,            551.25,     8317225822.50
12 MAY 2026,ARSHIYA,BZ,ARSHIYA LIMITED          ,Listed    ,12 MAY 2026,               2.00,         263475915,              1.25,      329344893.75   
12 MAY 2026,ARSSBL,EQ,ANAND RATHI SH N STK BR L,Listed    ,12 MAY 2026,               5.00,          62725250,            546.45,    34276212862.50    
12 MAY 2026,ARTEMISMED,EQ,ARTEMIS MED SERVICE LTD  ,Listed    ,12 MAY 2026,               1.00,         158306247,            270.70,    42850334937.95
12 MAY 2026,ARTNIRMAN,BE,ART NIRMAN LIMITED       ,Listed    ,12 MAY 2026,              10.00,          24956000,             39.90,      996243520.00 
12 MAY 2026,ARUNAYA,SM,ARUNAYA ORGANICS LIMITED ,Listed    ,12 MAY 2026,              10.00,          17538432,             25.40,      445476172.80   
12 MAY 2026,ARVEE,EQ,ARVEE LABORATORIES I LTD ,Listed    ,12 MAY 2026,              10.00,          11020000,            160.15,     1765073400.00     
12 MAY 2026,ARVIND,EQ,ARVIND LIMITED           ,Listed    ,12 MAY 2026,              10.00,         262114640,            442.00,   115854670880.00    
12 MAY 2026,ARVINDFASN,EQ,ARVIND FASHIONS LIMITED  ,Listed    ,12 MAY 2026,               4.00,         133630192,            431.90,    57714879924.80
12 MAY 2026,ARVINDPORT,ST,ARVIND PORT AND INFRA LTD,Listed    ,12 MAY 2026,              10.00,          17798300,             33.90,      603362370.00
12 MAY 2026,ARVSMART,EQ,ARVIND SMARTSPACES LTD   ,Listed    ,12 MAY 2026,              10.00,          45866979,            592.25,    27164718312.75  
12 MAY 2026,ASAHIINDIA,EQ,ASAHI INDIA GLASS LIMITED,Listed    ,12 MAY 2026,               1.00,         254927192,            813.05,   207268553455.60
12 MAY 2026,ASAHISONG,EQ,ASAHI SONGWON COLOR LTD  ,Listed    ,12 MAY 2026,              10.00,          11787262,            246.90,     2910510733.05 
12 MAY 2026,ASAL,EQ,AUTOMOTIVE STAMPINGS & AS,Listed    ,12 MAY 2026,              10.00,          15864397,            491.30,     7794178246.10      
12 MAY 2026,ASALCBR,EQ,ASSO ALCOHOLS & BREW LTD ,Listed    ,12 MAY 2026,              10.00,          18979200,            861.50,    16350580800.00   
12 MAY 2026,ASCOM,ST,ASCOM LEASIN & INVEST LTD,Listed    ,11 MAY 2026,              10.00,          11714179,            259.60,     3041000868.40     
12 MAY 2026,ASHALOG,SM,ASHAPURA LOGISTICS LTD   ,Listed    ,12 MAY 2026,              10.00,          13556121,             62.20,      843190726.20   
12 MAY 2026,ASHAPURMIN,EQ,ASHAPURA MINECHEM LTD    ,Listed    ,12 MAY 2026,               2.00,          95526098,            648.55,    61953450857.90
12 MAY 2026,ASHIANA,EQ,ASHIANA HOUSING LTD      ,Listed    ,12 MAY 2026,               2.00,         100524857,            349.85,    35168621221.45   
12 MAY 2026,ASHIKA,EQ,ASHIKA CREDIT CAPITAL L  ,Permitted ,12 MAY 2026,              10.00,          44724971,            380.75,    17029032708.25    
12 MAY 2026,ASHIMASYN,EQ,ASHIMA LTD               ,Listed    ,12 MAY 2026,              10.00,         191660078,             15.40,     2951565201.20 
12 MAY 2026,ASHOKA,EQ,ASHOKA BUILDCON LTD      ,Listed    ,12 MAY 2026,               5.00,         280723217,            127.25,    35716414898.90    
12 MAY 2026,ASHOKAMET,EQ,ASHOKA METCAST LIMITED   ,Listed    ,12 MAY 2026,              10.00,          24996000,             15.90,      397436400.00 
12 MAY 2026,ASHOKLEY,EQ,ASHOK LEYLAND LTD        ,Listed    ,12 MAY 2026,               1.00,        5873854552,            155.95,   916027617384.40  
12 MAY 2026,ASHWINI,SM,ASHWINI CONTAINER MOVER L,Listed    ,12 MAY 2026,              10.00,          15000000,            158.00,     2370000000.00   
12 MAY 2026,ASIANENE,EQ,ASIAN ENERGY SERVICES LTD,Listed    ,12 MAY 2026,              10.00,          44937121,            284.65,    12791351492.65  
12 MAY 2026,ASIANHOTNR,EQ,ASIAN HOTELS (NORTH) LTD ,Listed    ,12 MAY 2026,              10.00,          42633229,            298.60,    12730282179.40
12 MAY 2026,ASIANPAINT,EQ,ASIAN PAINTS LIMITED     ,Listed    ,12 MAY 2026,               1.00,         959197790,           2505.50,  2403270062845.00
12 MAY 2026,ASIANTILES,EQ,ASIAN GRANITO IND. LTD.  ,Listed    ,12 MAY 2026,              10.00,         231911649,             60.75,    14086313560.25
12 MAY 2026,ASKAUTOLTD,EQ,ASK AUTOMOTIVE LIMITED   ,Listed    ,12 MAY 2026,               2.00,         197142600,            425.60,    83903890560.00
12 MAY 2026,ASMS,EQ,BARTRONICS INDIA LIMITED ,Listed    ,12 MAY 2026,               1.00,         304576740,              7.40,     2256913643.40      
12 MAY 2026,ASPINWALL,EQ,ASPINWALL & CO LTD       ,Listed    ,12 MAY 2026,              10.00,           7818288,            234.90,     1836594034.10 
12 MAY 2026,ASPIRE,SM,ASPIRE & INNOVATIVE ADV L,Listed    ,11 MAY 2026,              10.00,          15178000,             16.50,      250437000.00    
12 MAY 2026,ASTAR,EQ,ASIAN STAR CO. LTD.      ,Permitted ,12 MAY 2026,              10.00,          16006800,            663.65,    10622912820.00     
12 MAY 2026,ASTEC,EQ,ASTEC LIFESCIENCES LTD   ,Listed    ,12 MAY 2026,              10.00,          22282238,            671.50,    14962522817.00     
12 MAY 2026,ASTERDM,EQ,ASTER DM HEALTHCARE LTD. ,Listed    ,12 MAY 2026,              10.00,         518121029,            730.35,   378409693530.15   
12 MAY 2026,ASTRAL,EQ,ASTRAL LIMITED           ,Listed    ,12 MAY 2026,               1.00,         268650163,           1527.60,   410389988998.80    
12 MAY 2026,ASTRAMICRO,EQ,ASTRA MICROWAVE LTD      ,Listed    ,12 MAY 2026,               2.00,          94945008,           1108.70,   105265530369.60
12 MAY 2026,ASTRAZEN,EQ,ASTRAZENECA PHARMA IND LT,Listed    ,12 MAY 2026,               2.00,          25000000,           8320.00,   208000000000.00  
12 MAY 2026,ASTRON,BE,ASTRON PAPER BORD MIL LTD,Listed    ,12 MAY 2026,              10.00,          46500000,              4.25,      197625000.00    
12 MAY 2026,ATALREAL,EQ,ATAL REALTECH LIMITED    ,Listed    ,12 MAY 2026,               2.00,         123896250,             28.30,     3503785950.00  
12 MAY 2026,ATAM,EQ,ATAM VALVES LIMITED      ,Listed    ,12 MAY 2026,              10.00,          11463000,             76.70,      879212100.00      
12 MAY 2026,ATCENERGY,ST,ATC ENERGIES SYSTEM LTD  ,Listed    ,12 MAY 2026,              10.00,          20388600,             30.25,      616755150.00 
12 MAY 2026,ATGL,EQ,ADANI TOTAL GAS LIMITED  ,Listed    ,12 MAY 2026,               1.00,        1099810083,            591.30,   650317702077.90      
12 MAY 2026,ATHERENERG,EQ,ATHER ENERGY LIMITED     ,Listed    ,12 MAY 2026,               1.00,         382376152,            924.25,   353411158486.00
12 MAY 2026,ATL,EQ,ALLCARGO TERMINALS LTD   ,Listed    ,12 MAY 2026,               2.00,         252060324,             25.10,     6321672925.90       
12 MAY 2026,ATLANTAA,EQ,ATLANTAA LIMITED         ,Listed    ,12 MAY 2026,               2.00,          81500000,             40.10,     3268150000.00  
12 MAY 2026,ATLANTAELE,EQ,ATLANTA ELECTRICALS LTD  ,Listed    ,12 MAY 2026,               2.00,          76896625,           1814.80,   139551995050.00
12 MAY 2026,ATLASCYCLE,EQ,ATLAS CYCLE (HARYANA) LTD,Listed    ,12 MAY 2026,               5.00,           6503838,             99.05,      644335230.65
12 MAY 2026,ATMASTCO,SM,ATMASTCO LIMITED         ,Listed    ,12 MAY 2026,              10.00,          24734690,            205.25,     5076795122.50  
12 MAY 2026,ATUL,EQ,ATUL LTD                 ,Listed    ,12 MAY 2026,              10.00,          29441755,           6851.50,   201720184382.50      
12 MAY 2026,ATULAUTO,EQ,ATUL AUTO LIMITED        ,Listed    ,12 MAY 2026,               5.00,          27751280,            476.90,    13234585432.00  
12 MAY 2026,AUBANK,EQ,AU SMALL FINANCE BANK LTD,Listed    ,12 MAY 2026,              10.00,         748224517,            999.60,   747925227193.20    
12 MAY 2026,AURIGROW,EQ,AURI GROW INDIA LIMITED  ,Listed    ,12 MAY 2026,               1.00,        1476240000,              0.35,      487159200.00  
12 MAY 2026,AURIONPRO,EQ,AURIONPRO SOLN LTD       ,Listed    ,12 MAY 2026,              10.00,          55261664,            762.20,    42120440300.80 
12 MAY 2026,AUROIMPEX,SM,AURO IMPEX & CHEMICALS L ,Listed    ,12 MAY 2026,              10.00,          12200800,             33.30,      406286640.00 
12 MAY 2026,AUROPHARMA,EQ,AUROBINDO PHARMA LTD     ,Listed    ,12 MAY 2026,               1.00,         580801623,           1488.20,   864348975348.60
12 MAY 2026,AURUM,EQ,AURUM PROPTECH LIMITED   ,Listed    ,12 MAY 2026,               5.00,          76244663,            172.80,    13173552873.15     
12 MAY 2026,AUSL,SM,ADITYA ULTRA STEEL LTD   ,Listed    ,12 MAY 2026,              10.00,          24835568,             20.10,      499194916.80      
12 MAY 2026,AUSOMENT,EQ,AUSOM ENTERPRISE LIMITED ,Listed    ,12 MAY 2026,              10.00,          13623552,            149.10,     2031135367.70  
12 MAY 2026,AUTOAXLES,EQ,AUTOMOTIVE AXLES LIMITED ,Listed    ,12 MAY 2026,              10.00,          15111975,           1724.60,    26062112085.00 
12 MAY 2026,AUTOIND,EQ,AUTOLINE INDUSTRIES LTD  ,Listed    ,12 MAY 2026,              10.00,          45375401,             71.95,     3264306347.95   
12 MAY 2026,AVADHSUGAR,BE,AVADH SUG & ENERGY LTD   ,Listed    ,12 MAY 2026,              10.00,          20018420,            496.75,     9944150135.00
12 MAY 2026,AVAILFC,EQ,AVAILABLE FINANCE LTD.   ,Permitted ,12 MAY 2026,              10.00,          10203700,            153.15,     1562492581.00   
12 MAY 2026,AVALON,EQ,AVALON TECHNOLOGIES LTD  ,Listed    ,12 MAY 2026,               2.00,          66766163,           1291.20,    86208469665.60    
12 MAY 2026,AVANA,ST,AVANA ELECTROSYSTEMS LTD ,Listed    ,12 MAY 2026,              10.00,          22645408,            154.80,     3505509158.40     
12 MAY 2026,AVANTEL,EQ,AVANTEL LIMITED          ,Listed    ,12 MAY 2026,               2.00,         265710850,            157.00,    41719260558.50   
12 MAY 2026,AVANTIFEED,EQ,AVANTI FEEDS LIMITED     ,Listed    ,12 MAY 2026,               1.00,         136245630,           1357.30,   184926193599.00
12 MAY 2026,AVATAR,ST,AVATAR INDUSTRIES LIMITED,Listed    ,12 MAY 2026,              10.00,          10417090,            134.00,     1395890060.00    
12 MAY 2026,AVG,EQ,AVG LOGISTICS LIMITED    ,Listed    ,12 MAY 2026,              10.00,          15057720,            161.80,     2436640250.40       
12 MAY 2026,AVIANSH,SM,AVI ANSH TEXTILE LIMITED ,Listed    ,12 MAY 2026,              10.00,          13976930,            110.50,     1544450765.00   
12 MAY 2026,AVL,EQ,ADITYA VISION LIMITED    ,Listed    ,12 MAY 2026,               1.00,         129138050,            541.05,    69870141952.50       
12 MAY 2026,AVONMORE,EQ,AVONMORE CAP&MGT SERV LTD,Listed    ,12 MAY 2026,               1.00,         282184741,             11.05,     3120963235.45  
12 MAY 2026,AVPINFRA,SM,AVP INFRACON LIMITED     ,Listed    ,12 MAY 2026,              10.00,          24979200,             85.20,     2128227840.00  
12 MAY 2026,AVROIND,EQ,AVRO INDIA LIMITED       ,Listed    ,12 MAY 2026,               1.00,         133110500,             10.25,     1364382625.00   
12 MAY 2026,AVSL,ST,AVSL INDUSTRIES LIMITED  ,Listed    ,20 JAN 2026,              10.00,           5331120,            119.70,      638135064.00      
12 MAY 2026,AVTNPL,EQ,AVT NATURAL PRODUCTS LTD ,Listed    ,12 MAY 2026,               1.00,         152284000,             66.55,    10137545880.00    
12 MAY 2026,AWFIS,EQ,AWFIS SPACE SOLUTIONS LTD,Listed    ,12 MAY 2026,              10.00,          71540491,            366.40,    26212435902.40     
12 MAY 2026,AWHCL,EQ,ANTONY WASTE HDG CELL LTD,Listed    ,12 MAY 2026,               5.00,          28382100,            476.50,    13524070650.00     
12 MAY 2026,AWL,EQ,AWL AGRI BUSINESS LIMITED,Listed    ,12 MAY 2026,               1.00,        1299678605,            198.20,   257583302724.95       
12 MAY 2026,AXISBANK,EQ,AXIS BANK LIMITED        ,Listed    ,12 MAY 2026,               2.00,        3107720873,           1260.10,  3916039072067.30  
12 MAY 2026,AXISCADES,EQ,AXISCADES TECH LTD       ,Listed    ,12 MAY 2026,               5.00,          42517389,           2017.10,    85761825351.90 
12 MAY 2026,AXITA,EQ,AXITA COTTON LIMITED     ,Listed    ,12 MAY 2026,               1.00,         382549751,              8.00,     3060398008.00     
12 MAY 2026,AYE,EQ,AYE FINANCE LIMITED      ,Listed    ,12 MAY 2026,               2.00,         246784266,            134.85,    33278858270.10       
12 MAY 2026,AYMSYNTEX,EQ,AYM SYNTEX LIMITED       ,Listed    ,12 MAY 2026,              10.00,          58581091,            232.70,    13631819875.70 
12 MAY 2026,AZAD,EQ,AZAD ENGINEERING LIMITED ,Listed    ,12 MAY 2026,               2.00,          64581743,           2123.70,   137152247609.10      
12 MAY 2026,BABAFP,SM,BABA FOOD PROCESSING     ,Listed    ,11 MAY 2026,              10.00,          16326403,             26.30,      429384398.90    
12 MAY 2026,BAFNAPH,BE,BAFNA PHARMACEUTICALS LTD,Listed    ,12 MAY 2026,              10.00,          23656335,            133.00,     3146292555.00   
12 MAY 2026,BAGDIGITAL,SM,B.A.G.CONVERGENCE LIMITED,Listed    ,12 MAY 2026,              10.00,          21218800,            114.10,     2421065080.00
12 MAY 2026,BAGFILMS,EQ,B.A.G FILMS AND MEDIA LTD,Listed    ,12 MAY 2026,               2.00,         197747749,              4.85,      955121627.65  
12 MAY 2026,BAHETI,SM,BAHETI RECYCLING IND LTD ,Listed    ,12 MAY 2026,              10.00,          10368530,            600.75,     6228894397.50    
12 MAY 2026,BAIDFIN,EQ,BAID FINSERV LIMITED     ,Listed    ,12 MAY 2026,               2.00,         150085375,             11.20,     1679455346.25   
12 MAY 2026,BAJAJ-AUTO,EQ,BAJAJ AUTO LIMITED       ,Listed    ,12 MAY 2026,              10.00,         279497838,          10397.00,  2905939021686.00
12 MAY 2026,BAJAJCON,EQ,BAJAJ CONSUMER CARE LTD  ,Listed    ,12 MAY 2026,               1.00,         130618321,            547.95,    71572308991.95  
12 MAY 2026,BAJAJELEC,EQ,BAJAJ ELECT.LTD          ,Listed    ,12 MAY 2026,               2.00,         115390713,            385.55,    44488889397.15 
12 MAY 2026,BAJAJFINSV,EQ,BAJAJ FINSERV LTD.       ,Listed    ,12 MAY 2026,               1.00,        1600549988,           1744.80,  2792639619062.40
12 MAY 2026,BAJAJHCARE,EQ,BAJAJ HEALTHCARE LIMITED ,Listed    ,12 MAY 2026,               5.00,          31583252,            292.80,     9247576185.60
12 MAY 2026,BAJAJHFL,EQ,BAJAJ HOUSING FINANCE LTD,Listed    ,12 MAY 2026,              10.00,        8332334619,             83.85,   698832904495.55  
12 MAY 2026,BAJAJHIND,EQ,BAJAJ HINDUSTHAN SUGAR LT,Listed    ,12 MAY 2026,               1.00,        2390666041,             19.05,    45542188081.05 
12 MAY 2026,BAJAJHLDNG,EQ,BAJAJ HOLDINGS & INVS LTD,Listed    ,12 MAY 2026,              10.00,         111293510,          10097.00,  1123730570470.00
12 MAY 2026,BAJAJINDEF,EQ,INDEF MANUFACTURING LTD  ,Listed    ,12 MAY 2026,               1.00,          32000000,            289.40,     9260800000.00
12 MAY 2026,BAJAJST,EQ,BAJAJ STEEL INDS. LTD.   ,Permitted ,12 MAY 2026,               5.00,          20800000,            418.50,     8704800000.00   
12 MAY 2026,BAJEL,EQ,BAJEL PROJECTS LIMITED   ,Listed    ,12 MAY 2026,               2.00,         115686310,            167.70,    19401751050.10     
12 MAY 2026,BAJFINANCE,EQ,BAJAJ FINANCE LIMITED    ,Listed    ,12 MAY 2026,               1.00,        6222481865,            904.20,  5626368102333.00
12 MAY 2026,BALAJEE,EQ,SHREE TIRUPATI BALAJEE L ,Listed    ,12 MAY 2026,              10.00,          81570852,             31.90,     2602925887.30   
12 MAY 2026,BALAJIPHOS,SM,BALAJI PHOSPHATES LIMITED,Listed    ,12 MAY 2026,              10.00,          23777100,            100.65,     2393165115.00
12 MAY 2026,BALAJITELE,EQ,BALAJI TELEFILMS LIMITED.,Listed    ,12 MAY 2026,               2.00,         121811841,            113.15,    13780573572.35
12 MAY 2026,BALAMINES,EQ,BALAJI AMINES LIMITED    ,Listed    ,12 MAY 2026,               2.00,          32401000,           1339.50,    43401139500.00 
12 MAY 2026,BALAXI,BE,BALAXI PHARMA LTD        ,Listed    ,12 MAY 2026,               2.00,          55207500,             27.10,     1495019100.00    
12 MAY 2026,BALCO,ST,SOLVE PLASTIC PRODUCTS L ,Listed    ,12 MAY 2026,              10.00,           4368250,             23.75,      103745937.50     
12 MAY 2026,BALKRISHNA,EQ,BALKRISHNA PAPER MILLS L ,Listed    ,12 MAY 2026,              10.00,          32219532,             18.25,      588006459.00
12 MAY 2026,BALKRISIND,EQ,BALKRISHNA IND. LTD      ,Listed    ,12 MAY 2026,               2.00,         193317190,           2110.60,   408015261214.00
12 MAY 2026,BALMLAWRIE,EQ,BALMER LAWRIE & CO LTD   ,Listed    ,12 MAY 2026,              10.00,         171003846,            189.85,    32461660086.20
12 MAY 2026,BALPHARMA,EQ,BAL PHARMA LTD.          ,Listed    ,12 MAY 2026,              10.00,          15920872,             81.25,     1293889267.45 
12 MAY 2026,BALRAMCHIN,EQ,BALRAMPUR CHINI MILLS LTD,Listed    ,12 MAY 2026,               1.00,         201950436,            534.15,   107871825389.40
12 MAY 2026,BALUFORGE,EQ,BALU FORGE INDUSTRIES LTD,Listed    ,12 MAY 2026,              10.00,         114991900,            496.15,    57053231185.00 
12 MAY 2026,BANARBEADS,EQ,BANARAS BEADS LTD        ,Listed    ,12 MAY 2026,              10.00,           6636222,            113.70,      754671165.85
12 MAY 2026,BANARISUG,EQ,BANNARI AMMAN SUGARS LTD ,Listed    ,12 MAY 2026,              10.00,          12539700,           3605.50,    45211888350.00 
12 MAY 2026,BANCOINDIA,EQ,BANCO PRODUCTS (I) LTD   ,Listed    ,12 MAY 2026,               2.00,         143037300,            593.25,    84856878225.00
12 MAY 2026,BANDHANBNK,EQ,BANDHAN BANK LIMITED     ,Listed    ,12 MAY 2026,              10.00,        1610971405,            196.05,   315863163378.35
12 MAY 2026,BANG,EQ,BANG OVERSEAS LTD.       ,Listed    ,12 MAY 2026,              10.00,          13560000,             38.05,      515822400.00      
12 MAY 2026,BANKA,BE,BANKA BIOLOO LIMITED     ,Listed    ,12 MAY 2026,              10.00,          10922432,             84.10,      918685755.50     
12 MAY 2026,BANKBARODA,EQ,BANK OF BARODA           ,Listed    ,12 MAY 2026,               2.00,        5171362179,            259.95,  1344295598431.05
12 MAY 2026,BANKINDIA,EQ,BANK OF INDIA            ,Listed    ,12 MAY 2026,              10.00,        4552667866,            140.15,   638010874741.25 
12 MAY 2026,BANSALWIRE,EQ,BANSAL WIRE INDUSTRIES L ,Listed    ,12 MAY 2026,               5.00,         156555952,            298.55,    46739779469.60
12 MAY 2026,BANSWRAS,EQ,BANSWARA SYNTEX LIMITED  ,Listed    ,12 MAY 2026,               5.00,          34232084,            121.05,     4143451447.35  
12 MAY 2026,BARFLEX,SM,BARFLEX POLYFILMS LIMITED,Listed    ,12 MAY 2026,              10.00,          24749000,             60.00,     1484940000.00   
12 MAY 2026,BASF,EQ,BASF INDIA LTD           ,Listed    ,12 MAY 2026,              10.00,          43285640,           3755.90,   162576535276.00      
12 MAY 2026,BASILIC,SM,BASILIC FLY STUDIO LTD   ,Listed    ,12 MAY 2026,              10.00,          25265000,            225.10,     5687151500.00   
12 MAY 2026,BASML,EQ,BANNARI AM SPIN MILL LTD.,Listed    ,12 MAY 2026,               5.00,          79921375,             23.85,     1907723221.25     
12 MAY 2026,BATAINDIA,EQ,BATA INDIA LTD           ,Listed    ,12 MAY 2026,               5.00,         128527540,            699.65,    89924293361.00 
12 MAY 2026,BATLIBOI,EQ,BATLIBOI LTD.            ,Permitted ,12 MAY 2026,               5.00,          47132510,             81.65,     3848369441.50  
12 MAY 2026,BAWEJA,SM,BAWEJA STUDIOS LIMITED   ,Listed    ,12 MAY 2026,              10.00,          18427001,             28.90,      532540328.90    
12 MAY 2026,BAYERCROP,EQ,BAYER CROPSCIENCE LTD    ,Permitted ,12 MAY 2026,              10.00,          44942092,           4450.70,   200023768864.40 
12 MAY 2026,BBL,EQ,BHARAT BIJLEE LTD        ,Listed    ,12 MAY 2026,               5.00,          11303120,           2575.70,    29113446184.00       
12 MAY 2026,BBOX,EQ,BLACK BOX LIMITED        ,Listed    ,12 MAY 2026,               2.00,         170490722,            829.15,   141362382146.30      
12 MAY 2026,BBTC,EQ,BOMBAY BURMAH TRADING COR,Listed    ,12 MAY 2026,               2.00,          69771900,           1465.60,   102257696640.00      
12 MAY 2026,BBTCL,EQ,B&B TRIPLEWALL CONT LTD  ,Listed    ,12 MAY 2026,              10.00,          20511240,            191.25,     3922979762.40     
12 MAY 2026,BCG,BE,BRIGHTCOM GROUP LIMITED  ,Listed    ,12 MAY 2026,               2.00,        2017921873,              9.20,    18524522794.15       
12 MAY 2026,BCLIND,EQ,BCL INDUSTRIES LIMITED   ,Listed    ,12 MAY 2026,               1.00,         295163340,             34.25,    10106392761.60    
12 MAY 2026,BCONCEPTS,EQ,BRAND CONCEPTS LIMITED   ,Listed    ,12 MAY 2026,              10.00,          12481877,            232.50,     2902161221.25 
12 MAY 2026,BCPL,EQ,BCPL RAILWAY INFRA LTD   ,Listed    ,12 MAY 2026,              10.00,          16723638,             80.55,     1346754568.15      
12 MAY 2026,BDL,EQ,BHARAT DYNAMICS LIMITED  ,Listed    ,12 MAY 2026,               5.00,         366562500,           1334.20,   489067687500.00       
12 MAY 2026,BDR,IT,BDR BUILDCON LIMITED     ,Listed    ,10 MAR 2017,              10.00,           6645000,             87.65,      582434250.00       
12 MAY 2026,BEACON,SM,BEACON TRUSTEESHIP LTD   ,Listed    ,12 MAY 2026,              10.00,          18064913,            104.75,     1892299636.75    
12 MAY 2026,BEARDSELL,EQ,BEARDSELL LIMITED        ,Listed    ,12 MAY 2026,               2.00,          39437000,             25.75,     1016291490.00 
12 MAY 2026,BECTORFOOD,EQ,MRS BECTORS FOOD SPE LTD ,Listed    ,12 MAY 2026,               2.00,         306990595,            187.60,    57597575433.90
12 MAY 2026,BEDMUTHA,BE,BEDMUTHA INDUST LTD      ,Listed    ,12 MAY 2026,              10.00,          32263884,            114.00,     3678082776.00  
12 MAY 2026,BEEKAY,EQ,BEEKAY STEEL INDS. LTD.  ,Permitted ,12 MAY 2026,              10.00,          19072052,            430.50,     8210518386.00    
12 MAY 2026,BEL,EQ,BHARAT ELECTRONICS LTD   ,Listed    ,12 MAY 2026,               1.00,        7309778829,            416.50,  3044522882278.50       
12 MAY 2026,BELLACASA,EQ,BELLA CASA FASH AND RET L,Listed    ,12 MAY 2026,              10.00,          13387500,            251.55,     3367625625.00 
12 MAY 2026,BELRISE,EQ,BELRISE INDUSTRIES LTD   ,Listed    ,12 MAY 2026,               5.00,         889879192,            205.30,   182692198117.60   
12 MAY 2026,BEML,EQ,BEML LIMITED             ,Listed    ,12 MAY 2026,               5.00,          83289000,           1792.90,   149328848100.00      
12 MAY 2026,BENGALASM,EQ,BENGAL & ASSAM CO. LTD.  ,Permitted ,12 MAY 2026,              10.00,          11403899,           6434.50,    73378388115.50 
12 MAY 2026,BEPL,EQ,BHANSALI ENG. POLYMERS LT,Listed    ,12 MAY 2026,               1.00,         248858460,             94.55,    23534544562.20      
12 MAY 2026,BERGEPAINT,EQ,BERGER PAINTS (I) LTD    ,Listed    ,12 MAY 2026,               1.00,        1166002812,            488.10,   569125972537.20
12 MAY 2026,BESTAGRO,EQ,BEST AGROLIFE LIMITED    ,Listed    ,12 MAY 2026,               1.00,         354671100,             17.80,     6309598869.00  
12 MAY 2026,BETA,EQ,BETA DRUGS LIMITED       ,Listed    ,12 MAY 2026,              10.00,          10136890,           1361.60,    13802389424.00      
12 MAY 2026,BEWLTD,SM,BEW ENGINEERING LIMITED  ,Listed    ,12 MAY 2026,              10.00,          13073324,             81.85,     1070051569.40    
12 MAY 2026,BFINVEST,EQ,BF INVESTMENT LIMITED    ,Listed    ,12 MAY 2026,               5.00,          37667628,            412.00,    15519062736.00  
12 MAY 2026,BFUTILITIE,EQ,BF UTILITIES LIMITED     ,Listed    ,12 MAY 2026,               5.00,          37667628,            546.60,    20589125464.80
12 MAY 2026,BGRENERGY,BE,BGR ENERGY SYSTEMS LTD   ,Listed    ,12 MAY 2026,              10.00,          72161560,            259.80,    18747573288.00 
12 MAY 2026,BHADORA,SM,BHADORA INDUSTRIES LTD   ,Listed    ,12 MAY 2026,              10.00,          18600000,             71.90,     1337340000.00   
12 MAY 2026,BHAGCHEM,EQ,BHAGIRADHA CHEM & INDS L ,Listed    ,12 MAY 2026,               1.00,         129669080,            244.30,    31678156244.00  
12 MAY 2026,BHAGERIA,EQ,BHAGERIA INDUSTRIES LTD  ,Listed    ,12 MAY 2026,               5.00,          43644180,            158.65,     6924149157.00  
12 MAY 2026,BHAGYANGR,BE,BHAGYANAGAR INDIA LIMITED,Listed    ,12 MAY 2026,               2.00,          31995000,            320.60,    10257597000.00 
12 MAY 2026,BHANDARI,EQ,BHANDARI HOSIERY EXP LTD ,Listed    ,12 MAY 2026,               1.00,         432089374,              3.65,     1572805321.35  
12 MAY 2026,BHARATCOAL,EQ,BHARAT COKING COAL LTD   ,Listed    ,12 MAY 2026,              10.00,        4657000000,             33.15,   154286410000.00
12 MAY 2026,BHARATFORG,EQ,BHARAT FORGE LTD         ,Listed    ,12 MAY 2026,               2.00,         478088632,           1913.00,   914583553016.00
12 MAY 2026,BHARATGEAR,EQ,BHARAT GEARS LTD.        ,Listed    ,12 MAY 2026,              10.00,          15355058,            110.20,     1691820290.45
12 MAY 2026,BHARATRAS,EQ,BHARAT RASAYAN LTD       ,Listed    ,12 MAY 2026,               5.00,          16621072,           1388.20,    23073372150.40 
12 MAY 2026,BHARATSE,EQ,BHARAT SEATS LIMITED     ,Listed    ,12 MAY 2026,               2.00,          62800000,            188.45,    11835288000.00  
12 MAY 2026,BHARATWIRE,EQ,BHARAT WIRE ROPES LTD.   ,Listed    ,12 MAY 2026,              10.00,          68584648,            232.65,    15957590050.15
12 MAY 2026,BHARTIARTL,EQ,BHARTI AIRTEL LIMITED    ,Listed    ,12 MAY 2026,               5.00,        6093103820,           1756.80, 10704364790976.00
12 MAY 2026,BHARTIHEXA,EQ,BHARTI HEXACOM LIMITED   ,Listed    ,12 MAY 2026,               5.00,         500000000,           1464.80,   732400000000.00
12 MAY 2026,BHEL,EQ,BHEL                     ,Listed    ,12 MAY 2026,               2.00,        3482063355,            391.75,  1364098319321.25      
12 MAY 2026,BI,EQ,BILCARE LTD.             ,Permitted ,12 MAY 2026,              10.00,          23545231,             65.40,     1540329012.00        
12 MAY 2026,BIGBLOC,EQ,BIGBLOC CONSTRUCTION LTD ,Listed    ,12 MAY 2026,               2.00,         141575750,             56.65,     8018850480.00   
12 MAY 2026,BIKAJI,EQ,BIKAJI FOODS INTERN LTD  ,Listed    ,12 MAY 2026,               1.00,         250736400,            658.20,   165034698480.00    
12 MAY 2026,BIKEWO,SM,BIKEWO GREEN TECH LIMITED,Listed    ,12 MAY 2026,              10.00,          13043250,             25.30,      329994225.00    
12 MAY 2026,BIL,EQ,BHARTIYA INTERNATIONAL   ,Listed    ,12 MAY 2026,              10.00,          13410411,            714.25,     9578386056.75       
12 MAY 2026,BIMETAL,EQ,BIMETAL BEARINGS LTD.    ,Permitted ,12 MAY 2026,              10.00,           3825000,            575.30,     2200522500.00   
12 MAY 2026,BIOCON,EQ,BIOCON LIMITED.          ,Listed    ,12 MAY 2026,               5.00,        1620907773,            402.45,   652334333243.85    
12 MAY 2026,BIOFILCHEM,EQ,BIOFIL CHEM & PHARMA LTD ,Listed    ,12 MAY 2026,              10.00,          16273800,             32.95,      536058972.00
12 MAY 2026,BIOPOL,SM,BIOPOL CHEMICALS LIMITED ,Listed    ,12 MAY 2026,              10.00,          10805400,            115.10,     1243701540.00    
12 MAY 2026,BIRDYS,ST,GRILL SPLENDOUR SER LTD  ,Listed    ,08 MAY 2026,              10.00,           6308200,            125.00,      788525000.00    
12 MAY 2026,BIRET,RR,BROOKFIELD INDIA RET     ,Listed    ,12 MAY 2026,             275.00,         829880869,            325.50,   270109625242.10     
12 MAY 2026,BIRLACABLE,BE,BIRLA CABLE LIMITED      ,Listed    ,12 MAY 2026,              10.00,          30000000,            182.95,     5488200000.00
12 MAY 2026,BIRLACORPN,EQ,BIRLA CORPORATION LTD    ,Listed    ,12 MAY 2026,              10.00,          77005347,           1053.55,    81128983331.85
12 MAY 2026,BIRLAMONEY,EQ,ADITYA BIRLA MONEY LTD   ,Listed    ,12 MAY 2026,               1.00,          56509201,            138.30,     7814657406.30
12 MAY 2026,BIRLANU,EQ,BIRLANU LIMITED          ,Listed    ,12 MAY 2026,              10.00,           7540899,           1559.10,    11757015630.90   
12 MAY 2026,BIRLAPREC,EQ,BIRLA PRECISION TECH L   ,Permitted ,12 MAY 2026,               2.00,          68387637,             38.40,     2624717508.05 
12 MAY 2026,BLACKBUCK,EQ,BLACKBUCK LIMITED        ,Listed    ,12 MAY 2026,               1.00,         181672349,            534.25,    97058452453.25 
12 MAY 2026,BLACKROSE,EQ,BLACK ROSE INDS. LTD.    ,Permitted ,12 MAY 2026,               1.00,          51000000,             87.05,     4439550000.00 
12 MAY 2026,BLAL,EQ,BEML LAND ASSETS LIMITED ,Listed    ,12 MAY 2026,              10.00,          41644500,            191.40,     7970757300.00      
12 MAY 2026,BLBLIMITED,BE,BLB LIMITED              ,Listed    ,12 MAY 2026,               1.00,          52865258,             16.70,      883907113.75
12 MAY 2026,BLIL,EQ,BALMER LAWRIE INVSTS. L  ,Permitted ,12 MAY 2026,               1.00,         221972690,             74.65,    16572481035.40      
12 MAY 2026,BLISSGVS,EQ,BLISS GVS PHARMA LTD     ,Listed    ,12 MAY 2026,               1.00,         105788972,            273.80,    28965020533.60  
12 MAY 2026,BLKASHYAP,EQ,B.L.KASHYAP & SON LTD    ,Listed    ,12 MAY 2026,               1.00,         225440000,             55.25,    12455560000.00 
12 MAY 2026,BLS,EQ,BLS INTL SERVS LTD       ,Listed    ,12 MAY 2026,               1.00,         411740908,            270.80,   111499437886.40       
12 MAY 2026,BLSE,EQ,BLS E-SERVICES LIMITED   ,Listed    ,12 MAY 2026,              10.00,          90856485,            190.25,    17283629141.55      
12 MAY 2026,BLUECHIP,EQ,BLUE CHIP INDIA LIMITED  ,Listed    ,12 MAY 2026,               2.00,          55304340,              1.85,      102866072.40  
12 MAY 2026,BLUECOAST,BE,BLUE COAST HOTELS LIMITED,Listed    ,12 MAY 2026,              10.00,          17192457,             32.00,      549814774.85 
12 MAY 2026,BLUEDART,EQ,BLUE DART EXPRESS LTD    ,Listed    ,12 MAY 2026,              10.00,          23727934,           5167.50,   122614098945.00  
12 MAY 2026,BLUEJET,EQ,BLUE JET HEALTHCARE LTD  ,Listed    ,12 MAY 2026,               2.00,         173465425,            444.80,    77157421040.00   
12 MAY 2026,BLUEPEBBLE,ST,BLUE PEBBLE LIMITED      ,Listed    ,12 MAY 2026,              10.00,           4080000,            108.80,      443904000.00
12 MAY 2026,BLUESTARCO,EQ,BLUE STAR LIMITED        ,Listed    ,12 MAY 2026,               2.00,         205614788,           1630.60,   335275473312.80
12 MAY 2026,BLUESTONE,EQ,BLUESTONE JEWEL LFSTL LTD,Listed    ,12 MAY 2026,               1.00,         151804792,            474.20,    71985832366.40 
12 MAY 2026,BLUEWATER,ST,BLUE WATER LOGISTICS LTD ,Listed    ,12 MAY 2026,              10.00,          11000000,            269.00,     2959000000.00 
12 MAY 2026,BLUSPRING,EQ,BLUSPRING ENTERPRISES LTD,Listed    ,12 MAY 2026,              10.00,         149132458,             68.80,    10258821785.80 
12 MAY 2026,BMETRICS,SM,BOMBAY METRICS S C LTD   ,Listed    ,12 MAY 2026,              10.00,          12313920,             41.50,      511027680.00  
12 MAY 2026,BMWVENTLTD,EQ,BMW VENTURES LIMITED     ,Listed    ,12 MAY 2026,              10.00,          86715000,             62.40,     5411016000.00
12 MAY 2026,BNAGROCHEM,EQ,BN AGROCHEM LTD.         ,Permitted ,12 MAY 2026,              10.00,          97772941,            288.35,    28193805266.75
12 MAY 2026,BNALTD,EQ,B & A LTD.               ,Permitted ,12 MAY 2026,              10.00,           3100000,            365.00,     1131500000.00    
12 MAY 2026,BODALCHEM,EQ,BODAL CHEMICALS LTD      ,Listed    ,12 MAY 2026,               2.00,         125944065,             69.35,     8736739789.05 
12 MAY 2026,BOHRAIND,BE,BOHRA INDUSTRIES LIMITED ,Listed    ,12 MAY 2026,              10.00,          21172152,             20.00,      423443040.00  
12 MAY 2026,BOMDYEING,EQ,BOMBAY DYEING & MFG. CO L,Listed    ,12 MAY 2026,               2.00,         206534900,            120.55,    24897782195.00 
12 MAY 2026,BONLON,EQ,BONLON INDUSTRIES LIMITED,Listed    ,12 MAY 2026,              10.00,          14183358,             52.60,      745902797.20    
12 MAY 2026,BORANA,EQ,BORANA WEAVES LIMITED    ,Listed    ,12 MAY 2026,              10.00,          26645295,            332.10,     8848902469.50    
12 MAY 2026,BOROLTD,EQ,BOROSIL LIMITED          ,Listed    ,12 MAY 2026,               1.00,         119582129,            236.70,    28302698291.70   
12 MAY 2026,BORORENEW,EQ,BOROSIL RENEWABLES LTD   ,Listed    ,12 MAY 2026,               1.00,         140188845,            548.10,    76837505944.50 
12 MAY 2026,BOROSCI,EQ,BOROSIL SCIENTIFIC LTD   ,Listed    ,12 MAY 2026,               1.00,          88947050,            113.80,    10123063760.50   
12 MAY 2026,BOSCH-HCIL,EQ,BOSCH HOME COMFRT IND LTD,Listed    ,12 MAY 2026,              10.00,          27190884,           1436.30,    39054266689.20
12 MAY 2026,BOSCHLTD,EQ,BOSCH LIMITED            ,Listed    ,12 MAY 2026,              10.00,          29493640,          36510.00,  1076812796400.00  
12 MAY 2026,BOSS,SM,BOSS PACKAGING SOLU LTD  ,Listed    ,12 MAY 2026,              10.00,           4446260,             38.00,      168957880.00      
12 MAY 2026,BPCL,EQ,BHARAT PETROLEUM CORP  LT,Listed    ,12 MAY 2026,              10.00,        4338505488,            287.85,  1248838804720.80      
12 MAY 2026,BPL,EQ,BPL LTD                  ,Listed    ,12 MAY 2026,              10.00,          48975751,             55.15,     2700522910.15       
12 MAY 2026,BRACEPORT,SM,BRACE PORT LOGISTICS LTD ,Listed    ,07 MAY 2026,              10.00,          11301200,             54.50,      615915400.00 
12 MAY 2026,BRANDMAN,ST,BRANDMAN RETAIL LIMITED  ,Listed    ,12 MAY 2026,              10.00,          18457186,            186.35,     3439496611.10  
12 MAY 2026,BRIGADE,EQ,BRIGADE ENTER. LTD       ,Listed    ,12 MAY 2026,              10.00,         244593464,            718.80,   175813781923.20   
12 MAY 2026,BRIGHOTEL,EQ,BRIGADE HOTEL VENTURE LTD,Listed    ,12 MAY 2026,              10.00,         379842565,             61.20,    23246364978.00 
12 MAY 2026,BRITANNIA,EQ,BRITANNIA INDUSTRIES LTD ,Listed    ,12 MAY 2026,               1.00,         240868296,           5334.00,  1284791490864.00 
12 MAY 2026,BRNL,EQ,BHARAT ROAD NETWORK LTD  ,Listed    ,12 MAY 2026,              10.00,          83950000,             20.60,     1727691000.00      
12 MAY 2026,BROOKS,BE,BROOKS LAB LIMITED       ,Listed    ,12 MAY 2026,              10.00,          29457248,             49.80,     1467265522.90    
12 MAY 2026,BSE,EQ,BSE LIMITED              ,Listed    ,12 MAY 2026,               2.00,         407884077,           3851.90,  1571128676196.30       
12 MAY 2026,BSHSL,EQ,BOMBAY SUPER HYBRID SEEDS,Listed    ,12 MAY 2026,               1.00,         104937280,             92.20,     9675217216.00     
12 MAY 2026,BSL,EQ,BSL LTD                  ,Listed    ,12 MAY 2026,              10.00,          10292168,            125.20,     1288373590.25       
12 MAY 2026,BSOFT,EQ,BIRLASOFT LIMITED        ,Listed    ,12 MAY 2026,               2.00,         279506288,            331.60,    92684285100.80     
12 MAY 2026,BTML,EQ,BODHI TREE MULTIMEDIA LTD,Listed    ,12 MAY 2026,               1.00,         180497777,              6.30,     1137135995.10      
12 MAY 2026,BTTL,EQ,BHILWARA TECHNICAL TEXT L,Permitted ,12 MAY 2026,               1.00,          58373305,             33.60,     1960759314.95      
12 MAY 2026,BUILDPRO,EQ,SHANKARA BUILDPRO LIMITED,Listed    ,12 MAY 2026,              10.00,          24249326,           1099.90,    26671833667.40  
12 MAY 2026,BULKCORP,SM,BULKCORP INTERNATIONAL L ,Listed    ,12 MAY 2026,              10.00,           7514064,             44.95,      337757176.80  
12 MAY 2026,BUTTERFLY,EQ,BTRFLY GANDHI APPL LTD   ,Listed    ,12 MAY 2026,              10.00,          17879551,            708.60,    12669449838.60 
12 MAY 2026,BVCL,EQ,BARAK VALLEY CEM. LTD.   ,Listed    ,12 MAY 2026,              10.00,          22160000,             42.55,      942686400.00      
12 MAY 2026,BYKE,BE,THE BYKE HOSPITALITY LTD ,Listed    ,12 MAY 2026,              10.00,          52279300,             35.15,     1838140188.00      
12 MAY 2026,C2C,SM,C2C ADVANCED SYSTEMS LTD ,Listed    ,12 MAY 2026,              10.00,          16968433,            433.70,     7359209392.10       
12 MAY 2026,CADSYS,ST,CADSYS (INDIA) LIMITED   ,Listed    ,12 MAY 2026,              10.00,          10002500,             72.00,      720180000.00    
12 MAY 2026,CALSOFT,BE,CALIFORNIA SOFTWARE CO LT,Listed    ,12 MAY 2026,              10.00,          23612932,             26.50,      625978827.30   
12 MAY 2026,CAMLINFINE,EQ,CAMLIN FINE SCIENCES LTD ,Listed    ,12 MAY 2026,               1.00,         192091613,            119.45,    22943422256.70
12 MAY 2026,CAMPUS,EQ,CAMPUS ACTIVEWEAR LIMITED,Listed    ,12 MAY 2026,               5.00,         305593205,            243.60,    74445560670.05    
12 MAY 2026,CAMS,EQ,COMPUTER AGE MNGT SER LTD,Listed    ,12 MAY 2026,               2.00,         247888291,            784.65,   194505547533.15      
12 MAY 2026,CANARYS,SM,CANARYS AUTOMATIONS LTD  ,Listed    ,12 MAY 2026,               2.00,          58744893,             20.70,     1216019285.10   
12 MAY 2026,CANBK,EQ,CANARA BANK              ,Listed    ,12 MAY 2026,               2.00,        9070651260,            130.00,  1179275370312.60     
12 MAY 2026,CANFINHOME,EQ,CAN FIN HOMES LTD        ,Listed    ,12 MAY 2026,               2.00,         133154125,            831.85,   110764258881.25
12 MAY 2026,CANHLIFE,EQ,CANARA HSBC LIFE INS CO L,Listed    ,12 MAY 2026,              10.00,         950000000,            136.30,   129494500000.00  
12 MAY 2026,CANTABIL,EQ,CANTABIL RETAIL LTD      ,Listed    ,12 MAY 2026,               2.00,          83638040,            218.75,    18297494010.80  
12 MAY 2026,CAPACITE,EQ,CAPACITE INFRAPROJECT LTD,Listed    ,12 MAY 2026,              10.00,          84604043,            236.65,    20021546775.95  
12 MAY 2026,CAPILLARY,EQ,CAPILLARY TECHNO INDIA L ,Listed    ,12 MAY 2026,               2.00,          79407303,            533.30,    42347914689.90 
12 MAY 2026,CAPINVIT,IV,CAPITAL INFRA TRUST      ,Listed    ,12 MAY 2026,              99.00,         491551733,             69.95,    34384043723.35  
12 MAY 2026,CAPITALSFB,EQ,CAPITAL SMALL FIN BANK L ,Listed    ,12 MAY 2026,              10.00,          45418771,            276.75,    12569644874.25
12 MAY 2026,CAPLIPOINT,EQ,CAPLIN POINT LAB LTD.    ,Listed    ,12 MAY 2026,               2.00,          76011696,           1815.00,   137961228240.00
12 MAY 2026,CAPTRUST,BE,CAPITAL TRUST LIMITED    ,Listed    ,12 MAY 2026,              10.00,          34019404,             13.25,      450076714.90  
12 MAY 2026,CARBORUNIV,EQ,CARBORUNDUM UNIVERSAL LTD,Listed    ,12 MAY 2026,               1.00,         190464566,           1008.65,   192112084495.90
12 MAY 2026,CARERATING,EQ,CARE RATINGS LIMITED     ,Listed    ,12 MAY 2026,              10.00,          30047013,           1581.00,    47504327553.00
12 MAY 2026,CARRARO,EQ,CARRARO INDIA LIMITED    ,Listed    ,12 MAY 2026,              10.00,          56851538,            580.45,    32999475232.10   
12 MAY 2026,CARTRADE,EQ,CARTRADE TECH LIMITED    ,Listed    ,12 MAY 2026,              10.00,          47842935,           1892.20,    90528401607.00  
12 MAY 2026,CARYSIL,EQ,CARYSIL LIMITED          ,Listed    ,12 MAY 2026,               2.00,          28442606,            891.25,    25349472597.50   
12 MAY 2026,CASTROLIND,EQ,CASTROL INDIA LIMITED    ,Listed    ,12 MAY 2026,               5.00,         989122384,            181.30,   179327888219.20
12 MAY 2026,CBAZAAR,SM,NET AVENUE TECHNOLOGIES L,Listed    ,12 MAY 2026,               1.00,          21454078,              4.55,       97616054.90   
12 MAY 2026,CCAVENUE,EQ,AVENUESAI LIMITED        ,Listed    ,12 MAY 2026,               1.00,        3486379263,             14.05,    48983628645.15  
12 MAY 2026,CCCL,EQ,CONS. CONST. CONSORT LTD ,Listed    ,12 MAY 2026,               2.00,         446759451,             15.55,     6938174274.05      
12 MAY 2026,CCHHL,EQ,COUNTRY CLUB HOSP HOL LTD,Listed    ,12 MAY 2026,               2.00,         163464735,             13.60,     2226389690.70     
12 MAY 2026,CCL,EQ,CCL PRODUCTS (I) LTD     ,Listed    ,12 MAY 2026,               2.00,         133527920,           1094.60,   146159661232.00       
12 MAY 2026,CDSL,EQ,CENTRAL DEPO SER (I) LTD ,Listed    ,12 MAY 2026,              10.00,         209000000,           1182.40,   247121600000.00      
12 MAY 2026,CEATLTD,EQ,CEAT LIMITED             ,Listed    ,12 MAY 2026,              10.00,          40450092,           3142.80,   127126549137.60   
12 MAY 2026,CEDAAR,SM,CEDAAR TEXTILE LIMITED   ,Listed    ,12 MAY 2026,              10.00,          13878600,             30.25,      419827650.00    
12 MAY 2026,CEIGALL,EQ,CEIGALL INDIA LIMITED    ,Listed    ,12 MAY 2026,               5.00,         174204861,            350.80,    61111065238.80   
12 MAY 2026,CEINSYS,EQ,CEINSYS TECH LIMITED     ,Listed    ,12 MAY 2026,              10.00,          17841146,           1036.10,    18485211370.60   
12 MAY 2026,CELEBRITY,EQ,CELEBRITY FASHIONS LTD   ,Listed    ,12 MAY 2026,              10.00,          59678413,              7.60,      454749507.05 
12 MAY 2026,CELLECOR,ST,CELLECOR GADGETS LIMITED ,Listed    ,12 MAY 2026,               1.00,         220677800,             40.45,     8926417010.00  
12 MAY 2026,CELLO,EQ,CELLO WORLD LIMITED      ,Listed    ,12 MAY 2026,               5.00,         220885034,            401.65,    88718473906.10     
12 MAY 2026,CELLPOINT,SM,CELL POINT (INDIA) LTD   ,Listed    ,12 MAY 2026,              10.00,          18685600,             16.00,      298969600.00 
12 MAY 2026,CEMPRO,EQ,CEMINDIA PROJECTS LIMITED,Listed    ,12 MAY 2026,               1.00,         171787584,            892.95,   153397723132.80    
12 MAY 2026,CENTENKA,EQ,CENTURY ENKA LTD         ,Listed    ,12 MAY 2026,              10.00,          21850589,            433.05,     9462397566.45  
12 MAY 2026,CENTEXT,EQ,CENTURY EXTRUSIONS LTD   ,Listed    ,12 MAY 2026,               1.00,          80000000,             20.60,     1648800000.00   
12 MAY 2026,CENTRALBK,EQ,CENTRAL BANK OF INDIA    ,Listed    ,12 MAY 2026,              10.00,        9051401274,             34.55,   312544885991.20 
12 MAY 2026,CENTRUM,EQ,CENTRUM CAPITAL LIMITED  ,Listed    ,12 MAY 2026,               1.00,         459579194,             23.80,    10928793233.30   
12 MAY 2026,CENTUM,EQ,CENTUM ELECTRONICS LTD   ,Listed    ,12 MAY 2026,              10.00,          14740983,           2936.00,    43279526088.00    
12 MAY 2026,CENTURYPLY,EQ,CENTURY PLYBOARDS (I) LTD,Listed    ,12 MAY 2026,               1.00,         222172990,            771.10,   171317592589.00
12 MAY 2026,CERA,EQ,CERA SANITARYWARE LTD    ,Listed    ,12 MAY 2026,               5.00,          12897541,           5926.50,    76437276736.50      
12 MAY 2026,CEREBRAINT,BZ,CEREBRA INT TECH LTD     ,Listed    ,12 MAY 2026,              10.00,         111986482,              4.25,      474822683.70
12 MAY 2026,CESC,EQ,CESC LTD                 ,Listed    ,12 MAY 2026,               1.00,        1325570430,            180.50,   239265462615.00      
12 MAY 2026,CEWATER,EQ,CONCORD ENVIRO SYSTEMS L ,Listed    ,12 MAY 2026,               5.00,          20696233,            282.90,     5854964315.70   
12 MAY 2026,CGCL,EQ,CAPRI GLOBAL CAPITAL LTD ,Listed    ,12 MAY 2026,               1.00,         962153962,            186.75,   179682252403.50      
12 MAY 2026,CGPOWER,EQ,CG POWER AND IND SOL LTD ,Listed    ,12 MAY 2026,               2.00,        1574917609,            833.70,  1313008810623.30   
12 MAY 2026,CGRAPHICS,SM,CREATIVE GRAPHICS S IND L,Listed    ,12 MAY 2026,              10.00,          24286000,            156.55,     3801973300.00 
12 MAY 2026,CHALET,EQ,CHALET HOTELS LIMITED    ,Listed    ,12 MAY 2026,              10.00,         218984127,            759.15,   166241800012.05    
12 MAY 2026,CHAMBLFERT,EQ,CHAMBAL FERTILIZERS LTD  ,Listed    ,12 MAY 2026,              10.00,         400652297,            433.90,   173843031668.30
12 MAY 2026,CHAMUNDA,SM,CHAMUNDA ELECTRICAL LTD  ,Listed    ,12 MAY 2026,              10.00,          11004594,             45.10,      496307189.40  
12 MAY 2026,CHANDAN,SM,CHANDAN HEALTHCARE LTD   ,Listed    ,12 MAY 2026,              10.00,          24452064,            246.95,     6038437204.80   
12 MAY 2026,CHAVDA,SM,CHAVDA INFRA LIMITED     ,Listed    ,12 MAY 2026,              10.00,          32656000,             99.70,     3255803200.00    
12 MAY 2026,CHEMBOND,BE,CHEMBOND MATERIALTECH LTD,Listed    ,12 MAY 2026,               5.00,          13448288,            178.70,     2403209065.60  
12 MAY 2026,CHEMBONDCH,BE,CHEMBOND CHEMICAL LIMITED,Listed    ,12 MAY 2026,               5.00,          26896576,            177.05,     4762576712.30
12 MAY 2026,CHEMCON,EQ,CHEMCON SPECIAL CHEM LTD ,Listed    ,12 MAY 2026,              10.00,          36630701,            165.55,     6064212550.55   
12 MAY 2026,CHEMFAB,EQ,CHEMFAB ALKALIS LIMITED  ,Listed    ,12 MAY 2026,              10.00,          14373702,            430.40,     6186441340.80   
12 MAY 2026,CHEMPLASTS,EQ,CHEMPLAST SANMAR LIMITED ,Listed    ,12 MAY 2026,               5.00,         158109574,            235.05,    37160493177.20
12 MAY 2026,CHENNPETRO,EQ,CHENNAI PETROLEUM CORP LT,Listed    ,12 MAY 2026,              10.00,         148911400,           1009.70,   150355840580.00
12 MAY 2026,CHETANA,SM,CHETANA EDUCATION LIMITED,Listed    ,12 MAY 2026,              10.00,          20400000,             52.70,     1075080000.00   
12 MAY 2026,CHEVIOT,EQ,CHEVIOT COMPANY LIMITED  ,Listed    ,12 MAY 2026,              10.00,           5841875,           1214.20,     7093204625.00   
12 MAY 2026,CHOICEIN,EQ,CHOICE INTERNATIONAL LTD ,Listed    ,12 MAY 2026,              10.00,         222776500,            661.15,   147288682975.00  
12 MAY 2026,CHOLAFIN,EQ,CHOLAMANDALAM IN & FIN CO,Listed    ,12 MAY 2026,               2.00,         851849628,           1561.00,  1329737269308.00  
12 MAY 2026,CHOLAHLDNG,EQ,CHOLAMANDALAM FIN HOL LTD,Listed    ,12 MAY 2026,               1.00,         187777462,           1715.60,   322151013807.20
12 MAY 2026,CIEINDIA,EQ,CIE AUTOMOTIVE INDIA LTD ,Listed    ,12 MAY 2026,              10.00,         379362377,            462.70,   175530971837.90  
12 MAY 2026,CIFL,EQ,CAPITAL INDIA FINANCE LTD,Listed    ,12 MAY 2026,               2.00,         391056300,             28.50,    11145104550.00      
12 MAY 2026,CIGNITITEC,EQ,CIGNITI TECHNOLOGIES LTD ,Listed    ,12 MAY 2026,              10.00,          27546959,           1313.90,    36193949430.10
12 MAY 2026,CINELINE,EQ,CINELINE INDIA LIMITED   ,Listed    ,12 MAY 2026,               5.00,          34266434,             84.85,     2907506924.90  
12 MAY 2026,CINEVISTA,EQ,CINEVISTA LIMITED        ,Listed    ,12 MAY 2026,               2.00,          57436475,             15.00,      861547125.00 
12 MAY 2026,CIPLA,EQ,CIPLA LTD                ,Listed    ,12 MAY 2026,               2.00,         807780677,           1292.30,  1043894968887.10     
12 MAY 2026,CITIUSINVT,IV,CITIUS TRANSNET INV TRUST,Listed    ,12 MAY 2026,             100.00,         610000000,            104.15,    63543700000.00
12 MAY 2026,CKKRETAIL,ST,C K K RETAIL MART LIMITED,Listed    ,12 MAY 2026,              10.00,          19368000,            116.25,     2251530000.00 
12 MAY 2026,CLASSICEIL,ST,CLASSIC ELECTRODE (IND) L,Listed    ,12 MAY 2026,              10.00,          17964950,             55.40,      995258230.00
12 MAY 2026,CLEAN,EQ,CLEAN SCIENCE & TECH LTD ,Listed    ,12 MAY 2026,               1.00,         106276499,            808.90,    85967060041.10     
12 MAY 2026,CLEANMAX,EQ,CLEAN MAX ENVIRO EN SOL L,Listed    ,12 MAY 2026,               1.00,         117079174,           1221.60,   143023918958.40  
12 MAY 2026,CLEDUCATE,BE,CL EDUCATE LIMITED       ,Listed    ,12 MAY 2026,               5.00,          54223958,             42.05,     2280117433.90 
12 MAY 2026,CLSEL,EQ,CHAMAN LAL SETIA EXP LTD ,Listed    ,12 MAY 2026,               2.00,          49725620,            271.35,    13493046987.00     
12 MAY 2026,CLSL,SM,CROP LIFE SCIENCE LIMITED,Listed    ,12 MAY 2026,              10.00,          17140000,             43.90,      752446000.00      
12 MAY 2026,CMNL,SM,CHAMAN METALLICS LIMITED ,Listed    ,12 MAY 2026,              10.00,          24134764,            121.50,     2932373826.00      
12 MAY 2026,CMPDI,EQ,CENTRAL MINE P N D INST L,Listed    ,12 MAY 2026,               2.00,         714000000,            233.35,   166597620000.00     
12 MAY 2026,CMRSL,SM,CYBER MEDIA RES & SER LTD,Listed    ,08 MAY 2026,              10.00,           2928000,             81.05,      237314400.00     
12 MAY 2026,CMSINFO,EQ,CMS INFO SYSTEMS LIMITED ,Listed    ,12 MAY 2026,              10.00,         164637541,            298.85,    49201929127.85   
12 MAY 2026,CNL,EQ,CREATIVE NEWTECH LIMITED ,Listed    ,12 MAY 2026,              10.00,          15016675,            653.65,     9815649613.75       
12 MAY 2026,COALINDIA,EQ,COAL INDIA LTD           ,Listed    ,12 MAY 2026,              10.00,        6162728327,            463.05,  2853651351817.35 
12 MAY 2026,COASTCORP,EQ,COASTAL CORPORATION LTD  ,Listed    ,12 MAY 2026,               2.00,          66977230,             58.20,     3898074786.00 
12 MAY 2026,COCHINSHIP,EQ,COCHIN SHIPYARD LIMITED  ,Listed    ,12 MAY 2026,               5.00,         263080780,           1616.10,   425164848558.00
12 MAY 2026,COCKERILL,EQ,JOHN COCKERILL INDIA LTD.,Permitted ,12 MAY 2026,              10.00,           4937813,           5152.50,    25442081482.50 
12 MAY 2026,COFFEEDAY,EQ,COFFEE DAY ENTERPRISE LTD,Listed    ,12 MAY 2026,              10.00,         211251719,             24.75,     5230592562.45 
12 MAY 2026,COFORGE,EQ,COFORGE LIMITED          ,Listed    ,12 MAY 2026,               2.00,         335800217,           1320.40,   443390606526.80   
12 MAY 2026,COHANCE,EQ,COHANCE LIFESCIENCES LTD ,Listed    ,12 MAY 2026,               1.00,         382567140,            484.65,   185411164401.00   
12 MAY 2026,COLPAL,EQ,COLGATE PALMOLIVE LTD.   ,Listed    ,12 MAY 2026,               1.00,         271985634,           2125.20,   578023869376.80    
12 MAY 2026,COMFINTE,EQ,COMFORT INTECH LTD.      ,Permitted ,12 MAY 2026,               1.00,         319938080,              7.90,     2527510832.00  
12 MAY 2026,COMMITTED,ST,COMMITTED CARGO CARE LTD ,Listed    ,12 MAY 2026,              10.00,          11574600,            272.00,     3148291200.00 
12 MAY 2026,COMPINFO,BZ,COMPUAGE INFOCOM LTD     ,Listed    ,12 MAY 2026,               2.00,          85768064,              1.35,      115786886.40  
12 MAY 2026,COMPUSOFT,EQ,COMPUCOM SOFTWARE LTD    ,Listed    ,12 MAY 2026,               2.00,          79125188,             13.55,     1073728801.15 
12 MAY 2026,COMSYN,EQ,COMMERCIAL SYN BAGS LTD  ,Listed    ,12 MAY 2026,              10.00,          39952200,            153.00,     6113086122.00    
12 MAY 2026,CONCOR,EQ,CONTAINER CORP OF IND LTD,Listed    ,12 MAY 2026,               5.00,         761617935,            516.00,   392994854460.00    
12 MAY 2026,CONCORDBIO,EQ,CONCORD BIOTECH LIMITED  ,Listed    ,12 MAY 2026,               1.00,         104616204,           1127.20,   117923385148.80
12 MAY 2026,CONFIPET,EQ,CONFIDENCE PETRO IND LTD.,Listed    ,12 MAY 2026,               1.00,         332241043,             56.85,    18891225705.00  
12 MAY 2026,CONNPLEX,SM,CONNPLEX CINEMAS LIMITED ,Listed    ,12 MAY 2026,              10.00,          19100000,            271.85,     5192335000.00  
12 MAY 2026,CONSOFINVT,BE,CONSO. FIN. & HOLD. LTD. ,Listed    ,12 MAY 2026,              10.00,          32326366,            224.00,     7241105984.00
12 MAY 2026,CONTI,SM,CONTINENTAL SEED CHEM LTD,Listed    ,07 MAY 2026,              10.00,          13942414,             13.30,      185434106.20     
12 MAY 2026,CONTROLPR,EQ,CONTROL PRINT LIMITED    ,Listed    ,12 MAY 2026,              10.00,          15994212,            636.45,    10179516227.40 
12 MAY 2026,COOLCAPS,SM,COOL CAPS INDUSTRIES LTD ,Listed    ,12 MAY 2026,               2.00,         115600000,             24.25,     2803300000.00  
12 MAY 2026,CORALFINAC,EQ,CORAL INDIA FIN & HOUS LT,Listed    ,12 MAY 2026,               2.00,          40302225,             33.15,     1336421781.00
12 MAY 2026,CORDSCABLE,EQ,CORDS CABLE INDUS LTD.   ,Listed    ,12 MAY 2026,              10.00,          12927780,            205.95,     2662734846.60
12 MAY 2026,COROMANDEL,EQ,COROMANDEL INTERNTL. LTD ,Listed    ,12 MAY 2026,               1.00,         295014639,           1872.70,   552473914455.30
12 MAY 2026,CORONA,EQ,CORONA REMEDIES LIMITED  ,Listed    ,12 MAY 2026,              10.00,          61160088,           1631.20,    99764335545.60    
12 MAY 2026,COSMOFIRST,EQ,COSMO FIRST LIMITED      ,Listed    ,12 MAY 2026,              10.00,          26249727,            762.85,    20024604241.95
12 MAY 2026,COUNCODOS,EQ,COUNTRY CONDO S LIMITED  ,Listed    ,12 MAY 2026,               1.00,          77597300,              5.10,      395746230.00 
12 MAY 2026,CPCAP,BE,CP CAPITAL LIMITED       ,Listed    ,12 MAY 2026,              10.00,          18192939,             95.40,     1735424451.20     
12 MAY 2026,CPEDU,EQ,CAREER POINT EDUTECH LTD ,Listed    ,12 MAY 2026,              10.00,          18192939,            190.25,     3461206644.75     
12 MAY 2026,CPPLUS,EQ,ADITYA INFOTECH LIMITED  ,Listed    ,12 MAY 2026,               1.00,         117798084,           2509.80,   295649631223.20    
12 MAY 2026,CPS,SM,C P S SHAPERS LIMITED    ,Listed    ,11 MAY 2026,              10.00,           2278020,            955.00,     2175509100.00       
12 MAY 2026,CRAFTSMAN,EQ,CRAFTSMAN AUTOMATION LTD ,Listed    ,12 MAY 2026,               5.00,          23855583,           8688.00,   207257305104.00 
12 MAY 2026,CRAMC,EQ,CANARA ROBECO AMC LIMITED,Listed    ,12 MAY 2026,              10.00,         199417428,            244.20,    48697735917.60     
12 MAY 2026,CRAYONS,SM,CRAYONS ADVERTISING LTD  ,Listed    ,12 MAY 2026,              10.00,          24430000,             33.00,      806190000.00   
12 MAY 2026,CREATIVEYE,EQ,CREATIVE EYE LIMITED     ,Listed    ,12 MAY 2026,               5.00,          20058250,              6.80,      136396100.00
12 MAY 2026,CREDITACC,EQ,CREDITACCESS GRAMEEN LTD ,Listed    ,12 MAY 2026,              10.00,         160146736,           1390.80,   222732080428.80 
12 MAY 2026,CREST,EQ,CREST VENTURES LIMITED   ,Listed    ,12 MAY 2026,              10.00,          28449775,            364.40,    10367098010.00     
12 MAY 2026,CRISIL,EQ,CRISIL LTD               ,Listed    ,12 MAY 2026,               1.00,          73130017,           4031.00,   294787098527.00    
12 MAY 2026,CRIZAC,EQ,CRIZAC LIMITED           ,Listed    ,12 MAY 2026,               2.00,         174982500,            205.95,    36041145525.00    
12 MAY 2026,CROMPTON,EQ,CROMPT GREA CON ELEC LTD ,Listed    ,12 MAY 2026,               2.00,         643914875,            282.05,   181616190493.75  
12 MAY 2026,CROWN,EQ,CROWN LIFTERS LIMITED    ,Listed    ,12 MAY 2026,              10.00,          11590000,            131.90,     1528836900.00     
12 MAY 2026,CSBBANK,EQ,CSB BANK LIMITED         ,Listed    ,12 MAY 2026,              10.00,         173485827,            344.15,    59705147362.05   
12 MAY 2026,CSLFINANCE,EQ,CSL FINANCE LIMITED      ,Listed    ,12 MAY 2026,              10.00,          22782621,            226.80,     5167098442.80
12 MAY 2026,CSSL,SM,CLEAR SECURED SERVICES L ,Listed    ,12 MAY 2026,              10.00,          24047112,             95.50,     2296499196.00      
12 MAY 2026,CTE,BE,CAMBRIDGE TECH ENTER LTD ,Listed    ,12 MAY 2026,              10.00,          19631015,             31.75,      623677346.55       
12 MAY 2026,CUB,EQ,CITY UNION BANK LTD      ,Listed    ,12 MAY 2026,               1.00,         743047262,            244.45,   181637903195.90       
12 MAY 2026,CUBEINVIT,IV,CUBE HIGHWAYS TRUST      ,Listed    ,08 MAY 2026,             100.00,        1344069762,            148.00,   198922324776.00 
12 MAY 2026,CUBEXTUB,EQ,CUBEX TUBINGS LTD        ,Listed    ,12 MAY 2026,              10.00,          14318975,             95.40,     1365743835.50  
12 MAY 2026,CUDML,SM,CASH UR DRIVE MARKETING L,Listed    ,12 MAY 2026,              10.00,          17645800,            154.75,     2730687550.00     
12 MAY 2026,CUMMINSIND,EQ,CUMMINS INDIA LTD        ,Listed    ,12 MAY 2026,               2.00,         277200000,           5160.00,  1430352000000.00
12 MAY 2026,CUPID,EQ,CUPID LIMITED            ,Listed    ,12 MAY 2026,               1.00,        1344660700,            119.60,   160848312934.00     
12 MAY 2026,CURAA,BE,CURA TECHNOLOGIES LIMITED,Listed    ,12 MAY 2026,              10.00,           9900000,             97.50,      965250000.00     
12 MAY 2026,CURIS,SM,CURIS LIFESCIENCES LTD   ,Listed    ,12 MAY 2026,              10.00,           8084434,            132.00,     1067145288.00     
12 MAY 2026,CURRENT,SM,CURRENT INFRAPROJECTS LTD,Listed    ,12 MAY 2026,              10.00,          19148000,            116.05,     2222125400.00   
12 MAY 2026,CYBERMEDIA,EQ,CYBER MEDIA (INDIA) LTD. ,Listed    ,12 MAY 2026,              10.00,          20620657,             17.40,      359005638.35
12 MAY 2026,CYBERTECH,EQ,CYBERTECH SYSTEMS & SOFTW,Listed    ,12 MAY 2026,              10.00,          31130593,            136.40,     4245590273.35 
12 MAY 2026,CYIENT,EQ,CYIENT LIMITED           ,Listed    ,12 MAY 2026,               5.00,         111124006,            903.45,   100394983220.70    
12 MAY 2026,CYIENTDLM,EQ,CYIENT DLM LIMITED       ,Listed    ,12 MAY 2026,              10.00,          79364396,            417.25,    33114794231.00 
12 MAY 2026,DABUR,EQ,DABUR INDIA LTD          ,Listed    ,12 MAY 2026,               1.00,        1773690172,            473.25,   839398873899.00     
12 MAY 2026,DAICHI,EQ,DAI-ICHI KARKARIA LTD.   ,Permitted ,12 MAY 2026,              10.00,           7451229,            255.30,     1902298763.70    
12 MAY 2026,DALBHARAT,EQ,DALMIA BHARAT LIMITED    ,Listed    ,12 MAY 2026,               2.00,         187565953,           1781.20,   334092475483.60 
12 MAY 2026,DALMIASUG,EQ,DALMIA BHARAT SUG IN LTD ,Listed    ,12 MAY 2026,               2.00,          80939303,            371.10,    30036575343.30 
12 MAY 2026,DAMCAPITAL,EQ,DAM CAPITAL ADVISORS LTD ,Listed    ,12 MAY 2026,               2.00,          70686000,            156.30,    11049635520.00
12 MAY 2026,DAMODARIND,EQ,DAMODAR INDUSTRIES LTD   ,Listed    ,12 MAY 2026,               5.00,          23300000,             29.95,      697602000.00
12 MAY 2026,DANGEE,EQ,DANGEE DUMS LIMITED      ,Listed    ,12 MAY 2026,               1.00,         153975000,              3.45,      531213750.00    
12 MAY 2026,DANISH,SM,DANISH POWER LIMITED     ,Listed    ,12 MAY 2026,              10.00,          19691610,            877.20,    17273480292.00    
12 MAY 2026,DATAMATICS,EQ,DATAMATICS GLOBAL SER LTD,Listed    ,12 MAY 2026,               5.00,          59106389,            748.55,    44244087485.95
12 MAY 2026,DATAPATTNS,EQ,DATA PATTERNS INDIA LTD  ,Listed    ,12 MAY 2026,               2.00,          55983969,           4062.50,   227434874062.50
12 MAY 2026,DAVANGERE,EQ,DAVANGERE SUGAR COMPANY L,Listed    ,12 MAY 2026,               1.00,        1429990798,              3.55,     5090767240.90 
12 MAY 2026,DBCORP,EQ,D.B.CORP LTD             ,Listed    ,12 MAY 2026,              10.00,         178245926,            217.10,    38695408075.35    
12 MAY 2026,DBEIL,EQ,DEEPAK BUILDERS & ENG I L,Listed    ,12 MAY 2026,              10.00,          46580860,             78.20,     3641691634.80     
12 MAY 2026,DBL,EQ,DILIP BUILDCON LIMITED   ,Listed    ,12 MAY 2026,              10.00,         162444833,            469.35,    76243482368.55       
12 MAY 2026,DBOL,BE,DHAMPUR BIO ORGANICS LTD ,Listed    ,12 MAY 2026,              10.00,          66387590,            112.05,     7437401707.70      
12 MAY 2026,DBREALTY,EQ,VALOR ESTATE LIMITED     ,Listed    ,12 MAY 2026,              10.00,         542406761,            129.05,    70003016574.65  
12 MAY 2026,DBSTOCKBRO,EQ,DB (INT) STOCK BROKERS   ,Listed    ,12 MAY 2026,               2.00,          35000000,             27.15,      950950000.00
12 MAY 2026,DCAL,EQ,DISHMAN CARBO AMCIS LTD  ,Listed    ,12 MAY 2026,               2.00,         156783095,            174.85,    27410388498.85      
12 MAY 2026,DCBBANK,EQ,DCB BANK LIMITED         ,Listed    ,12 MAY 2026,              10.00,         321813467,            174.15,    56043815278.05   
12 MAY 2026,DCCL,SM,DAR CREDIT & CAPITAL LTD ,Listed    ,05 MAY 2026,              10.00,          14276000,             41.90,      598164400.00      
12 MAY 2026,DCG,SM,DCG CABLES & WIRES LTD   ,Listed    ,12 MAY 2026,              10.00,          18149600,             66.30,     1203318480.00       
12 MAY 2026,DCI,BE,DC INFOTECH AND COMUN LTD,Listed    ,12 MAY 2026,              10.00,          16000000,            267.35,     4277600000.00       
12 MAY 2026,DCM,EQ,DCM LTD                  ,Listed    ,12 MAY 2026,              10.00,          18677749,             81.00,     1512524114.00       
12 MAY 2026,DCMFINSERV,BE,DCM FINANCIAL SERVICES LT,Listed    ,12 MAY 2026,              10.00,          18781987,              4.80,       90153537.60
12 MAY 2026,DCMNVL,EQ,DCM NOUVELLE LIMITED     ,Listed    ,12 MAY 2026,              10.00,          18677749,            152.55,     2849290609.95    
12 MAY 2026,DCMSHRIRAM,EQ,DCM SHRIRAM LIMITED      ,Listed    ,12 MAY 2026,               2.00,         155942296,           1193.40,   186101536046.40
12 MAY 2026,DCMSIL,BE,DCM SHRIRAM INTERNATNL L ,Listed    ,12 MAY 2026,               2.00,          86992185,             66.05,     5746703741.10    
12 MAY 2026,DCMSRIND,EQ,DCM SHRIRAM IND LTD      ,Listed    ,12 MAY 2026,               2.00,          86992185,             42.35,     3684119034.75  
12 MAY 2026,DCW,EQ,DCW LTD                  ,Listed    ,12 MAY 2026,               2.00,         295155017,             47.00,    13869334248.85       
12 MAY 2026,DCXINDIA,EQ,DCX SYSTEMS LIMITED      ,Listed    ,12 MAY 2026,               2.00,         111386427,            196.90,    21933101340.55  
12 MAY 2026,DDEVPLSTIK,EQ,DDEV PLASTIKS IND LTD    ,Listed    ,12 MAY 2026,               1.00,         103476664,            233.90,    24203191709.60
12 MAY 2026,DECCANCE,EQ,DECCAN CEMENTS LIMITED   ,Listed    ,12 MAY 2026,               5.00,          14007500,            621.70,     8708462750.00  
12 MAY 2026,DECCANTRAN,SM,DECCAN TRANSCON LEASING L,Listed    ,12 MAY 2026,              10.00,          22723448,             20.50,      465830684.00
12 MAY 2026,DECNGOLD,EQ,DECCAN GOLD MINES LTD.   ,Permitted ,12 MAY 2026,               1.00,         197901715,            116.45,    23043675694.60  
12 MAY 2026,DEEDEV,EQ,DEE DEVELOPMENT ENG LTD  ,Listed    ,12 MAY 2026,              10.00,          69263342,            490.45,    33970206083.90    
12 MAY 2026,DEEM,SM,DEEM ROLL TECH LIMITED   ,Listed    ,12 MAY 2026,              10.00,           8337272,             34.00,      283467248.00      
12 MAY 2026,DEEPAKFERT,EQ,DEEPAK FERTILIZERS & PETR,Listed    ,12 MAY 2026,              10.00,         126237825,           1231.90,   155512376617.50
12 MAY 2026,DEEPAKNTR,EQ,DEEPAK NITRITE LTD       ,Listed    ,12 MAY 2026,               2.00,         136393041,           1848.30,   252095257680.30 
12 MAY 2026,DEEPINDS,EQ,DEEP INDUSTRIES LIMITED  ,Listed    ,12 MAY 2026,               5.00,          64000000,            459.35,    29398400000.00  
12 MAY 2026,DELAPLEX,SM,DELAPLEX LIMITED         ,Listed    ,12 MAY 2026,              10.00,           9110000,            123.85,     1128273500.00  
12 MAY 2026,DELHIVERY,EQ,DELHIVERY LIMITED        ,Listed    ,12 MAY 2026,               1.00,         748608108,            464.70,   347878187787.60 
12 MAY 2026,DELPHIFX,EQ,DELPHI WORLD MONEY LTD   ,Listed    ,12 MAY 2026,               2.00,         245267775,             11.85,     2906423133.75  
12 MAY 2026,DELTACORP,EQ,DELTA CORP LIMITED       ,Listed    ,12 MAY 2026,               1.00,         267771097,             72.15,    19317006937.60 
12 MAY 2026,DELTAMAGNT,EQ,DELTA MANUFACTURING LTD  ,Listed    ,12 MAY 2026,              10.00,          10851120,             60.70,      658662984.00
12 MAY 2026,DELTIC,ST,DELTA AUTOCORP LIMITED   ,Listed    ,12 MAY 2026,              10.00,          15289698,             42.70,      652870104.60    
12 MAY 2026,DEN,EQ,DEN NETWORKS LTD         ,Listed    ,12 MAY 2026,              10.00,         477223845,             26.20,    12493720262.10       
12 MAY 2026,DENEERS,ST,DE NEERS TOOLS LIMITED   ,Listed    ,12 MAY 2026,              10.00,           8606400,            205.75,     1770766800.00   
12 MAY 2026,DENORA,EQ,DE NORA INDIA LIMITED    ,Listed    ,12 MAY 2026,              10.00,           5308634,            715.05,     3795938741.70    
12 MAY 2026,DENTA,EQ,DENTA WATER N INFRA SOL L,Listed    ,12 MAY 2026,              10.00,          26700000,            267.85,     7151595000.00     
12 MAY 2026,DENTALKART,SM,VASA DENTICITY LIMITED   ,Listed    ,12 MAY 2026,              10.00,          17336798,            402.75,     6982395394.50
12 MAY 2026,DESTINY,SM,DESTINY LOGISTICS & I LTD,Listed    ,21 APR 2026,              10.00,          21368500,            105.90,     2262924150.00   
12 MAY 2026,DEVIT,EQ,DEV INFO TECHNOLOGY LTD  ,Listed    ,12 MAY 2026,               2.00,          56335233,             28.55,     1608934254.50     
12 MAY 2026,DEVX,EQ,DEV ACCELERATOR LIMITED  ,Listed    ,12 MAY 2026,               2.00,          90187515,             41.00,     3696786239.85      
12 MAY 2026,DEVYANI,EQ,DEVYANI INTERNATIONAL LTD,Listed    ,12 MAY 2026,               1.00,        1232939791,            114.10,   140653771357.30   
12 MAY 2026,DGCONTENT,EQ,DIGICONTENT LIMITED      ,Listed    ,12 MAY 2026,               2.00,          58187078,             28.80,     1675787846.40 
12 MAY 2026,DHAMPURSUG,EQ,DHAMPUR SUGAR MILLS LTD. ,Listed    ,12 MAY 2026,              10.00,          64306509,            151.70,     9754011285.10
12 MAY 2026,DHANBANK,EQ,DHANLAXMI BANK LIMITED   ,Listed    ,12 MAY 2026,              10.00,         394698851,             31.25,    12330392105.25  
12 MAY 2026,DHANLAXMI,SM,DHANLAXMI CROP SCIENCE L ,Listed    ,12 MAY 2026,              10.00,          16328000,             31.95,      521679600.00 
12 MAY 2026,DHANUKA,EQ,DHANUKA AGRITECH LTD     ,Listed    ,12 MAY 2026,               2.00,          45078324,           1065.00,    48008415060.00   
12 MAY 2026,DHARARAIL,SM,DHARA RAIL PROJECTS LTD  ,Listed    ,12 MAY 2026,              10.00,          15084000,            132.25,     1994859000.00 
12 MAY 2026,DHARIWAL,SM,DHARIWALCORP LIMITED     ,Listed    ,12 MAY 2026,               2.00,          94014000,             36.15,     3398606100.00  
12 MAY 2026,DHARMAJ,EQ,DHARMAJ CROP GUARD LTD   ,Listed    ,12 MAY 2026,              10.00,          33797296,            262.30,     8865030740.80   
12 MAY 2026,DHRUV,BE,DHRUV CONSULTANCY SER LTD,Listed    ,12 MAY 2026,              10.00,          18966569,             30.00,      568997070.00     
12 MAY 2026,DHTL,SM,DOCMODE HEALTH TECH LTD  ,Listed    ,11 MAY 2026,              10.00,           3142800,             46.30,      145511640.00      
12 MAY 2026,DHUNINV,EQ,DHUNSERI INVESTMENTS LTD ,Listed    ,12 MAY 2026,              10.00,           6097178,            894.20,     5452096567.60   
12 MAY 2026,DIACABS,EQ,DIAMOND POWER INFRA LTD  ,Listed    ,12 MAY 2026,               1.00,         526971060,            169.75,    89463876856.20   
12 MAY 2026,DIAMINESQ,EQ,DIAMINES & CHEMICALS LTD ,Listed    ,12 MAY 2026,              10.00,           9783990,            265.80,     2600584542.00 
12 MAY 2026,DIAMONDYD,EQ,PRATAAP SNACKS LIMITED   ,Listed    ,12 MAY 2026,               5.00,          23903546,            975.10,    23308347704.60 
12 MAY 2026,DICIND,EQ,DIC INDIA LIMITED        ,Listed    ,12 MAY 2026,              10.00,           9178977,            532.00,     4883215764.00    
12 MAY 2026,DIFFNKG,EQ,DIFFUSION ENGINEERS LTD  ,Listed    ,12 MAY 2026,              10.00,          37426259,            303.85,    11371968797.15   
12 MAY 2026,DIGIDRIVE,EQ,DIGIDRIVE DISTRIBUTORS L ,Listed    ,12 MAY 2026,              10.00,          38561898,             22.20,      855302897.65 
12 MAY 2026,DIGIKORE,SM,DIGIKORE STUDIOS LIMITED ,Listed    ,12 MAY 2026,              10.00,          12665600,             73.30,      928388480.00  
12 MAY 2026,DIGISPICE,BE,DIGISPICE TECHNOLOGIES LT,Listed    ,12 MAY 2026,               3.00,         234471106,             20.05,     4701145675.30 
12 MAY 2026,DIGITIDE,EQ,DIGITIDE SOLUTIONS LTD   ,Listed    ,12 MAY 2026,              10.00,         149011751,             97.15,    14479471844.65  
12 MAY 2026,DIGJAMLMTD,EQ,DIGJAM LTD               ,Listed    ,12 MAY 2026,              10.00,          20000000,             45.50,      909800000.00
12 MAY 2026,DIRL,SM,DHANUKA INFRA REALTY LTD ,Listed    ,12 MAY 2026,              10.00,           9540040,             12.90,      123066516.00      
12 MAY 2026,DISAQ,EQ,DISA INDIA LTD.          ,Permitted ,12 MAY 2026,              10.00,           1454205,          12250.00,    17814011250.00     
12 MAY 2026,DISHTV,BE,DISH TV INDIA LTD.       ,Listed    ,12 MAY 2026,               1.00,        1841256054,              3.60,     6628521794.40    
12 MAY 2026,DIVGIITTS,EQ,DIVGI TORQTRANSFER SYST L,Listed    ,12 MAY 2026,               5.00,          30582927,            718.65,    21978420488.55 
12 MAY 2026,DIVINEHIRA,ST,DIVINE HIRA JEWELLERS LTD,Listed    ,12 MAY 2026,              10.00,          13047100,            338.10,     4411224510.00
12 MAY 2026,DIVISLAB,EQ,DIVI S LABORATORIES LTD  ,Listed    ,12 MAY 2026,               2.00,         265468580,           6644.00,  1763773245520.00  
12 MAY 2026,DIVYADHAN,ST,DIVYADHAN RECYCLING IND L,Listed    ,11 MAY 2026,              10.00,          14306714,             32.80,      469260219.20 
12 MAY 2026,DIXON,EQ,DIXON TECHNO (INDIA) LTD ,Listed    ,12 MAY 2026,               2.00,          60801893,          10138.00,   616409591234.00     
12 MAY 2026,DJML,BE,DJ MEDIAPRINT & LOG LTD  ,Listed    ,12 MAY 2026,              10.00,          34377851,             93.25,     3205047048.75      
12 MAY 2026,DKEGL,SM,D K ENTERPRISES GLOBAL L ,Listed    ,07 MAY 2026,              10.00,           7508000,             77.95,      585248600.00     
12 MAY 2026,DLF,EQ,DLF LIMITED              ,Listed    ,12 MAY 2026,               2.00,        2475315036,            569.20,  1408949318491.20       
12 MAY 2026,DLINKINDIA,EQ,D-LINK INDIA LTD         ,Listed    ,12 MAY 2026,               2.00,          35504850,            464.00,    16474250400.00
12 MAY 2026,DMART,EQ,AVENUE SUPERMARTS LIMITED,Listed    ,12 MAY 2026,              10.00,         650733068,           4331.70,  2818780430655.60     
12 MAY 2026,DMCC,EQ,DMCC SPECIALITY CHEMICALS,Listed    ,12 MAY 2026,              10.00,          24939933,            306.40,     7641595471.20      
12 MAY 2026,DNAMEDIA,EQ,DILIGENT MEDIA CORP LTD. ,Listed    ,12 MAY 2026,               1.00,         117708018,              2.90,      341353252.20  
12 MAY 2026,DODLA,EQ,DODLA DAIRY LIMITED      ,Listed    ,12 MAY 2026,              10.00,          60327809,           1101.20,    66432983270.80     
12 MAY 2026,DOLATALGO,EQ,DOLAT ALGOTECH LIMITED   ,Listed    ,12 MAY 2026,               1.00,         176000000,             76.45,    13456960000.00 
12 MAY 2026,DOLLAR,EQ,DOLLAR INDUSTRIES LIMITED,Listed    ,12 MAY 2026,               2.00,          56716120,            275.80,    15642305896.00    
12 MAY 2026,DOLLEX,SM,DOLLEX AGROTECH LIMITED  ,Listed    ,12 MAY 2026,              10.00,          39948800,             30.65,     1224430720.00    
12 MAY 2026,DOLPHIN,EQ,DOLPHIN OFF ENT (IND) L  ,Listed    ,12 MAY 2026,               1.00,          40004580,            409.40,    16377875052.00   
12 MAY 2026,DOMS,EQ,DOMS INDUSTRIES LIMITED  ,Listed    ,12 MAY 2026,              10.00,          60688336,           2261.40,   137240603030.40      
12 MAY 2026,DONEAR,EQ,DONEAR IND. LIMITED      ,Listed    ,12 MAY 2026,               2.00,          52000000,             90.20,     4690920000.00    
12 MAY 2026,DPABHUSHAN,EQ,D. P. ABHUSHAN LIMITED   ,Listed    ,12 MAY 2026,              10.00,          22827920,            953.50,    21766421720.00
12 MAY 2026,DPEL,SM,DIVINE POWER ENERGY LTD  ,Listed    ,12 MAY 2026,              10.00,          24965080,            525.05,    13107915254.00      
12 MAY 2026,DPSCLTD,EQ,DPSC LIMITED             ,Listed    ,12 MAY 2026,               1.00,         973789640,              9.65,     9416545818.80   
12 MAY 2026,DPWIRES,EQ,D P WIRES LIMITED        ,Listed    ,12 MAY 2026,              10.00,          15500444,            173.05,     2682041825.30   
12 MAY 2026,DRAGARWQ,EQ,DR. AGARWAL'S EYE HOSP L ,Permitted ,12 MAY 2026,              10.00,           4832827,           5051.20,    24411575742.40  
12 MAY 2026,DRCSYSTEMS,EQ,DRC SYSTEMS INDIA LIMITED,Listed    ,12 MAY 2026,               1.00,         144081330,             15.00,     2162660763.30
12 MAY 2026,DREAMFOLKS,EQ,DREAMFOLKS SERVICES LTD  ,Listed    ,12 MAY 2026,               2.00,          53269862,             78.10,     4161441619.45
12 MAY 2026,DREDGECORP,EQ,DREDGING CORP OF INDIA   ,Listed    ,12 MAY 2026,              10.00,          28000000,            889.85,    24915800000.00
12 MAY 2026,DRONE,ST,DRONE DESTINATION LIMITED,Listed    ,12 MAY 2026,              10.00,          24399998,             46.00,     1122399908.00     
12 MAY 2026,DRREDDY,EQ,DR. REDDY S LABORATORIES ,Listed    ,12 MAY 2026,               1.00,         834643020,           1270.00,  1059996635400.00   
12 MAY 2026,DRSCARGO,SM,DRS CARGO MOVERS LIMITED ,Listed    ,15 APR 2026,              10.00,           7531201,             21.80,      164180181.80  
12 MAY 2026,DRSDILIP,ST,DRS DILIP ROADLINES LTD. ,Listed    ,15 APR 2026,              10.00,          15062403,            113.55,     1710335860.65  
12 MAY 2026,DSFCL,EQ,DCM SHRIRAM FINE CHEM LTD,Listed    ,12 MAY 2026,               2.00,          86992185,             27.30,     2375756572.35     
12 MAY 2026,DSSL,EQ,DYNACONS SYS & SOLN LTD  ,Listed    ,12 MAY 2026,              10.00,          12725330,           1354.10,    17231369353.00      
12 MAY 2026,DTIL,EQ,DHUNSERI TEA & IND. LTD. ,Listed    ,12 MAY 2026,              10.00,          10507427,            140.45,     1475663047.90      
12 MAY 2026,DTL,SM,DIENSTEN TECH LIMITED    ,Listed    ,12 MAY 2026,              10.00,           8260646,            126.00,     1040841396.00       
12 MAY 2026,DUCOL,SM,DUCOL ORGS AND COLOURS LT,Listed    ,12 MAY 2026,              10.00,          16254276,            111.35,     1809913632.60     
12 MAY 2026,DUCON,BE,DUCON INFRATECHNOLOGIES L,Listed    ,12 MAY 2026,               1.00,         324925587,              3.25,     1062506669.50     
12 MAY 2026,DUGLOBAL,ST,DUDIGITAL GLOBAL LIMITED ,Listed    ,12 MAY 2026,               2.00,          71871953,             44.50,     3198301908.50  
12 MAY 2026,DURLAX,ST,DURLAX TOP SURFACE LTD   ,Listed    ,12 MAY 2026,              10.00,          28932198,             50.00,     1446609900.00    
12 MAY 2026,DVL,EQ,DHUNSERI VENTURES LIMITED,Listed    ,12 MAY 2026,              10.00,          35024754,            245.15,     8586668690.65       
12 MAY 2026,DWARKESH,EQ,DWARIKESH SUGAR IND LTD  ,Listed    ,12 MAY 2026,               1.00,         185301470,             46.90,     8692491957.70  
12 MAY 2026,DYCL,EQ,DYNAMIC CABLES LIMITED   ,Listed    ,12 MAY 2026,              10.00,          48458638,            328.70,    15928354310.60      
12 MAY 2026,DYNAMATECH,EQ,DYNAMATIC TECHNOLOGIES   ,Listed    ,12 MAY 2026,              10.00,           6791443,          10754.00,    73035178022.00
12 MAY 2026,DYNAMIC,SM,DYNAMIC SRVCS & SEC LTD  ,Listed    ,12 MAY 2026,              10.00,          13746192,            115.00,     1580812080.00   
12 MAY 2026,DYNPRO,EQ,DYNEMIC PRODUCTS LIMITED ,Listed    ,12 MAY 2026,              10.00,          12428387,            225.10,     2797754197.55    
12 MAY 2026,E2E,BE,E2E NETWORKS LIMITED     ,Listed    ,12 MAY 2026,              10.00,          20554989,           3425.10,    70402892823.90       
12 MAY 2026,E2ERAIL,ST,E TO E TRANS INFRA LTD   ,Listed    ,12 MAY 2026,              10.00,          17257570,            286.45,     4943430926.50   
12 MAY 2026,EASEMYTRIP,EQ,EASY TRIP PLANNERS LTD   ,Listed    ,12 MAY 2026,               1.00,        3636853188,              7.35,    26730870931.80
12 MAY 2026,EASTSILK,BE,EASTERN SILK INDUSTRIES L,Listed    ,12 MAY 2026,               2.00,           5000000,             59.65,      298250000.00  
12 MAY 2026,EBGNG,EQ,GNG ELECTRONICS LIMITED  ,Listed    ,12 MAY 2026,               2.00,         114011517,            431.30,    49173167282.10     
12 MAY 2026,ECLERX,EQ,ECLERX SERVICES LTD      ,Listed    ,12 MAY 2026,              10.00,          94050718,           1638.40,   154092696371.20    
12 MAY 2026,ECOLINE,SM,ECOLINE EXIM LIMITED     ,Listed    ,12 MAY 2026,              10.00,          20515376,            127.20,     2609555827.20   
12 MAY 2026,ECOSMOBLTY,EQ,ECOS (INDIA) MOB & HOSP L,Listed    ,12 MAY 2026,               2.00,          60000000,            137.00,     8219400000.00
12 MAY 2026,EDELWEISS,EQ,EDELWEISS FIN SERV LTD   ,Listed    ,12 MAY 2026,               1.00,         946478624,            118.80,   112441660531.20 
12 MAY 2026,EEPL,SM,EPPELTONE ENGINEERS LTD  ,Listed    ,12 MAY 2026,              10.00,          12959312,            110.15,     1427468216.80      
12 MAY 2026,EFACTOR,SM,E FACTOR EXPERIENCES LTD ,Listed    ,12 MAY 2026,              10.00,          13131398,            207.20,     2720825665.60   
12 MAY 2026,EFCIL,EQ,EFC (I) LIMITED          ,Listed    ,12 MAY 2026,               2.00,         147946162,            180.05,    26637706468.10     
12 MAY 2026,EFFWA,SM,EFFWA INFRA & RESEARCH L ,Listed    ,12 MAY 2026,              10.00,          23147167,            252.90,     5853918534.30     
12 MAY 2026,EFORCE,ST,ELECTRO FORCE (INDIA) LTD,Listed    ,12 MAY 2026,              10.00,          23400001,             25.20,      589680025.20    
12 MAY 2026,EICHERMOT,EQ,EICHER MOTORS LTD        ,Listed    ,12 MAY 2026,               1.00,         274314204,           7126.00,  1954763017704.00 
12 MAY 2026,EIDPARRY,EQ,EID PARRY INDIA LTD      ,Listed    ,12 MAY 2026,               1.00,         177872717,            804.15,   143036345375.55  
12 MAY 2026,EIEL,EQ,ENVIRO INFRA ENGINEERS L ,Listed    ,12 MAY 2026,              10.00,         175530000,            203.05,    35637855900.00      
12 MAY 2026,EIFFL,EQ,EURO (I) FRESH FOODS LTD ,Listed    ,12 MAY 2026,              10.00,          24800000,            246.30,     6107992000.00     
12 MAY 2026,EIHAHOTELS,EQ,EIH ASSOCIATED HOTELS LTD,Listed    ,12 MAY 2026,              10.00,          60936294,            317.55,    19350320159.70
12 MAY 2026,EIHOTEL,EQ,EIH LIMITED              ,Listed    ,12 MAY 2026,               2.00,         625364182,            317.90,   198803273457.80   
12 MAY 2026,EIMCOELECO,EQ,EIMCO ELECON (INDIA) LTD ,Listed    ,12 MAY 2026,              10.00,           5768385,           1561.70,     9008486854.50
12 MAY 2026,EKC,EQ,EVEREST KANTO CYLINDERLTD,Listed    ,12 MAY 2026,               2.00,         112207682,            115.70,    12984672961.05       
12 MAY 2026,ELANTAS,EQ,ELANTAS BECK INDIA LTD.  ,Permitted ,12 MAY 2026,              10.00,           7927682,           9545.00,    75669724690.00   
12 MAY 2026,ELCIDIN,EQ,ELCID INVESTMENTS LTD.   ,Permitted ,12 MAY 2026,              10.00,            200000,         120075.00,    24015000000.00   
12 MAY 2026,ELDEHSG,EQ,ELDECO HSG & IND LTD.    ,Listed    ,12 MAY 2026,               2.00,           9833000,            814.10,     8005045300.00   
12 MAY 2026,ELECON,EQ,ELECON ENG. CO. LTD      ,Listed    ,12 MAY 2026,               1.00,         224399930,            502.00,   112648764860.00    
12 MAY 2026,ELECTCAST,EQ,ELECTROSTEEL CASTINGS LTD,Listed    ,12 MAY 2026,               1.00,         618184591,             85.00,    52551872080.90 
12 MAY 2026,ELECTHERM,EQ,ELECTROTHERM (I) LTD.    ,Listed    ,12 MAY 2026,              10.00,          12742814,            722.05,     9200948848.70 
12 MAY 2026,ELGIEQUIP,EQ,ELGI EQUIPMENTS LTD      ,Listed    ,12 MAY 2026,               1.00,         316909016,            522.95,   165727569917.20 
12 MAY 2026,ELGIRUBCO,EQ,ELGI RUBBER CO. LTD      ,Listed    ,12 MAY 2026,               1.00,          50050000,             50.00,     2501499000.00 
12 MAY 2026,ELGNZ,SM,ELEGANZ INTERIORS LIMITED,Listed    ,12 MAY 2026,              10.00,          22599626,             75.70,     1710791688.20     
12 MAY 2026,ELIN,EQ,ELIN ELECTRONICS LIMITED ,Listed    ,12 MAY 2026,               5.00,          49709220,            118.25,     5879109449.40      
12 MAY 2026,ELITECON,EQ,ELITECON INTERNATIONAL L ,Permitted ,12 MAY 2026,               1.00,        1598500000,             33.55,    53629675000.00  
12 MAY 2026,ELLEN,EQ,ELLENBARRIE INDUS GASES L,Listed    ,12 MAY 2026,               2.00,         140935600,            287.70,    40547172120.00     
12 MAY 2026,ELPROINTL,EQ,ELPRO INTERNATIONAL LTD  ,Permitted ,12 MAY 2026,               1.00,         169479130,            166.00,    28131840788.70 
12 MAY 2026,EMAMILTD,EQ,EMAMI LIMITED            ,Listed    ,12 MAY 2026,               1.00,         436500000,            432.40,   188742600000.00  
12 MAY 2026,EMAMIPAP,EQ,EMAMI PAPER MILLS LIMITED,Listed    ,12 MAY 2026,               2.00,          60499050,             78.80,     4767930130.50  
12 MAY 2026,EMAMIREAL,BE,EMAMI REALTY LIMITED     ,Listed    ,12 MAY 2026,               2.00,          43833889,            101.15,     4433359533.45 
12 MAY 2026,EMAPARTNER,SM,EMA PARTNERS INDIA LTD   ,Listed    ,12 MAY 2026,               5.00,          23246426,             88.80,     2064282628.80
12 MAY 2026,EMBASSY,RR,EMBASSY OFFICE PARKS REIT,Listed    ,12 MAY 2026,             300.00,         947893743,            422.35,   400342922356.05   
12 MAY 2026,EMBDL,EQ,EMBASSY DEVELOPMENTS LTD ,Listed    ,12 MAY 2026,               2.00,        1390633433,             68.05,    94618698781.30     
12 MAY 2026,EMCURE,EQ,EMCURE PHARMACEUTICALS L ,Listed    ,12 MAY 2026,              10.00,         189589547,           1657.50,   314244674152.50    
12 MAY 2026,EMIL,EQ,ELECTRONICS MART IND LTD ,Listed    ,12 MAY 2026,              10.00,         384748762,            113.55,    43680526949.85      
12 MAY 2026,EMKAY,EQ,EMKAY GLOBAL FIN SERV LTD,Listed    ,12 MAY 2026,              10.00,          26189063,            210.10,     5502322136.30     
12 MAY 2026,EMKAYTOOLS,SM,EMKAY TAP & CUT. TOOL LTD,Listed    ,12 MAY 2026,              10.00,          10671300,            107.65,     1148765445.00
12 MAY 2026,EMMBI,EQ,EMMBI INDUSTRIES LIMITED ,Listed    ,12 MAY 2026,              10.00,          19240250,             80.35,     1546146490.00     
12 MAY 2026,EMMIL,SM,ENERGY MISSION MACH IND L,Listed    ,12 MAY 2026,              10.00,          11326500,            146.25,     1656500625.00     
12 MAY 2026,EMMVEE,EQ,EMMVEE PHOTOVOLTAIC PWR L,Listed    ,12 MAY 2026,               2.00,         692345033,            264.25,   182952174970.25    
12 MAY 2026,EMPOWER,BE,EMPOWER INDIA LTD.       ,Permitted ,12 MAY 2026,               1.00,        1163798560,              2.70,     3130618126.40   
12 MAY 2026,EMSLIMITED,EQ,EMS LIMITED              ,Listed    ,12 MAY 2026,              10.00,          55530807,            332.40,    18458440246.80
12 MAY 2026,EMUDHRA,EQ,EMUDHRA LIMITED          ,Listed    ,12 MAY 2026,               5.00,          82811707,            471.20,    39020876338.40   
12 MAY 2026,ENCOMPAS,SM,ENCOMPASS DESIGN INDIA L ,Listed    ,12 MAY 2026,              10.00,          14183544,            239.75,     3400504674.00  
12 MAY 2026,ENDURANCE,EQ,ENDURANCE TECHNO. LTD.   ,Listed    ,12 MAY 2026,              10.00,         140662848,           2578.80,   362741352422.40 
12 MAY 2026,ENERGYDEV,EQ,ENERGY DEVE. CO.LTD      ,Listed    ,12 MAY 2026,              10.00,          47500000,             16.85,      800850000.00 
12 MAY 2026,ENFUSE,SM,ENFUSE SOLUTIONS LIMITED ,Listed    ,12 MAY 2026,              10.00,           8847600,            191.00,     1689891600.00    
12 MAY 2026,ENGINERSIN,EQ,ENGINEERS INDIA LTD      ,Listed    ,12 MAY 2026,               5.00,         562042373,            236.95,   133175940282.35
12 MAY 2026,ENIL,EQ,ENTERTAIN NET. IND. LTD. ,Listed    ,12 MAY 2026,              10.00,          47670415,            120.45,     5742854895.05      
12 MAY 2026,ENRIN,EQ,SIEMENS ENERGY INDIA LTD ,Listed    ,12 MAY 2026,               2.00,         356120505,           3055.60,  1088161815078.00     
12 MAY 2026,ENSER,ST,ENSER COMMUNICATIONS LTD ,Listed    ,12 MAY 2026,               2.00,          87160590,             16.00,     1394569440.00     
12 MAY 2026,ENTERO,EQ,ENTERO HEALTHCARE SOLU L ,Listed    ,12 MAY 2026,              10.00,          43510937,           1210.30,    52661287051.10    
12 MAY 2026,ENVIRO,SM,ENVIROTECH SYSTEMS LTD   ,Listed    ,12 MAY 2026,              10.00,          18790000,            107.25,     2015227500.00    
12 MAY 2026,EPACK,EQ,EPACK DURABLE LIMITED    ,Listed    ,12 MAY 2026,              10.00,          96228477,            243.80,    23460502692.60     
12 MAY 2026,EPACKPEB,EQ,EPACK PREFAB TECHN LTD   ,Listed    ,12 MAY 2026,               2.00,         100451997,            191.60,    19244593585.25  
12 MAY 2026,EPIGRAL,EQ,EPIGRAL LIMITED          ,Listed    ,12 MAY 2026,              10.00,          43141338,           1246.80,    53788620218.40   
12 MAY 2026,EPL,EQ,EPL LIMITED              ,Listed    ,12 MAY 2026,               2.00,         320304963,            228.30,    73128826102.55       
12 MAY 2026,EPWINDIA,ST,EPW INDIA LIMITED        ,Listed    ,11 MAY 2026,               5.00,          11479600,            142.00,     1630103200.00  
12 MAY 2026,EQUIPPP,BE,EQUIPPP SOC IMP TECH LTD ,Listed    ,12 MAY 2026,               1.00,         103095225,             15.40,     1587666465.00   
12 MAY 2026,EQUITASBNK,EQ,EQUITAS SMALL FIN BNK LTD,Listed    ,12 MAY 2026,              10.00,        1141043060,             67.90,    77488234204.60
12 MAY 2026,ERIS,EQ,ERIS LIFESCIENCES LIMITED,Listed    ,12 MAY 2026,               1.00,         138542887,           1357.60,   188085823391.20      
12 MAY 2026,ESABINDIA,EQ,ESAB INDIA LTD           ,Listed    ,12 MAY 2026,              10.00,          15393020,           6721.00,   103456487420.00 
12 MAY 2026,ESAFSFB,EQ,ESAF SMALL FINANCE BANK L,Listed    ,12 MAY 2026,              10.00,         515662613,             28.60,    14753107357.95   
12 MAY 2026,ESCONET,ST,ESCONET TECHNOLOGIES LTD ,Listed    ,12 MAY 2026,              10.00,          13196238,            136.50,     1801286487.00   
12 MAY 2026,ESCORTS,EQ,ESCORTS KUBOTA LIMITED   ,Listed    ,12 MAY 2026,              10.00,         111877754,           2960.70,   331236466267.80   
12 MAY 2026,ESFL,ST,ESSEN SPECIALITY FILMS L ,Listed    ,12 MAY 2026,              10.00,          24839040,            125.00,     3104880000.00      
12 MAY 2026,ESPRIT,SM,ESPRIT STONES LIMITED    ,Listed    ,12 MAY 2026,              10.00,          21945200,             74.50,     1634917400.00    
12 MAY 2026,ESSARSHPNG,EQ,ESSAR SHIPPING LTD       ,Listed    ,12 MAY 2026,              10.00,         206976072,             24.05,     4973635010.15
12 MAY 2026,ESSENTIA,EQ,INTEGRA ESSENTIA LIMITED ,Listed    ,12 MAY 2026,               1.00,        1067690544,              1.65,     1783043208.50  
12 MAY 2026,ESTER,EQ,ESTER INDUSTRIES LTD     ,Listed    ,12 MAY 2026,               5.00,          97586191,             94.40,     9214088154.20     
12 MAY 2026,ETERNAL,EQ,ETERNAL LIMITED          ,Listed    ,12 MAY 2026,               1.00,        9650350647,            240.00,  2315891148267.05   
12 MAY 2026,ETHOSLTD,EQ,ETHOS LIMITED            ,Listed    ,12 MAY 2026,              10.00,          26757693,           2361.30,    63182940480.90  
12 MAY 2026,ETL,SM,EMKAY TOOLS LIMITED      ,Listed    ,12 MAY 2026,               1.00,          10671300,           1022.00,    10906068600.00       
12 MAY 2026,ETML,SM,EMERALD TYRE MANUF LTD   ,Listed    ,12 MAY 2026,              10.00,          19476512,             86.90,     1692508892.80      
12 MAY 2026,EUREKAFORB,EQ,EUREKA FORBES LIMITED    ,Listed    ,12 MAY 2026,              10.00,         193404186,            499.50,    96605390907.00
12 MAY 2026,EUROBOND,EQ,EURO PANEL PRODUCTS LTD  ,Listed    ,12 MAY 2026,              10.00,          24500000,            180.80,     4429845000.00  
12 MAY 2026,EUROPRATIK,EQ,EURO PRATIK SALES LIMITED,Listed    ,12 MAY 2026,               1.00,         102200000,            270.30,    27624660000.00
12 MAY 2026,EUROTEXIND,EQ,EUROTEX INDUSTRIES LTD   ,Listed    ,12 MAY 2026,              10.00,           8749865,             15.40,      134922918.30
12 MAY 2026,EVEREADY,EQ,EVEREADY INDS. IND.  LTD.,Listed    ,12 MAY 2026,               5.00,          72687260,            317.00,    23041861420.00  
12 MAY 2026,EVERESTIND,EQ,EVEREST INDUSTRIES LTD   ,Listed    ,12 MAY 2026,              10.00,          15855754,            380.50,     6033114397.00
12 MAY 2026,EXCELINDUS,EQ,EXCEL INDUSTRIES LTD     ,Listed    ,12 MAY 2026,               5.00,          12570692,            957.70,    12038951728.40
12 MAY 2026,EXCELLENT,ST,EXCELLENT WIRES N PACK L ,Listed    ,12 MAY 2026,              10.00,           4470000,            138.00,      616860000.00 
12 MAY 2026,EXCELSOFT,EQ,EXCELSOFT TECHNOLOGIES L ,Listed    ,12 MAY 2026,              10.00,         115084164,             84.70,     9746477849.15 
12 MAY 2026,EXICOM,EQ,EXICOM TELE SYSTEMS LTD  ,Listed    ,12 MAY 2026,              10.00,         139079771,            114.00,    15853703096.30    
12 MAY 2026,EXIDEIND,EQ,EXIDE INDUSTRIES LTD     ,Listed    ,12 MAY 2026,               1.00,         850000000,            346.30,   294355000000.00  
12 MAY 2026,EXIMROUTES,SM,EXIM ROUTES LIMITED      ,Listed    ,12 MAY 2026,               5.00,          18752000,            131.85,     2472451200.00
12 MAY 2026,EXPLEOSOL,EQ,EXPLEO SOLUTIONS LIMITED ,Listed    ,12 MAY 2026,              10.00,          15519739,            885.75,    13746608819.25 
12 MAY 2026,EXXARO,EQ,EXXARO TILES LIMITED     ,Listed    ,12 MAY 2026,               1.00,         447410700,              6.70,     3006599904.00    
12 MAY 2026,FABTECH,EQ,FABTECH TECHNOLOGIES LTD ,Listed    ,12 MAY 2026,              10.00,          44450794,            162.80,     7236589263.20   
12 MAY 2026,FACT,EQ,FACT LTD                 ,Listed    ,12 MAY 2026,              10.00,         647071974,            862.40,   558034870377.60      
12 MAY 2026,FAIRCHEMOR,EQ,FAIRCHEM ORGANICS LIMITED,Listed    ,12 MAY 2026,              10.00,          12595902,            590.40,     7436620540.80
12 MAY 2026,FALCONTECH,SM,FALCON TECHNOPROJ IND LTD,Listed    ,11 MAY 2026,              10.00,          26783965,             14.10,      377653906.50
12 MAY 2026,FAZE3Q,BE,FAZE THREE LIMITED       ,Listed    ,12 MAY 2026,              10.00,          24319000,            449.85,    10939902150.00    
12 MAY 2026,FCL,EQ,FINEOTEX CHEMICAL LIMITED,Listed    ,12 MAY 2026,               1.00,        1159500900,             27.10,    31445664408.00       
12 MAY 2026,FCSSOFT,BE,FCS SOFTWARE SOLN. LTD.  ,Listed    ,12 MAY 2026,               1.00,        1709553100,              1.65,     2786571553.00   
12 MAY 2026,FDC,EQ,FDC LIMITED              ,Listed    ,12 MAY 2026,               1.00,         162810084,            375.70,    61167748558.80       
12 MAY 2026,FEDDERSHOL,EQ,FEDDERS HOLDING LTD.     ,Permitted ,12 MAY 2026,               1.00,         201415970,             34.05,     6862242097.90
12 MAY 2026,FEDERALBNK,EQ,FEDERAL BANK LTD         ,Listed    ,12 MAY 2026,               2.00,        2465016730,            284.80,   702036764704.00
12 MAY 2026,FEDFINA,EQ,FEDBANK FINANCIAL SER L  ,Listed    ,12 MAY 2026,              10.00,         374206101,            149.50,    55947554160.50   
12 MAY 2026,FEL,BZ,FUTURE ENTERPRISES LTD   ,Listed    ,12 MAY 2026,               2.00,         454930401,              0.45,      204718680.45       
12 MAY 2026,FELDVR,BZ,FUTURE ENTERPRISES LTD   ,Listed    ,12 MAY 2026,               2.00,          39374679,              2.90,      114186569.10    
12 MAY 2026,FELIX,SM,FELIX INDUSTRIES LTD.    ,Listed    ,12 MAY 2026,              10.00,          17206350,            214.70,     3694203345.00     
12 MAY 2026,FERMENTA,EQ,FERMENTA BIOTECH LTD.    ,Permitted ,12 MAY 2026,               5.00,          29430987,            286.20,     8423148479.40  
12 MAY 2026,FIBERWEB,BE,FIBERWEB INDIA LIMITED   ,Listed    ,12 MAY 2026,              10.00,          28791710,             37.00,     1065581187.10  
12 MAY 2026,FIDEL,SM,FIDEL SOFTECH LIMITED    ,Listed    ,11 MAY 2026,              10.00,          13750560,            193.00,     2653858080.00     
12 MAY 2026,FIEMIND,EQ,FIEM INDUSTRIES LIMITED  ,Listed    ,12 MAY 2026,              10.00,          26319660,           2196.00,    57797973360.00   
12 MAY 2026,FILATEX,EQ,FILATEX INDIA LTD        ,Listed    ,12 MAY 2026,               1.00,         444058375,             42.35,    18814753348.75   
12 MAY 2026,FILATFASH,BE,FILATEX FASHIONS LIMITED ,Listed    ,12 MAY 2026,               1.00,        8334072725,              0.25,     2083518181.25 
12 MAY 2026,FINBUD,SM,FINBUD FINANCIAL SERV LTD,Listed    ,12 MAY 2026,              10.00,          19049480,            121.55,     2315464294.00    
12 MAY 2026,FINCABLES,EQ,FINOLEX CABLES LTD       ,Listed    ,12 MAY 2026,               2.00,         152939345,           1073.50,   164180386857.50 
12 MAY 2026,FINEORG,EQ,FINE ORGANIC IND. LTD.   ,Listed    ,12 MAY 2026,               5.00,          30659976,           4577.00,   140330710152.00   
12 MAY 2026,FINKURVE,EQ,FINKURVE FINANCIAL SERV L,Listed    ,12 MAY 2026,               1.00,         140050488,             67.10,     9397387744.80  
12 MAY 2026,FINOPB,EQ,FINO PAYMENTS BANK LTD   ,Listed    ,12 MAY 2026,              10.00,          83218402,            125.90,    10475532443.75    
12 MAY 2026,FINPIPE,EQ,FINOLEX INDUSTRIES LTD   ,Listed    ,12 MAY 2026,               2.00,         620476905,            168.15,   104320782037.65   
12 MAY 2026,FIRSTCRY,EQ,BRAINBEES SOLUTIONS LTD  ,Listed    ,12 MAY 2026,               2.00,         522041984,            235.50,   122930446392.30  
12 MAY 2026,FISCHER,EQ,FISCHER MEDICAL VENTURE L,Listed    ,12 MAY 2026,               1.00,         648515470,             35.30,    22892596091.00   
12 MAY 2026,FIVESTAR,EQ,FIVE-STAR BUS FIN LTD    ,Listed    ,12 MAY 2026,               1.00,         294566168,            469.45,   138284087567.60  
12 MAY 2026,FLAIR,EQ,FLAIR WRITING INDUST LTD ,Listed    ,12 MAY 2026,               5.00,         105395378,            327.00,    34464288606.00     
12 MAY 2026,FLEXITUFF,EQ,FLEXITUFF VENTURES INT L ,Listed    ,12 MAY 2026,              10.00,          32822806,              7.00,      230416098.10 
12 MAY 2026,FLFL,BZ,FUT LIFESTYLE FASH LTD   ,Listed    ,12 MAY 2026,               2.00,         201774874,              1.80,      363194773.20      
12 MAY 2026,FLUOROCHEM,EQ,GUJARAT FLUOROCHEM LTD   ,Listed    ,12 MAY 2026,               1.00,         109850000,           3644.90,   400392265000.00
12 MAY 2026,FLYSBS,SM,FLYSBS AVIATION LIMITED  ,Listed    ,12 MAY 2026,              10.00,          17303751,            427.75,     7401679490.25    
12 MAY 2026,FMGOETZE,EQ,FEDERAL-MOGUL GOETZE (IND,Listed    ,12 MAY 2026,              10.00,          55632130,            443.40,    24667286442.00  
12 MAY 2026,FMNL,EQ,FUTURE MKT NETWORKS LTD  ,Listed    ,12 MAY 2026,              10.00,          60644381,              9.65,      586431164.25      
12 MAY 2026,FOCE,SM,FOCE INDIA LIMITED       ,Listed    ,12 MAY 2026,              10.00,          11743020,            556.00,     6529119120.00      
12 MAY 2026,FOCUS,EQ,FOCUS LIGHTG & FIXTRS LTD,Listed    ,12 MAY 2026,               2.00,          67444950,             83.90,     5657956855.50     
12 MAY 2026,FONEBOX,SM,FONEBOX RETAIL LIMITED   ,Listed    ,12 MAY 2026,              10.00,          10260000,             65.85,      675621000.00   
12 MAY 2026,FOODSIN,EQ,FOODS & INNS LIMITED     ,Listed    ,12 MAY 2026,               1.00,          73531558,             57.75,     4246447474.50   
12 MAY 2026,FORCAS,SM,FORCAS STUDIO LIMITED    ,Listed    ,12 MAY 2026,              10.00,          17580000,            102.85,     1808103000.00    
12 MAY 2026,FORCEMOT,EQ,FORCE MOTORS LIMITED     ,Listed    ,12 MAY 2026,              10.00,          13032914,          19861.00,   258846704954.00  
12 MAY 2026,FORGEAUTO,SM,FORGE AUTO INTERNATION L ,Listed    ,11 MAY 2026,              10.00,          10920000,             94.00,     1026480000.00 
12 MAY 2026,FORTIS,EQ,FORTIS HEALTHCARE LTD    ,Listed    ,12 MAY 2026,              10.00,         754958148,            951.15,   718078442470.20    
12 MAY 2026,FOSECOIND,EQ,FOSECO INDIA LTD         ,Listed    ,12 MAY 2026,              10.00,           7537259,           4803.80,    36207484784.20 
12 MAY 2026,FRACTAL,EQ,FRACTAL ANALYTICS LIMITED,Listed    ,12 MAY 2026,               1.00,         171965112,           1033.95,   177803327552.40   
12 MAY 2026,FRESHARA,ST,FRESHARA AGRO EXPORTS LTD,Listed    ,12 MAY 2026,              10.00,          23499200,            207.90,     4885483680.00  
12 MAY 2026,FROG,SM,FROG INNOVATIONS LIMITED ,Listed    ,12 MAY 2026,              10.00,          15554300,            201.50,     3134191450.00      
12 MAY 2026,FRONTSP,EQ,FRONTIER SPRINGS LTD.    ,Permitted ,12 MAY 2026,              10.00,          11815533,           1636.20,    19332575094.60   
12 MAY 2026,FSL,EQ,FIRSTSOURCE SOLU. LTD.   ,Listed    ,12 MAY 2026,              10.00,         696990826,            249.10,   173613444848.35       
12 MAY 2026,FUSION,EQ,FUSION FINANCE LIMITED   ,Listed    ,12 MAY 2026,              10.00,         161365967,            202.75,    32716949809.25    
12 MAY 2026,FWSTC,SM,FLYWINGS SIMULAT T C LTD ,Listed    ,12 MAY 2026,              10.00,          10177128,            168.00,     1709757504.00     
12 MAY 2026,GABRIEL,EQ,GABRIEL INDIA LTD        ,Listed    ,12 MAY 2026,               1.00,         143643940,           1098.70,   157821596878.00   
12 MAY 2026,GAEL,EQ,GUJARAT AMBUJA EXPORTS LT,Listed    ,12 MAY 2026,               1.00,         458670660,            166.40,    76331971237.20      
12 MAY 2026,GAIL,EQ,GAIL (INDIA) LTD         ,Listed    ,12 MAY 2026,              10.00,        6575099644,            160.35,  1054317227915.40      
12 MAY 2026,GAJANAND,SM,GAJANAND INTERNATIONAL L ,Listed    ,08 MAY 2026,              10.00,          18835568,              8.30,      156335214.40  
12 MAY 2026,GALAPREC,EQ,GALA PRECISION ENG LTD   ,Listed    ,12 MAY 2026,              10.00,          12797550,            819.70,    10490151735.00  
12 MAY 2026,GALAXYSURF,EQ,GALAXY SURFACTANTS LTD   ,Listed    ,12 MAY 2026,              10.00,          35454752,           1871.30,    66346477417.60
12 MAY 2026,GALLANTT,EQ,GALLANTT ISPAT LIMITED   ,Listed    ,12 MAY 2026,              10.00,         241280945,            817.10,   197150660159.50  
12 MAY 2026,GANDHAR,EQ,GANDHAR OIL REFINE IND L ,Listed    ,12 MAY 2026,               2.00,          97879530,            141.15,    13813738068.90   
12 MAY 2026,GANDHITUBE,EQ,GANDHI SPL. TUBES LTD    ,Listed    ,12 MAY 2026,               5.00,          12152000,            889.00,    10803128000.00
12 MAY 2026,GANECOS,EQ,GANESHA ECOSPHERE LIMITED,Listed    ,12 MAY 2026,              10.00,          26795984,           1001.50,    26836177976.00   
12 MAY 2026,GANESHBE,EQ,GANESH BENZOPLAST LIMITED,Listed    ,12 MAY 2026,               1.00,          71989421,             89.75,     6459610746.35  
12 MAY 2026,GANESHCP,EQ,GANESH CONSUMER PRODUCT L,Listed    ,12 MAY 2026,              10.00,          40412946,            195.75,     7911642438.40  
12 MAY 2026,GANESHHOU,EQ,GANESH HOUSING LIMITED   ,Listed    ,12 MAY 2026,              10.00,          83387090,            662.60,    55252285834.00 
12 MAY 2026,GANESHIN,ST,GANESH INFRAWORLD LIMITED,Listed    ,12 MAY 2026,               5.00,          42721397,             76.20,     3255370451.40  
12 MAY 2026,GANGABATH,ST,GANGA BATH FITTINGS LTD  ,Listed    ,12 MAY 2026,              10.00,          22207848,             23.75,      527436390.00 
12 MAY 2026,GANGAFORGE,EQ,GANGA FORGING LIMITED    ,Listed    ,12 MAY 2026,               1.00,         134802230,              2.50,      337005575.00
12 MAY 2026,GANGESSECU,EQ,GANGES SECURITIES LIMITED,Listed    ,12 MAY 2026,              10.00,          10003687,            126.95,     1269868027.80
12 MAY 2026,GARFIBRES,EQ,GARWARE TECH FIBRES LTD  ,Listed    ,12 MAY 2026,              10.00,          99265845,            625.25,    62065969586.25 
12 MAY 2026,GARUDA,EQ,GARUDA CONSTRUCT N ENG L ,Listed    ,12 MAY 2026,               5.00,          93041742,            172.70,    16066448008.55    
12 MAY 2026,GATECH,EQ,GACM TECHNOLOGIES LIMITED,Listed    ,12 MAY 2026,               1.00,        1102742236,              0.55,      617535652.15    
12 MAY 2026,GATECHDVR,EQ,GACM TECHNOLOGIES LIMITED,Listed    ,12 MAY 2026,               1.00,         189665894,              0.50,       94832947.00 
12 MAY 2026,GATEWAY,EQ,GATEWAY DISTRIPARKS LTD  ,Listed    ,12 MAY 2026,              10.00,         499643836,             56.70,    28319812624.50   
12 MAY 2026,GAUDIUMIVF,BE,GAUDIUM IVF N WOMEN H L  ,Listed    ,12 MAY 2026,               5.00,          72786884,            110.75,     8061147403.00
12 MAY 2026,GAYAHWS,EQ,GAYATRI HIGHWAYS LIMITED ,Listed    ,12 MAY 2026,               2.00,         239651900,              2.35,      563181965.00   
12 MAY 2026,GAYAPROJ,BE,GAYATRI PROJECTS LTD     ,Listed    ,12 MAY 2026,               2.00,         187198685,             18.60,     3483767527.85  
12 MAY 2026,GCHOTELS,SM,GRAND CONTINENT HOTELS L ,Listed    ,12 MAY 2026,              10.00,          24919403,             94.95,     2366097314.85  
12 MAY 2026,GCSL,EQ,GRETEX CORPORATE SERVICES,Listed    ,12 MAY 2026,              10.00,          22639347,            380.40,     8612007598.80      
12 MAY 2026,GEECEE,EQ,GEECEE VENTURES LIMITED  ,Listed    ,12 MAY 2026,              10.00,          20911729,            296.40,     6198236475.60    
12 MAY 2026,GEEKAYWIRE,EQ,GEEKAY WIRES LIMITED     ,Listed    ,12 MAY 2026,               1.00,         104520000,             26.45,     2764554000.00
12 MAY 2026,GEMAROMA,BE,GEM AROMATICS LIMITED    ,Listed    ,12 MAY 2026,               2.00,          52237138,            155.80,     8138023729.00  
12 MAY 2026,GENCON,EQ,GENERIC ENG CONS PROJ LTD,Listed    ,12 MAY 2026,               5.00,          56986219,             39.65,     2258933721.15    
12 MAY 2026,GENESYS,EQ,GENESYS INTL CORPN LTD   ,Listed    ,12 MAY 2026,               5.00,          41790377,            218.25,     9120749780.25   
12 MAY 2026,GENUSPAPER,EQ,GENUS P&B LIMITED        ,Listed    ,12 MAY 2026,               1.00,         257125940,             12.60,     3244929362.80
12 MAY 2026,GENUSPOWER,EQ,GENUS POWER INFRASTRU LTD,Listed    ,12 MAY 2026,               1.00,         304217735,            307.70,    93607797059.50
12 MAY 2026,GEOJITFSL,EQ,GEOJIT FINANCIAL SER L   ,Listed    ,12 MAY 2026,               1.00,         279122119,             69.75,    19465976579.05 
12 MAY 2026,GESHIP,EQ,THE GE SHPG.LTD          ,Listed    ,12 MAY 2026,              10.00,         142767161,           1510.50,   215649796690.50    
12 MAY 2026,GFLLIMITED,EQ,GFL LIMITED              ,Listed    ,12 MAY 2026,               1.00,         109850000,             47.35,     5199200500.00
12 MAY 2026,GGBL,SM,GANESH GREEN BHARAT LTD  ,Listed    ,12 MAY 2026,              10.00,          24801000,            320.55,     7949960550.00      
12 MAY 2026,GHCL,EQ,GHCL LIMITED             ,Listed    ,12 MAY 2026,              10.00,          91934155,            469.65,    43176875895.75      
12 MAY 2026,GHCLTEXTIL,EQ,GHCL TEXTILES LIMITED    ,Listed    ,12 MAY 2026,               2.00,          95585786,             85.85,     8204128012.40
12 MAY 2026,GICHSGFIN,EQ,GIC HOUSING FINANCE LTD  ,Listed    ,12 MAY 2026,              10.00,          53851066,            148.50,     7997421811.65 
12 MAY 2026,GICL,EQ,GLOBE INTL CARRIERS LTD  ,Listed    ,12 MAY 2026,               5.00,         111954588,             39.25,     4395337124.90      
12 MAY 2026,GICRE,EQ,GENERAL INS CORP OF INDIA,Listed    ,12 MAY 2026,               5.00,        1754400000,            382.40,   670882560000.00     
12 MAY 2026,GILLANDERS,EQ,GILLANDERS ARBUTHNOT LTD ,Listed    ,12 MAY 2026,              10.00,          21342346,             98.85,     2109477478.65
12 MAY 2026,GILLETTE,EQ,GILLETTE INDIA LTD       ,Listed    ,12 MAY 2026,              10.00,          32585217,           7882.50,   256852973002.50  
12 MAY 2026,GINNIFILA,EQ,GINNI FILAMENTS LTD      ,Listed    ,12 MAY 2026,              10.00,          85650065,             41.75,     3575033713.10 
12 MAY 2026,GIPCL,EQ,GUJ IND POW CO. LTD      ,Listed    ,12 MAY 2026,              10.00,         155215944,            146.15,    22687914534.50     
12 MAY 2026,GIRIRAJ,ST,GIRIRAJ CIVIL DEVP LTD   ,Listed    ,12 MAY 2026,              10.00,          23920500,            188.00,     4497054000.00   
12 MAY 2026,GJL,ST,GROVER JEWELLS LIMITED   ,Listed    ,12 MAY 2026,              10.00,          14507200,            140.10,     2032458720.00       
12 MAY 2026,GKENERGY,EQ,GK ENERGY LIMITED        ,Listed    ,12 MAY 2026,               2.00,         202817266,            121.25,    24595649847.80  
12 MAY 2026,GKSL,EQ,GUJARAT KIDNEY N SUP SP L,Listed    ,12 MAY 2026,               2.00,          78843250,            142.25,    11214663880.00      
12 MAY 2026,GKWLIMITED,EQ,GKW LIMITED              ,Listed    ,12 MAY 2026,              10.00,           5966500,           1675.60,     9997467400.00
12 MAY 2026,GLAND,EQ,GLAND PHARMA LIMITED     ,Listed    ,12 MAY 2026,               1.00,         164756423,           1872.10,   308440499498.30     
12 MAY 2026,GLAXO,EQ,GLAXOSMITHKLINE PHARMA LT,Listed    ,12 MAY 2026,              10.00,         169406034,           2448.80,   414841496059.20     
12 MAY 2026,GLENMARK,EQ,GLENMARK PHARMACEUTICALS ,Listed    ,12 MAY 2026,               1.00,         282200809,           2257.10,   636955445993.90  
12 MAY 2026,GLFL,BE,GUJARAT LEASE FINANCING L,Listed    ,12 MAY 2026,              10.00,          27125767,              7.00,      189880369.00      
12 MAY 2026,GLOBAL,EQ,GLOBAL EDUCATION LIMITED ,Listed    ,12 MAY 2026,               2.00,          50901500,            107.30,     5462239965.00    
12 MAY 2026,GLOBALE,BE,GLOBALE TESSILE LIMITED  ,Listed    ,12 MAY 2026,              10.00,          10620275,             13.90,      147515619.75   
12 MAY 2026,GLOBALPET,SM,GLOBAL PET INDUSTRIES LTD,Listed    ,12 MAY 2026,              10.00,          11787408,            135.00,     1591300080.00 
12 MAY 2026,GLOBALVECT,EQ,GLOBAL VEC HELICORP LTD  ,Listed    ,12 MAY 2026,              10.00,          14000000,            167.30,     2342060000.00
12 MAY 2026,GLOBE,EQ,GLOBE ENTERPRISE (I) LTD ,Listed    ,12 MAY 2026,               2.00,         450418788,              2.50,     1121542782.10     
12 MAY 2026,GLOBECIVIL,BE,GLOBE CIVIL PROJECTS LTD ,Listed    ,12 MAY 2026,              10.00,          59718999,             44.55,     2660481405.45
12 MAY 2026,GLOBUSSPR,EQ,GLOBUS SPIRITS LTD       ,Listed    ,12 MAY 2026,              10.00,          29067968,            940.00,    27323889920.00 
12 MAY 2026,GLOSTERLTD,EQ,GLOSTER LIMITED          ,Listed    ,12 MAY 2026,              10.00,          10943260,            651.15,     7125703749.00
12 MAY 2026,GLOTTIS,EQ,GLOTTIS LIMITED          ,Listed    ,12 MAY 2026,               2.00,          92403000,             58.45,     5401879380.00   
12 MAY 2026,GMBREW,EQ,G M BREWERIES LTD        ,Listed    ,12 MAY 2026,              10.00,          22846923,            915.40,    20914073314.20    
12 MAY 2026,GMDCLTD,EQ,GUJARAT MINERAL DEV CORP ,Listed    ,12 MAY 2026,               2.00,         318000000,            643.10,   204505800000.00   
12 MAY 2026,GML,SM,GALAXY MEDICARE LIMITED  ,Listed    ,12 MAY 2026,              10.00,          15171983,             18.05,      273854293.15       
12 MAY 2026,GMMPFAUDLR,EQ,GMM PFAUDLER LIMITED     ,Listed    ,12 MAY 2026,               2.00,          44957224,            862.20,    38762118532.80
12 MAY 2026,GMRAIRPORT,EQ,GMR AIRPORTS LIMITED     ,Listed    ,12 MAY 2026,               1.00,       10558975952,             94.70,   999829432894.90
12 MAY 2026,GMRP&UI,EQ,GMR POW AND URBAN INFRA L,Listed    ,12 MAY 2026,               5.00,         781017529,            104.90,    81920928616.80   
12 MAY 2026,GNA,EQ,GNA AXLES LIMITED        ,Listed    ,12 MAY 2026,              10.00,          42930800,            384.75,    16517625300.00       
12 MAY 2026,GNFC,EQ,GUJ NAR VAL FER & CHEM L ,Listed    ,12 MAY 2026,              10.00,         146940683,            470.15,    69084162112.45      
12 MAY 2026,GNRL,EQ,GUJARAT NATURAL RES L    ,Permitted ,12 MAY 2026,              10.00,         128402632,             96.00,    12329220724.65      
12 MAY 2026,GOACARBON,EQ,GOA CARBON LIMITED       ,Listed    ,12 MAY 2026,              10.00,           9151052,            404.70,     3703430744.40 
12 MAY 2026,GOCLCORP,EQ,GOCL CORPORATION LIMITED ,Listed    ,12 MAY 2026,               2.00,          49572490,            306.35,    15186532311.50  
12 MAY 2026,GOCOLORS,EQ,GO FASHION INDIA LTD     ,Listed    ,12 MAY 2026,              10.00,          54008984,            272.00,    14690443648.00  
12 MAY 2026,GODAVARIB,EQ,GODAVARI BIOREFINERIES L ,Listed    ,12 MAY 2026,              10.00,          51175977,            294.55,    15073884025.35 
12 MAY 2026,GODFRYPHLP,EQ,GODFREY PHILLIPS INDIA LT,Listed    ,12 MAY 2026,               2.00,         155981760,           2341.30,   365200094688.00
12 MAY 2026,GODIGIT,EQ,GO DIGIT GENERAL INS LTD ,Listed    ,12 MAY 2026,              10.00,         924490026,            309.20,   285852316039.20   
12 MAY 2026,GODREJAGRO,EQ,GODREJ AGROVET LIMITED   ,Listed    ,12 MAY 2026,              10.00,         192328994,            572.85,   110175664212.90
12 MAY 2026,GODREJCP,EQ,GODREJ CONSUMER PRODUCTS ,Listed    ,12 MAY 2026,               1.00,        1023244581,           1030.20,  1054146567346.20  
12 MAY 2026,GODREJIND,EQ,GODREJ INDUSTRIES LTD    ,Listed    ,12 MAY 2026,               1.00,         336804842,           1091.15,   367504603348.30 
12 MAY 2026,GODREJPROP,EQ,GODREJ PROPERTIES LTD    ,Listed    ,12 MAY 2026,               5.00,         301207741,           1712.40,   515788135688.40
12 MAY 2026,GOKEX,EQ,GOKALDAS EXPORTS LTD.    ,Listed    ,12 MAY 2026,               5.00,          73247228,            689.30,    50489314260.40     
12 MAY 2026,GOKUL,EQ,GOKUL REFOILS & SOLV LTD ,Listed    ,12 MAY 2026,               2.00,          98995000,             39.30,     3890503500.00     
12 MAY 2026,GOKULAGRO,EQ,GOKUL AGRO RESOURCES LTD ,Listed    ,12 MAY 2026,               1.00,         295086716,            235.10,    69368985197.30 
12 MAY 2026,GOLDENTOBC,BZ,GOLDEN TOBACCO LIMITED   ,Listed    ,12 MAY 2026,              10.00,          17608802,             26.70,      469802837.35
12 MAY 2026,GOLDIAM,EQ,GOLDIAM INTERNATIONAL LTD,Listed    ,12 MAY 2026,               2.00,         112917844,            383.35,    43287055497.40   
12 MAY 2026,GOLDKART,SM,GOLDKART JEWELS LIMITED  ,Listed    ,12 MAY 2026,              10.00,          16785350,            179.95,     3020523732.50  
12 MAY 2026,GOLDSTAR,ST,GOLDSTAR POWER LIMITED   ,Listed    ,12 MAY 2026,               1.00,         286198500,              6.85,     1960459725.00  
12 MAY 2026,GOLDTECH,EQ,AION-TECH SOLUTIONS LTD  ,Listed    ,12 MAY 2026,              10.00,          52261836,             41.05,     2144825749.45  
12 MAY 2026,GOODLUCK,EQ,GOODLUCK INDIA LIMITED   ,Listed    ,12 MAY 2026,               2.00,          33238509,           1305.00,    43376254245.00  
12 MAY 2026,GOODYEAR,EQ,GOODYEAR INDIA LIMITED   ,Permitted ,12 MAY 2026,              10.00,          23066507,            762.95,    17598591515.65  
12 MAY 2026,GOPAL,EQ,GOPAL SNACKS LIMITED     ,Listed    ,12 MAY 2026,               1.00,         124648419,            314.05,    39145835986.95     
12 MAY 2026,GOYALALUM,EQ,GOYAL ALUMINIUMS LIMITED ,Listed    ,12 MAY 2026,               1.00,         142732780,              6.90,      982001526.40 
12 MAY 2026,GOYALSALT,SM,GOYAL SALT LIMITED       ,Listed    ,12 MAY 2026,              10.00,          17900250,            120.00,     2148030000.00 
12 MAY 2026,GPECO,SM,GP ECO SOLUTIONS INDIA L ,Listed    ,12 MAY 2026,              10.00,          11830800,            353.90,     4186920120.00     
12 MAY 2026,GPIL,EQ,GODAWARI POW & ISP LTD   ,Listed    ,12 MAY 2026,               1.00,         671167908,            282.30,   189470700428.40      
12 MAY 2026,GPPL,EQ,GUJARAT PIPAVAV PORT LTD ,Listed    ,12 MAY 2026,              10.00,         483439910,            152.85,    73893790243.50      
12 MAY 2026,GPTHEALTH,EQ,GPT HEALTHCARE LIMITED   ,Listed    ,12 MAY 2026,              10.00,          82054823,            141.85,    11639476642.55 
12 MAY 2026,GPTINFRA,EQ,GPT INFRAPROJECTS LTD    ,Listed    ,12 MAY 2026,              10.00,         126364600,            112.80,    14255190526.00  
12 MAY 2026,GRADIENTE,BE,GRADIENTE INFOTAINMENT L ,Listed    ,12 MAY 2026,              10.00,         332400000,              8.05,     2682468000.00 
12 MAY 2026,GRANDOAK,EQ,GRAND OAK CANYONS DIST L ,Permitted ,12 MAY 2026,              10.00,         518883550,             29.00,    15047622950.00  
12 MAY 2026,GRANULES,EQ,GRANULES INDIA LIMITED   ,Listed    ,12 MAY 2026,               1.00,         247796921,            729.05,   180656345255.05  
12 MAY 2026,GRAPHISAD,ST,GRAPHISADS LIMITED       ,Listed    ,11 MAY 2026,              10.00,          18276500,             35.10,      641505150.00 
12 MAY 2026,GRAPHITE,EQ,GRAPHITE INDIA LTD       ,Listed    ,12 MAY 2026,               2.00,         195375594,            717.00,   140084300898.00  
12 MAY 2026,GRASIM,EQ,GRASIM INDUSTRIES LTD    ,Listed    ,12 MAY 2026,               2.00,         680524316,           2903.00,  1975562089348.00    
12 MAY 2026,GRAUWEIL,EQ,GRAUER & WEIL IND LTD    ,Permitted ,12 MAY 2026,               1.00,         453411500,             67.95,    30813845540.00  
12 MAY 2026,GRAVISSHO,EQ,GRAVISS HOSPITALITY LTD. ,Permitted ,12 MAY 2026,               2.00,          70519135,             27.10,     1911068558.50 
12 MAY 2026,GRAVITA,EQ,GRAVITA INDIA LIMITED    ,Listed    ,12 MAY 2026,               2.00,          73808451,           1685.30,   124389382470.30   
12 MAY 2026,GRCL,SM,GAYATRI RUBB AND CHEM LTD,Listed    ,12 MAY 2026,              10.00,           5738000,            559.95,     3212993100.00      
12 MAY 2026,GREAVESCOT,EQ,GREAVES COTTON LTD.      ,Listed    ,12 MAY 2026,               2.00,         232896261,            168.15,    39161506287.15
12 MAY 2026,GREENCHEF,SM,GREENCHEF APPLIANCES LTD ,Listed    ,12 MAY 2026,              10.00,          23271840,             53.15,     1236898296.00 
12 MAY 2026,GREENLAM,EQ,GREENLAM INDUSTRIES LTD. ,Listed    ,12 MAY 2026,               1.00,         255147702,            218.25,    55680883007.45  
12 MAY 2026,GREENLEAF,SM,GREENLEAF ENVIROTECH LTD ,Listed    ,12 MAY 2026,              10.00,           5929250,             84.50,      501021625.00 
12 MAY 2026,GREENPANEL,EQ,GREENPANEL INDUSTRIES LTD,Listed    ,12 MAY 2026,               1.00,         122627395,            214.35,    26285182118.25
12 MAY 2026,GREENPLY,EQ,GREENPLY INDUSTRIES LTD  ,Listed    ,12 MAY 2026,               1.00,         124887795,            257.50,    32158607212.50  
12 MAY 2026,GREENPOWER,EQ,ORIENT GREEN POWER CO LTD,Listed    ,12 MAY 2026,              10.00,        1173022796,             11.30,    13243427366.85
12 MAY 2026,GRETEX,ST,GRETEX INDUSTRIES LTD.   ,Listed    ,12 MAY 2026,              10.00,          15506060,            274.55,     4257188773.00    
12 MAY 2026,GRINDWELL,EQ,GRINDWELL NORTON LIMITED ,Listed    ,12 MAY 2026,               5.00,         110720000,           1786.70,   197823424000.00 
12 MAY 2026,GRINFRA,EQ,G R INFRAPROJECTS LIMITED,Listed    ,12 MAY 2026,               5.00,          96760529,            936.20,    90587207249.80   
12 MAY 2026,GRMOVER,EQ,GRM OVERSEAS LIMITED     ,Listed    ,12 MAY 2026,               2.00,         184056000,            158.10,    29102934720.00   
12 MAY 2026,GROBTEA,EQ,THE GROB TEA COMPANY LTD ,Listed    ,12 MAY 2026,              10.00,           1162330,            929.40,     1080269502.00   
12 MAY 2026,GROWW,EQ,BILLIONBRAINS GARAGE VN L,Listed    ,12 MAY 2026,               2.00,        6273596631,            183.10,  1148632807169.80     
12 MAY 2026,GRPLTD,EQ,GRP LIMITED              ,Listed    ,12 MAY 2026,              10.00,           5333332,           1794.70,     9571730940.40    
12 MAY 2026,GRSE,EQ,GARDEN REACH SHIP&ENG LTD,Listed    ,12 MAY 2026,              10.00,         114552000,           2791.30,   319748997600.00      
12 MAY 2026,GRWRHITECH,EQ,GARWARE HI-TECH FILMS LTD,Listed    ,12 MAY 2026,              10.00,          23232394,           4948.10,   114956208751.40
12 MAY 2026,GSFC,EQ,GUJ STATE FERT & CHEM LTD,Listed    ,12 MAY 2026,               2.00,         398477530,            167.10,    66593564813.60      
12 MAY 2026,GSLSU,EQ,GLOBAL SURFACES LIMITED  ,Listed    ,12 MAY 2026,              10.00,          42381818,             55.85,     2366600717.10     
12 MAY 2026,GSMFOILS,SM,GSM FOILS LIMITED        ,Listed    ,12 MAY 2026,              10.00,          14092749,            198.65,     2799524588.85  
12 MAY 2026,GSPCROP,EQ,GSP CROP SCIENCE LIMITED ,Listed    ,12 MAY 2026,              10.00,          46518750,            420.80,    19575090000.00   
12 MAY 2026,GSS,BE,GSS INFOTECH LIMITED     ,Listed    ,12 MAY 2026,              10.00,          26156843,             13.50,      353378948.95       
12 MAY 2026,GSTL,ST,GLOBESECURE TECHNO LTD   ,Listed    ,12 MAY 2026,              10.00,          15939349,             22.15,      353056580.35      
12 MAY 2026,GTECJAINX,EQ,G-TEC JAINX EDUCATION LTD,Listed    ,12 MAY 2026,              10.00,          10189098,             19.35,      197260937.30 
12 MAY 2026,GTL,BE,GTL LTD                  ,Listed    ,12 MAY 2026,              10.00,         157296781,              7.60,     1195455535.60       
12 MAY 2026,GTLINFRA,EQ,GTL INFRA.LTD            ,Listed    ,12 MAY 2026,              10.00,       12809111895,              1.30,    16395663225.60  
12 MAY 2026,GTPL,EQ,GTPL HATHWAY LIMITED     ,Listed    ,12 MAY 2026,              10.00,         112463038,             67.00,     7535023546.00      
12 MAY 2026,GUFICBIO,EQ,GUFIC BIOSCIENCES LTD.   ,Listed    ,12 MAY 2026,               1.00,         100282506,            296.45,    29728748903.70  
12 MAY 2026,GUJALKALI,EQ,GUJARAT ALKALIES & CHEM  ,Listed    ,12 MAY 2026,              10.00,          73445242,            679.20,    49884008366.40 
12 MAY 2026,GUJAPOLLO,EQ,GUJ. APOLLO IND. LTD.    ,Listed    ,12 MAY 2026,              10.00,          12970000,            410.45,     5323536500.00 
12 MAY 2026,GUJGASLTD,EQ,GUJARAT GAS LIMITED      ,Listed    ,12 MAY 2026,               2.00,         959087130,            368.25,   353183835622.50 
12 MAY 2026,GUJRAFFIA,EQ,GUJARAT RAFFIA INDUST LTD,Listed    ,12 MAY 2026,              10.00,           5404500,             38.05,      205587180.00 
12 MAY 2026,GUJTHEM,EQ,GUJARAT THEMIS BIOSYN LTD,Listed    ,12 MAY 2026,               1.00,         108965265,            362.30,    39478115509.50   
12 MAY 2026,GULFOILLUB,EQ,GULF OIL LUB. IND. LTD.  ,Listed    ,12 MAY 2026,               2.00,          49400074,            947.65,    46813980126.10
12 MAY 2026,GULFPETRO,EQ,GP PETROLEUMS LIMITED    ,Listed    ,12 MAY 2026,               5.00,          50984383,             33.45,     1705937455.20 
12 MAY 2026,GULPOLY,EQ,GULSHAN POLYOLS LIMITED  ,Listed    ,12 MAY 2026,               1.00,          62370586,            186.10,    11607166054.60   
12 MAY 2026,GURUNANAK,ST,GURUNANAK AGRICULTUR IN L,Listed    ,12 MAY 2026,              10.00,          12000000,             40.30,      483600000.00 
12 MAY 2026,GVKPIL,BE,GVK POW. & INFRA LTD.    ,Listed    ,12 MAY 2026,               1.00,        1578620550,              3.40,     5335737459.00    
12 MAY 2026,GVPIL,BE,GE POWER INDIA LIMITED   ,Listed    ,12 MAY 2026,              10.00,          67227471,            671.30,    45129801282.30     
12 MAY 2026,GVPTECH,EQ,GVP INFOTECH LIMITED     ,Listed    ,12 MAY 2026,               2.00,         162861590,              6.70,     1092801268.90   
12 MAY 2026,GVT&D,EQ,GE VERNOVA T&D INDIA LTD ,Listed    ,12 MAY 2026,               2.00,         256046535,           4282.40,  1096493681484.00     
12 MAY 2026,HAL,EQ,HINDUSTAN AERONAUTICS LTD,Listed    ,12 MAY 2026,               5.00,         668775000,           4572.50,  3057973687500.00       
12 MAY 2026,HALDER,EQ,HALDER VENTURE LIMITED   ,Listed    ,12 MAY 2026,              10.00,          12438135,            230.95,     2872836040.95    
12 MAY 2026,HALDYNGL,EQ,HALDYN GLASS LTD.        ,Permitted ,12 MAY 2026,               1.00,          53751700,            108.45,     5829371865.00  
12 MAY 2026,HALEOSLABS,EQ,HALEOS LABS LIMITED      ,Listed    ,12 MAY 2026,              10.00,           3023287,           1690.10,     5109657358.70
12 MAY 2026,HAPPSTMNDS,EQ,HAPPIEST MINDS TECHNO LTD,Listed    ,12 MAY 2026,               2.00,         152274811,            359.95,    54811318219.45
12 MAY 2026,HAPPYFORGE,EQ,HAPPY FORGINGS LIMITED   ,Listed    ,12 MAY 2026,               2.00,          94350461,           1417.10,   133704038283.10
12 MAY 2026,HARDWYN,EQ,HARDWYN INDIA LIMITED    ,Listed    ,12 MAY 2026,               1.00,         488434054,             23.05,    11268173625.80   
12 MAY 2026,HARIOMPIPE,EQ,HARIOM PIPE INDUSTRIES L ,Listed    ,12 MAY 2026,              10.00,          30967289,            313.55,     9709793465.95
12 MAY 2026,HARRMALAYA,EQ,HARRISON MALAYALAM LTD   ,Listed    ,12 MAY 2026,              10.00,          18455405,            213.15,     3933954129.80
12 MAY 2026,HARSHA,EQ,HARSHA ENGINEERS INT LTD ,Listed    ,12 MAY 2026,              10.00,          91044105,            412.25,    37532932286.25    
12 MAY 2026,HATHWAY,EQ,HATHWAY CABLE & DATACOM  ,Listed    ,12 MAY 2026,               2.00,        1770104500,             10.55,    18674602475.00   
12 MAY 2026,HATSUN,EQ,HATSUN AGRO PRODUCT LTD. ,Listed    ,12 MAY 2026,               1.00,         222748268,            930.55,   207278400787.40    
12 MAY 2026,HAVELLS,EQ,HAVELLS INDIA LIMITED    ,Listed    ,12 MAY 2026,               1.00,         627256842,           1190.90,   747000173137.80   
12 MAY 2026,HAVISHA,BE,SRI HAVISHA HOSP & INFR L,Listed    ,12 MAY 2026,               2.00,         153535800,              1.60,      244121922.00   
12 MAY 2026,HAWKINCOOK,EQ,HAWKINS COOKERS LTD      ,Permitted ,12 MAY 2026,              10.00,           5287815,           7295.00,    38574610425.00
12 MAY 2026,HBESD,EQ,H B ESTATE DEVELOPERS L  ,Permitted ,12 MAY 2026,              10.00,          22959947,             77.90,     1788579871.30     
12 MAY 2026,HBLENGINE,EQ,HBL ENGINEERING LTD      ,Listed    ,12 MAY 2026,               1.00,         277194946,            782.25,   216835746508.50 
12 MAY 2026,HBSL,BE,HB STOCKHOLDINGS LIMITED ,Listed    ,12 MAY 2026,              10.00,           7137665,             63.10,      450315284.85      
12 MAY 2026,HCC,EQ,HINDUSTAN CONSTRUCTION CO,Listed    ,12 MAY 2026,               1.00,        2619468062,             21.75,    56947235667.90       
12 MAY 2026,HCG,EQ,HEALTHCARE GLOB. ENT. LTD,Listed    ,12 MAY 2026,              10.00,         149302204,            606.35,    90529391395.40       
12 MAY 2026,HCL-INSYS,EQ,HCL INFOSYSTEMS LTD      ,Listed    ,12 MAY 2026,               2.00,         329209928,             11.50,     3789206271.30 
12 MAY 2026,HCLTECH,EQ,HCL TECHNOLOGIES LTD     ,Listed    ,12 MAY 2026,               2.00,        2713665096,           1145.80,  3109317466996.80   
12 MAY 2026,HDBFS,EQ,HDB FINANCIAL SERVICES L ,Listed    ,12 MAY 2026,              10.00,         830303971,            674.15,   559749422049.65     
12 MAY 2026,HDFCAMC,EQ,HDFC AMC LIMITED         ,Listed    ,12 MAY 2026,               5.00,         428400181,           2632.80,  1127891996536.80   
12 MAY 2026,HDFCBANK,EQ,HDFC BANK LTD            ,Listed    ,12 MAY 2026,               1.00,       15391982634,            750.45, 11550913367685.30  
12 MAY 2026,HDFCLIFE,EQ,HDFC LIFE INS CO LTD     ,Listed    ,12 MAY 2026,              10.00,        2157615850,            601.80,  1298453218530.00  
12 MAY 2026,HDIL,BZ,HOUSING DEV & INFRA LTD  ,Listed    ,12 MAY 2026,              10.00,         474003986,              2.00,      957488051.70      
12 MAY 2026,HEADSUP,EQ,HEADS UP VENTURES LIMITED,Listed    ,12 MAY 2026,              10.00,          22082609,              7.55,      167165350.15   
12 MAY 2026,HEALTHX,EQ,HEALTH X PLATFORM LIMITED,Listed    ,12 MAY 2026,              10.00,          31810500,            283.05,     9003962025.00   
12 MAY 2026,HECPROJECT,EQ,HEC INFRA PROJECTS LTD   ,Listed    ,12 MAY 2026,              10.00,          10838160,            114.75,     1243570478.40
12 MAY 2026,HEG,EQ,HEG LTD                  ,Listed    ,12 MAY 2026,               2.00,         192977530,            581.90,   112293624707.00       
12 MAY 2026,HEIDELBERG,EQ,HEIDELBERGCEMENT (I) LTD ,Listed    ,12 MAY 2026,              10.00,         226613116,            154.05,    34912016650.95
12 MAY 2026,HEMIPROP,EQ,HEMISPHERE PROP IND LTD  ,Listed    ,12 MAY 2026,              10.00,         285000000,            149.10,    42490650000.00  
12 MAY 2026,HERANBA,EQ,HERANBA INDUSTRIES LTD   ,Listed    ,12 MAY 2026,              10.00,          40013467,            208.75,     8353211370.90   
12 MAY 2026,HERITGFOOD,EQ,HERITAGE FOODS LTD       ,Listed    ,12 MAY 2026,               5.00,          92796000,            350.80,    32552836800.00
12 MAY 2026,HEROMOTOCO,EQ,HERO MOTOCORP LIMITED    ,Listed    ,12 MAY 2026,               2.00,         200089777,           5082.50,  1016956291602.50
12 MAY 2026,HESTERBIO,EQ,HESTER BIOSCIENCES LTD   ,Listed    ,12 MAY 2026,              10.00,           8506865,           1695.00,    14419136175.00 
12 MAY 2026,HEXATRADEX,EQ,HEXA TRADEX LIMITED      ,Listed    ,12 MAY 2026,               2.00,          55244704,            163.00,     9004886752.00
12 MAY 2026,HEXT,EQ,HEXAWARE TECHNOLOGIES LTD,Listed    ,12 MAY 2026,               1.00,         611015992,            494.75,   302300162042.00      
12 MAY 2026,HFCL,EQ,HFCL LIMITED             ,Listed    ,12 MAY 2026,               1.00,        1530602463,            147.80,   226192431982.15      
12 MAY 2026,HGINFRA,EQ,H.G.INFRA ENGINEERING LTD,Listed    ,12 MAY 2026,              10.00,          65171111,            634.85,    41373879818.35   
12 MAY 2026,HGM,EQ,HANDSON GBL MNGMNT LTD   ,Listed    ,12 MAY 2026,              10.00,          12594972,             58.10,      731515973.75       
12 MAY 2026,HGS,EQ,HINDUJA GLOBAL SOLS. LTD.,Listed    ,12 MAY 2026,              10.00,          46520285,            414.00,    19259397990.00       
12 MAY 2026,HIGREEN,SM,HI GREEN CARBON LIMITED  ,Listed    ,12 MAY 2026,              10.00,          24990000,            150.85,     3769741500.00   
12 MAY 2026,HIKAL,EQ,HIKAL LIMITED            ,Listed    ,12 MAY 2026,               2.00,         123300750,            198.70,    24497393010.00     
12 MAY 2026,HILINFRA,BE,HIGHWAY INFRASTRUCTURE L ,Listed    ,12 MAY 2026,               5.00,          71720632,             50.20,     3601092932.70  
12 MAY 2026,HILTON,EQ,HILTON METAL FORGING LTD ,Listed    ,12 MAY 2026,              10.00,          51466551,             22.10,     1136381446.10    
12 MAY 2026,HIMATSEIDE,EQ,HIMATSINGKA SEIDE LTD    ,Listed    ,12 MAY 2026,               5.00,         125742289,             79.15,     9949987328.55
12 MAY 2026,HINDALCO,EQ,HINDALCO  INDUSTRIES  LTD,Listed    ,12 MAY 2026,               1.00,        2247226523,           1041.40,  2340261701052.20  
12 MAY 2026,HINDCOMPOS,EQ,HINDUSTAN COMPOSITES LTD.,Listed    ,12 MAY 2026,               5.00,          14769000,            447.90,     6615035100.00
12 MAY 2026,HINDCON,BE,HINDCON CHEMICALS LIMITED,Listed    ,12 MAY 2026,               2.00,          51190625,             24.25,     1241884562.50   
12 MAY 2026,HINDCOPPER,EQ,HINDUSTAN COPPER LTD     ,Listed    ,12 MAY 2026,               5.00,         967024020,            564.20,   545594952084.00
12 MAY 2026,HINDOILEXP,EQ,HINDUSTAN OIL EXPLORATION,Listed    ,12 MAY 2026,              10.00,         132294300,            166.10,    21975406173.00
12 MAY 2026,HINDPETRO,EQ,HINDUSTAN PETROLEUM CORP ,Listed    ,12 MAY 2026,              10.00,        2127822518,            369.90,   787081549408.20 
12 MAY 2026,HINDUNILVR,EQ,HINDUSTAN UNILEVER LTD.  ,Listed    ,12 MAY 2026,               1.00,        2349591262,           2262.00,  5314775434644.00
12 MAY 2026,HINDWAREAP,EQ,HINDWARE HME INOVATON LTD,Listed    ,12 MAY 2026,               2.00,          83646357,            215.50,    18024117006.35
12 MAY 2026,HINDZINC,EQ,HINDUSTAN ZINC LIMITED   ,Listed    ,12 MAY 2026,               2.00,        4225319000,            641.90,  2712232266100.00  
12 MAY 2026,HIRECT,EQ,HIND RECTIFIER LIMITED   ,Listed    ,12 MAY 2026,               2.00,          34367614,            882.80,    30339729639.20    
12 MAY 2026,HISARMETAL,EQ,HISAR METAL IND. LIMITED ,Listed    ,12 MAY 2026,              10.00,           5400000,            149.90,      809352000.00
12 MAY 2026,HITECH,EQ,HI-TECH PIPES LIMITED    ,Listed    ,12 MAY 2026,               1.00,         203107734,             84.60,    17178852141.70    
12 MAY 2026,HITECHCORP,EQ,HITECH CORPORATION LTD   ,Listed    ,12 MAY 2026,              10.00,          17175700,            137.15,     2355819012.00
12 MAY 2026,HITECHGEAR,BE,THE HI-TECH GEARS LIMITED,Permitted ,12 MAY 2026,              10.00,          18813547,            602.15,    11328577326.05
12 MAY 2026,HLEGLAS,EQ,HLE GLASCOAT LIMITED     ,Listed    ,12 MAY 2026,               2.00,          69454739,            327.05,    22715172389.95   
12 MAY 2026,HLVLTD,EQ,HLV LIMITED              ,Listed    ,12 MAY 2026,               2.00,         659259899,              8.00,     5267486593.00    
12 MAY 2026,HMAAGRO,EQ,HMA AGRO INDUSTRIES LTD  ,Listed    ,12 MAY 2026,               1.00,         500769770,             23.90,    11963389805.30   
12 MAY 2026,HMT,BZ,HMT LTD -                ,Listed    ,12 MAY 2026,              10.00,         470670740,             57.50,    27058860842.60       
12 MAY 2026,HMVL,EQ,HINDUSTAN MEDIA VENT LTD ,Listed    ,12 MAY 2026,              10.00,          73671548,             63.20,     4657515264.55      
12 MAY 2026,HNDFDS,EQ,HINDUSTAN FOODS LIMITED  ,Listed    ,12 MAY 2026,               2.00,         119481762,            522.20,    62393376116.40    
12 MAY 2026,HOACFOODS,SM,HOAC FOODS INDIA LIMITED ,Listed    ,12 MAY 2026,              10.00,           4340460,            489.40,     2124221124.00 
12 MAY 2026,HOLMARC,SM,HOLMARC OPTO MECHATRO L  ,Listed    ,11 MAY 2026,              10.00,          10050000,            102.00,     1025100000.00   
12 MAY 2026,HOMEFIRST,EQ,HOME FIRST FIN CO IND LTD,Listed    ,12 MAY 2026,               2.00,         104328017,           1108.20,   115616308439.40 
12 MAY 2026,HOMESFY,SM,HOMESFY REALTY LIMITED   ,Listed    ,12 MAY 2026,              10.00,           3226200,            110.00,      354882000.00   
12 MAY 2026,HONASA,EQ,HONASA CONSUMER LIMITED  ,Listed    ,12 MAY 2026,              10.00,         325369794,            348.15,   113277493781.10    
12 MAY 2026,HONAUT,EQ,HONEYWELL AUTOMATION IND ,Listed    ,12 MAY 2026,              10.00,           8841523,          28455.00,   251585536965.00    
12 MAY 2026,HONDAPOWER,EQ,HONDA I POWER PRODUCT LTD,Listed    ,12 MAY 2026,              10.00,          10143071,           2186.10,    22173767513.10
12 MAY 2026,HPAL,EQ,HP ADHESIVES LIMITED     ,Listed    ,12 MAY 2026,               2.00,          91874735,             41.05,     3769620377.05      
12 MAY 2026,HPIL,EQ,HINDPRAKASH INDUSTRY LTD ,Listed    ,12 MAY 2026,              10.00,          11424110,            134.65,     1538142170.40      
12 MAY 2026,HPL,EQ,HPL ELECTRIC & POWER LTD ,Listed    ,12 MAY 2026,              10.00,          64300486,            348.10,    22382999176.60       
12 MAY 2026,HPTL,SM,HP TELECOM INDIA LIMITED ,Listed    ,05 MAY 2026,              10.00,          11914710,            263.00,     3133568730.00      
12 MAY 2026,HRHNEXT,SM,HRH NEXT SERVICES LIMITED,Listed    ,12 MAY 2026,              10.00,          13204438,             28.55,      376986704.90   
12 MAY 2026,HSCL,EQ,HIMADRI SPECIALITY CHEM L,Listed    ,12 MAY 2026,               1.00,         504541599,            607.70,   306609929712.30      
12 MAY 2026,HTMEDIA,EQ,HT MEDIA LIMITED         ,Listed    ,12 MAY 2026,               2.00,         182655286,             21.55,     3939874519.00   
12 MAY 2026,HUBTOWN,EQ,HUBTOWN LIMITED          ,Listed    ,12 MAY 2026,              10.00,         142100657,            216.70,    30794633378.45   
12 MAY 2026,HUDCO,EQ,HSG & URBAN DEV CORPN LTD,Listed    ,12 MAY 2026,              10.00,        2001900000,            218.95,   438275967000.00     
12 MAY 2026,HUHTAMAKI,EQ,HUHTAMAKI INDIA LIMITED  ,Listed    ,12 MAY 2026,               2.00,          75521934,            172.90,    13058497607.95 
12 MAY 2026,HVAX,SM,HVAX TECHNOLOGIES LIMITED,Listed    ,12 MAY 2026,              10.00,           2776875,            779.00,     2163185625.00      
12 MAY 2026,HYBRIDFIN,EQ,HYBRID FINANCIAL SERVICE ,Listed    ,12 MAY 2026,               5.00,          29436275,             18.70,      551047068.00 
12 MAY 2026,HYUNDAI,EQ,HYUNDAI MOTOR INDIA LTD  ,Listed    ,12 MAY 2026,              10.00,         812541100,           1877.90,  1525870931690.00   
12 MAY 2026,IBLFL,SM,IBL FINANCE LIMITED      ,Listed    ,12 MAY 2026,              10.00,          24730650,             62.80,     1553084820.00     
12 MAY 2026,IBULLSLTD,EQ,INDIABULLS LIMITED       ,Listed    ,12 MAY 2026,               2.00,        2324382138,             20.00,    46534130402.75 
12 MAY 2026,ICDSLTD,BE,ICDSLTD                  ,Listed    ,12 MAY 2026,              10.00,          13026700,             46.80,      609910094.00   
12 MAY 2026,ICEMAKE,EQ,ICE MAKE REFRIGERAT LTD  ,Listed    ,12 MAY 2026,              10.00,          15779735,            767.15,    12105423705.25   
12 MAY 2026,ICICIAMC,EQ,ICICI PRUDENTIAL AMC LTD ,Listed    ,12 MAY 2026,               1.00,         494258520,           3183.90,  1573669701828.00  
12 MAY 2026,ICICIBANK,EQ,ICICI BANK LTD.          ,Listed    ,12 MAY 2026,               2.00,        7158898886,           1240.30,  8879182288305.80 
12 MAY 2026,ICICIGI,EQ,ICICI LOMBARD GIC LIMITED,Listed    ,12 MAY 2026,              10.00,         498362434,           1782.80,   888480547335.20   
12 MAY 2026,ICICIPRULI,EQ,ICICI PRU LIFE INS CO LTD,Listed    ,12 MAY 2026,              10.00,        1449236343,            541.50,   784761479734.50
12 MAY 2026,ICIL,EQ,INDO COUNT INDUSTRIES LTD,Listed    ,12 MAY 2026,               2.00,         198054340,            281.50,    55752296710.00      
12 MAY 2026,ICRA,EQ,ICRA LIMITED             ,Listed    ,12 MAY 2026,              10.00,           9651231,           5326.00,    51402456306.00      
12 MAY 2026,IDBI,EQ,IDBI BANK LIMITED        ,Listed    ,12 MAY 2026,              10.00,       10752402175,             71.05,   763743126490.25      
12 MAY 2026,IDEA,EQ,VODAFONE IDEA LIMITED    ,Listed    ,12 MAY 2026,              10.00,      108343035001,             11.90,  1288198686161.90      
12 MAY 2026,IDEAFORGE,EQ,IDEAFORGE TECHNO LTD     ,Listed    ,12 MAY 2026,              10.00,          43275172,            732.60,    31703391007.20 
12 MAY 2026,IDEALTECHO,SM,IDEAL TECHNOPLAST IND LTD,Listed    ,11 MAY 2026,              10.00,           5000000,            208.60,     1043000000.00
12 MAY 2026,IDENTICAL,ST,IDENTICAL BRAINS STUDIO L,Listed    ,12 MAY 2026,              10.00,          14025958,             18.70,      262285414.60 
12 MAY 2026,IDFCFIRSTB,EQ,IDFC FIRST BANK LIMITED  ,Listed    ,12 MAY 2026,              10.00,        8601208660,             67.70,   582129802108.80
12 MAY 2026,IEML,SM,INDIAN EMULSIFIERS LTD   ,Listed    ,12 MAY 2026,              10.00,          18333333,             74.15,     1359416641.95      
12 MAY 2026,IEX,EQ,INDIAN ENERGY EXC LTD    ,Listed    ,12 MAY 2026,               1.00,         891692735,            127.20,   113432232819.35       
12 MAY 2026,IFBAGRO,EQ,IFB AGRO INDUSTRIES LTD  ,Listed    ,12 MAY 2026,              10.00,           9367111,           1071.75,    10039201214.25   
12 MAY 2026,IFBIND,EQ,IFB INDUSTRIES LTD       ,Listed    ,12 MAY 2026,              10.00,          40518796,           1121.60,    45445881593.60    
12 MAY 2026,IFCI,EQ,IFCI LTD                 ,Listed    ,12 MAY 2026,              10.00,        2694314331,             61.05,   164541776194.15      
12 MAY 2026,IFGLEXPOR,EQ,IFGL REFRACTORIES LIMITED,Listed    ,12 MAY 2026,              10.00,          72078624,            172.70,    12447257578.55 
12 MAY 2026,IGARASHI,EQ,IGARASHI MOTORS INDIA LTD,Listed    ,12 MAY 2026,              10.00,          31475048,            406.35,    12789885754.80  
12 MAY 2026,IGCL,EQ,INDOGULF CROPSCIENCES LTD,Listed    ,12 MAY 2026,              10.00,          63223997,             62.65,     3960351172.10      
12 MAY 2026,IGIL,EQ,INTL GEMOLOGICAL INST LTD,Listed    ,12 MAY 2026,               2.00,         432159696,            330.75,   142936819452.00      
12 MAY 2026,IGL,EQ,INDRAPRASTHA GAS LTD     ,Listed    ,12 MAY 2026,               2.00,        1400001600,            156.80,   219534250896.00       
12 MAY 2026,IGPL,EQ,I G PETROCHEMICALS LTD   ,Listed    ,12 MAY 2026,              10.00,          30794850,            447.55,    13782235117.50      
12 MAY 2026,IIFL,EQ,IIFL FINANCE LIMITED     ,Listed    ,12 MAY 2026,               2.00,         425285218,            445.70,   189549621662.60      
12 MAY 2026,IIFLCAPS,EQ,IIFL CAPITAL SERVICES LTD,Listed    ,12 MAY 2026,               2.00,         311413794,            345.35,   107546753757.90  
12 MAY 2026,IITL,EQ,INDUSTRIAL INV TRUST LTD ,Listed    ,12 MAY 2026,              10.00,          21827550,            161.10,     3516418305.00      
12 MAY 2026,IKIO,EQ,IKIO TECHNOLOGIES LIMITED,Listed    ,12 MAY 2026,              10.00,          77280701,            161.50,    12479287597.50      
12 MAY 2026,IKS,EQ,INVENTURUS KNOWLEDGE SO L,Listed    ,12 MAY 2026,               1.00,         171573159,           1654.40,   283850634249.60       
12 MAY 2026,IL&FSENGG,BZ,IL&FS ENG AND CONS CO LTD,Listed    ,12 MAY 2026,              10.00,         131121078,             26.90,     3524534576.65 
12 MAY 2026,IL&FSTRANS,BZ,IL&FS TRANS NET LTD      ,Listed    ,12 MAY 2026,              10.00,         328960027,              2.40,      786214464.55
12 MAY 2026,IMAGICAA,EQ,IMAGICAAWORLD ENT LTD    ,Listed    ,12 MAY 2026,              10.00,         565861447,             44.25,    25039369029.75  
12 MAY 2026,IMFA,EQ,INDIAN METALS & FERRO    ,Listed    ,12 MAY 2026,              10.00,          53954106,           1450.20,    78244244521.20      
12 MAY 2026,IMPAL,EQ,IND MOTOR PART & ACC LTD ,Listed    ,12 MAY 2026,              10.00,          12480000,           1017.30,    12695904000.00     
12 MAY 2026,IMPEXFERRO,BZ,IMPEX FERRO TECH LIMITED ,Listed    ,12 MAY 2026,              10.00,          87931604,              1.65,      144207830.55
12 MAY 2026,INA,EQ,INSOLATION ENERGY LIMITED,Listed    ,12 MAY 2026,               1.00,         220394625,            130.00,    28649097303.75       
12 MAY 2026,INCREDIBLE,EQ,INCREDIBLE INDUSTRIES LTD,Listed    ,12 MAY 2026,              10.00,          46763750,             36.45,     1704071050.00
12 MAY 2026,INDBANK,EQ,INDBANK MERCH BANK       ,Listed    ,12 MAY 2026,              10.00,          44378200,             33.20,     1473800022.00   
12 MAY 2026,INDGN,EQ,INDEGENE LIMITED         ,Listed    ,12 MAY 2026,               2.00,         240807964,            528.80,   127339251363.20     
12 MAY 2026,INDHOTEL,EQ,THE INDIAN HOTELS CO. LTD,Listed    ,12 MAY 2026,               1.00,        1423432227,            634.40,   903025404808.80  
12 MAY 2026,INDIACEM,EQ,THE INDIA CEMENTS LIMITED,Listed    ,12 MAY 2026,              10.00,         309897201,            390.45,   120999362130.45  
12 MAY 2026,INDIAGLYCO,EQ,INDIA GLYCOLS LTD        ,Listed    ,12 MAY 2026,               5.00,          67026765,           1051.50,    70478643397.50
12 MAY 2026,INDIAMART,EQ,INDIAMART INTERMESH LTD  ,Listed    ,12 MAY 2026,              10.00,          60087148,           2011.80,   120883324346.40 
12 MAY 2026,INDIANB,EQ,INDIAN BANK              ,Listed    ,12 MAY 2026,              10.00,        1346963981,            821.40,  1106396213993.40   
12 MAY 2026,INDIANCARD,EQ,INDIAN CARD CLOTHING CO. ,Listed    ,12 MAY 2026,              10.00,           5941120,            203.05,     1206285004.80
12 MAY 2026,INDIANHUME,EQ,INDIAN HUME PIPE CO. LTD.,Listed    ,12 MAY 2026,               2.00,          52681770,            328.85,    17324400064.50
12 MAY 2026,INDIASHLTR,EQ,INDIA SHELTER FIN CORP L ,Listed    ,12 MAY 2026,               5.00,         108758449,            831.80,    90465277878.20
12 MAY 2026,INDIFRA,SM,INDIFRA LIMITED          ,Listed    ,11 MAY 2026,              10.00,           7290000,             13.00,       94770000.00   
12 MAY 2026,INDIGO,EQ,INTERGLOBE AVIATION LTD  ,Listed    ,12 MAY 2026,              10.00,         386612998,           4201.70,  1624431833696.60    
12 MAY 2026,INDIGOPNTS,EQ,INDIGO PAINTS LIMITED    ,Listed    ,12 MAY 2026,              10.00,          47675662,            939.10,    44772214184.20
12 MAY 2026,INDIGRID,IV,INDIGRID INFRASTRUCT TRST,Listed    ,12 MAY 2026,             100.00,         952564719,            173.45,   165222350510.55  
12 MAY 2026,INDIQUBE,EQ,INDIQUBE SPACES LIMITED  ,Listed    ,12 MAY 2026,               1.00,         211965153,            163.60,    34673259727.75  
12 MAY 2026,INDNIPPON,EQ,INDIA NIPPON ELECT  LTD  ,Listed    ,12 MAY 2026,               5.00,          22621424,            770.25,    17424151836.00 
12 MAY 2026,INDOAMIN,EQ,INDO AMINES LIMITED      ,Listed    ,12 MAY 2026,               5.00,          72587560,            115.40,     8376604424.00  
12 MAY 2026,INDOBORAX,EQ,INDO BORAX & CHEMICAL LTD,Listed    ,12 MAY 2026,               1.00,          32090000,            281.80,     9042962000.00 
12 MAY 2026,INDOCO,EQ,INDOCO REMEDIES LTD.     ,Listed    ,12 MAY 2026,               2.00,          92303605,            217.80,    20103725169.00    
12 MAY 2026,INDOFARM,EQ,INDO FARM EQUIPMENT LTD  ,Listed    ,12 MAY 2026,              10.00,          48051600,            135.85,     6526848828.00  
12 MAY 2026,INDORAMA,EQ,INDO RAMA SYNTHETICS LTD ,Listed    ,12 MAY 2026,              10.00,         261113151,             37.80,     9872688239.30  
12 MAY 2026,INDOSTAR,EQ,INDOSTAR CAPITAL FIN LTD ,Listed    ,12 MAY 2026,              10.00,         161571182,            200.65,    32420873380.10  
12 MAY 2026,INDOTECH,EQ,INDO TECH TRANSFORM LTD. ,Listed    ,12 MAY 2026,              10.00,          10620000,           2652.20,    28166364000.00  
12 MAY 2026,INDOTHAI,EQ,INDO THAI SEC LTD        ,Listed    ,12 MAY 2026,               1.00,         128618190,            280.85,    36122418661.50  
12 MAY 2026,INDOUS,EQ,INDO US BIOTECH LTD      ,Listed    ,12 MAY 2026,              10.00,          20052000,            106.70,     2139748920.00    
12 MAY 2026,INDOWIND,BE,INDOWIND ENERGY LTD      ,Listed    ,12 MAY 2026,              10.00,         161002170,              9.90,     1590701439.60  
12 MAY 2026,INDPRUD,EQ,INDUSTRIAL & PRU INV CO L,Permitted ,12 MAY 2026,              10.00,           1675840,           6524.50,    10934018080.00   
12 MAY 2026,INDRAMEDCO,EQ,INDRAPRASTHA MEDICAL CORP,Listed    ,12 MAY 2026,              10.00,          91673000,            415.85,    38122217050.00
12 MAY 2026,INDSWFTLAB,EQ,IND SWIFT LABORATORIES LT,Listed    ,12 MAY 2026,              10.00,          86711558,            137.75,    11945384230.10
12 MAY 2026,INDTERRAIN,EQ,IND TERRAIN FASHIONS LTD ,Listed    ,12 MAY 2026,               2.00,          50667367,             30.00,     1520021010.00
12 MAY 2026,INDUSINDBK,EQ,INDUSIND BANK LIMITED    ,Listed    ,12 MAY 2026,              10.00,         779106092,            892.85,   695624874242.20
12 MAY 2026,INDUSINVIT,IV,INDUS INFRA TRUST        ,Listed    ,12 MAY 2026,             100.00,         442938605,            125.00,    55358466852.90
12 MAY 2026,INDUSTOWER,EQ,INDUS TOWERS LIMITED     ,Listed    ,12 MAY 2026,              10.00,        2638162757,            400.80,  1057375633005.60
12 MAY 2026,INFINIUM,SM,INFINIUM PHARMACHEM LTD  ,Listed    ,12 MAY 2026,              10.00,          15583120,            216.00,     3365953920.00  
12 MAY 2026,INFLUX,SM,INFLUX HEALTHTECH LIMITED,Listed    ,12 MAY 2026,              10.00,          23150400,            280.00,     6482112000.00    
12 MAY 2026,INFOBEAN,EQ,INFOBEANS TECHNO. LTD.   ,Listed    ,12 MAY 2026,              10.00,          96959440,            157.30,    15253659100.80  
12 MAY 2026,INFOLLION,SM,INFOLLION RESEARCH SER L ,Listed    ,12 MAY 2026,              10.00,           9706759,            213.65,     2073849060.35 
12 MAY 2026,INFOMEDIA,EQ,INFOMEDIA PRESS LIMITED  ,Listed    ,12 MAY 2026,              10.00,          50194172,              5.65,      283597071.80 
12 MAY 2026,INFY,EQ,INFOSYS LIMITED          ,Listed    ,12 MAY 2026,               5.00,        4055391127,           1140.30,  4624362502118.10      
12 MAY 2026,INGERRAND,EQ,INGERSOLL-RAND INDIA LTD ,Listed    ,12 MAY 2026,              10.00,          31568000,           4293.60,   135540364800.00 
12 MAY 2026,INM,SM,INTERIORS & MORE LIMITED ,Listed    ,12 MAY 2026,              10.00,          13990800,            170.00,     2378436000.00       
12 MAY 2026,INNOMET,ST,INNOMET ADVANCED MATERI L,Listed    ,12 MAY 2026,              10.00,          12940138,            109.65,     1418886131.70   
12 MAY 2026,INNOVACAP,EQ,INNOVA CAPTAB LIMITED    ,Listed    ,12 MAY 2026,              10.00,          57224929,            871.85,    49891554348.65 
12 MAY 2026,INNOVANA,EQ,INNOVANA THINKLABS LTD   ,Listed    ,12 MAY 2026,              10.00,          20660000,            375.50,     7757830000.00  
12 MAY 2026,INNOVISION,EQ,INNOVISION LIMITED       ,Listed    ,12 MAY 2026,              10.00,          23813294,            313.10,     7455942351.40
12 MAY 2026,INOXGREEN,EQ,INOX GREEN ENERGY SER LTD,Listed    ,12 MAY 2026,              10.00,         401492045,            178.70,    71742613521.05 
12 MAY 2026,INOXINDIA,EQ,INOX INDIA LIMITED       ,Listed    ,12 MAY 2026,               2.00,          90763500,           1411.40,   128103603900.00 
12 MAY 2026,INOXWIND,EQ,INOX WIND LIMITED        ,Listed    ,12 MAY 2026,              10.00,        1728237822,             95.35,   164787476327.70  
12 MAY 2026,INSECTICID,EQ,INSECTICIDES (I) LTD     ,Listed    ,12 MAY 2026,              10.00,          29097837,            701.15,    20401948412.55
12 MAY 2026,INSPIRE,ST,INSPIRE FILMS LIMITED    ,Listed    ,08 MAY 2026,              10.00,          13609299,             11.45,      155826473.55   
12 MAY 2026,INSPIRISYS,BE,INSPIRISYS SOLUTIONS LTD ,Listed    ,12 MAY 2026,              10.00,          39616873,             95.05,     3766376116.10
12 MAY 2026,INTEGRITY,SM,INTEGRITY INFRABUILD DE L,Listed    ,12 MAY 2026,              10.00,           4300000,            154.10,      662630000.00 
12 MAY 2026,INTELLECT,EQ,INTELLECT DESIGN ARENA   ,Listed    ,12 MAY 2026,               5.00,         139562624,            723.55,   100980536595.20 
12 MAY 2026,INTENTECH,EQ,INTENSE TECHNOLOGIES LTD ,Listed    ,12 MAY 2026,               2.00,          23624449,            101.10,     2388668038.40 
12 MAY 2026,INTERARCH,EQ,INTERARCH BLDNG SOLTN LTD,Listed    ,12 MAY 2026,              10.00,          16771853,           2026.20,    33983128548.60 
12 MAY 2026,INTERISE,IV,INTERISE TRUST           ,Listed    ,16 SEP 2025,             100.00,        1042411177,            107.60,   112142594421.65  
12 MAY 2026,INTLCONV,EQ,INTL CONVEYORS LIMITED   ,Listed    ,12 MAY 2026,               1.00,          63781000,             81.15,     5175190340.00  
12 MAY 2026,INVENTURE,EQ,INVENTURE GRO & SEC LTD  ,Listed    ,12 MAY 2026,               1.00,        1050000000,              1.00,     1029000000.00 
12 MAY 2026,INVICTA,ST,INVICTA DIAGNOSTIC LTD   ,Listed    ,12 MAY 2026,              10.00,          12571973,             86.10,     1082446875.30   
12 MAY 2026,INVPRECQ,EQ,INVESTMENT & PREC CAST L ,Permitted ,12 MAY 2026,              10.00,          10000000,            619.55,     6195500000.00  
12 MAY 2026,IOB,EQ,INDIAN OVERSEAS BANK     ,Listed    ,12 MAY 2026,              10.00,       19256589795,             33.65,   647984246601.75       
12 MAY 2026,IOC,EQ,INDIAN OIL CORP LTD      ,Listed    ,12 MAY 2026,              10.00,       14121238383,            137.65,  1943788463419.95       
12 MAY 2026,IOLCP,EQ,IOL CHEM AND PHARMA LTD  ,Listed    ,12 MAY 2026,               2.00,         293527510,            105.70,    31028793082.10     
12 MAY 2026,IONEXCHANG,EQ,ION EXCHANGE (INDIA) LTD ,Listed    ,12 MAY 2026,               1.00,         146666590,            393.10,    57654636529.00
12 MAY 2026,IPCALAB,EQ,IPCA LABORATORIES LTD    ,Listed    ,12 MAY 2026,               1.00,         253704218,           1509.10,   382865035383.80   
12 MAY 2026,IPHL,SM,INDIAN PHOSPHATE LIMITED ,Listed    ,12 MAY 2026,              10.00,          24989609,             54.95,     1373179014.55      
12 MAY 2026,IPL,EQ,INDIA PESTICIDES LIMITED ,Listed    ,12 MAY 2026,               1.00,         115163508,            167.95,    19342862803.70       
12 MAY 2026,IPSL,SM,INTEGRATED PERSO SER LTD ,Listed    ,12 MAY 2026,              10.00,           8606510,            211.00,     1815973610.00      
12 MAY 2026,IRB,EQ,IRB INFRA DEV LTD.       ,Listed    ,12 MAY 2026,               1.00,       12078000000,             20.80,   251463960000.00       
12 MAY 2026,IRBINVIT,IV,IRB INVIT FUND           ,Listed    ,12 MAY 2026,             102.00,        1281600000,             60.70,    77767488000.00  
12 MAY 2026,IRBIT,IV,IRB INFRASTRUCTURE TRUST ,Listed    ,13 JUN 2024,             100.00,        1172093265,            214.25,   251097540160.95     
12 MAY 2026,IRCON,EQ,IRCON INTERNATIONAL LTD  ,Listed    ,12 MAY 2026,               2.00,         940515740,            143.95,   135396645930.40     
12 MAY 2026,IRCTC,EQ,INDIAN RAIL TOUR CORP LTD,Listed    ,12 MAY 2026,               2.00,         800000000,            534.00,   427200000000.00     
12 MAY 2026,IREDA,EQ,INDIAN RENEWABLE ENERGY  ,Listed    ,12 MAY 2026,              10.00,        2809231268,            124.70,   350283046806.90     
12 MAY 2026,IRFC,EQ,INDIAN RAILWAY FIN CORP L,Listed    ,12 MAY 2026,              10.00,       13068506000,             99.35,  1298486756160.00      
12 MAY 2026,IRIS,EQ,IRIS REGTECH SOLUTION LTD,Listed    ,12 MAY 2026,              10.00,          20568247,            235.45,     4842999438.60      
12 MAY 2026,IRISDOREME,EQ,IRIS CLOTHINGS LIMITED   ,Listed    ,12 MAY 2026,               2.00,         190331470,             36.40,     6924258878.60
12 MAY 2026,IRMENERGY,EQ,IRM ENERGY LIMITED       ,Listed    ,12 MAY 2026,              10.00,          41059677,            291.75,    11979160764.75 
12 MAY 2026,ISFT,EQ,INTRASOFT TECH. LTD      ,Listed    ,12 MAY 2026,              10.00,          16311678,             78.00,     1271984650.45      
12 MAY 2026,ISGEC,EQ,ISGEC HEAVY ENG LTD      ,Listed    ,12 MAY 2026,               1.00,          73529510,           1054.00,    77500103540.00     
12 MAY 2026,ISHAN,ST,ISHAN INTERNATIONAL LTD  ,Listed    ,11 MAY 2026,               1.00,         216235290,              0.70,      151364703.00     
12 MAY 2026,ISHANCH,EQ,ISHAN DYES N CHEMICALS L ,Listed    ,12 MAY 2026,              10.00,          26140417,             64.35,     1681613025.60   
12 MAY 2026,ITALIANE,ST,ITALIAN EDIBLES LIMITED  ,Listed    ,11 MAY 2026,              10.00,          14777151,             38.80,      573353458.80  
12 MAY 2026,ITC,EQ,ITC LTD                  ,Listed    ,12 MAY 2026,               1.00,       12529229382,            300.70,  3767539275167.40       
12 MAY 2026,ITCHOTELS,EQ,ITC HOTELS LIMITED       ,Listed    ,12 MAY 2026,               1.00,        2082882888,            153.70,   320180757543.35 
12 MAY 2026,ITDC,EQ,INDIA TOUR. DEV. CO. LTD.,Listed    ,12 MAY 2026,              10.00,          85769400,            568.10,    48725596140.00      
12 MAY 2026,ITI,EQ,ITI LTD                  ,Listed    ,12 MAY 2026,              10.00,         960886938,            283.00,   271931003454.00       
12 MAY 2026,ITTL,ST,INNOVATIVE TYRE & TUBE LT,Listed    ,11 MAY 2026,              10.00,          10000000,             90.00,      900000000.00      
12 MAY 2026,IVALUE,EQ,IVALUE INFOSOLUTIONS LTD ,Listed    ,12 MAY 2026,               2.00,          54630380,            232.55,    12704294869.00    
12 MAY 2026,IVC,EQ,IL&FS INVESTMENT MANAGERS,Listed    ,12 MAY 2026,               2.00,         314032740,              7.65,     2408631115.80       
12 MAY 2026,IVP,EQ,IVP LTD                  ,Listed    ,12 MAY 2026,              10.00,          10326263,            161.20,     1664593595.60       
12 MAY 2026,IWARE,ST,IWARE SUPPLYCHAIN SER LTD,Listed    ,12 MAY 2026,              10.00,          10716000,            362.95,     3889372200.00     
12 MAY 2026,IWP,EQ,INDIAN WOOD PRODUCTS CO L,Permitted ,12 MAY 2026,               2.00,          63972720,             34.65,     2215375293.60       
12 MAY 2026,IXIGO,EQ,LE TRAVENUES TECHNOLOGY L,Listed    ,12 MAY 2026,               1.00,         438183527,            156.80,    68707177033.60     
12 MAY 2026,IZMO,BE,IZMO LIMITED             ,Listed    ,12 MAY 2026,              10.00,          14962576,            663.95,     9934402335.20      
12 MAY 2026,J&KBANK,EQ,J & K BANK LTD.          ,Listed    ,12 MAY 2026,               1.00,        1101182463,            130.05,   143208779313.15   
12 MAY 2026,JAGRAN,EQ,JAGRAN PRAKASHAN LIMITED ,Listed    ,12 MAY 2026,               2.00,         217654272,             65.75,    14310768384.00    
12 MAY 2026,JAGSNPHARM,EQ,JAGSONPAL PHARMACEUTICALS,Listed    ,12 MAY 2026,               2.00,          66890450,            212.30,    14200173630.50
12 MAY 2026,JAIBALAJI,EQ,JAI BALAJI INDUSTRIES LTD,Listed    ,12 MAY 2026,               2.00,         912256930,             83.00,    75699080051.40 
12 MAY 2026,JAICORPLTD,EQ,JAI CORP LIMITED         ,Listed    ,12 MAY 2026,               1.00,         175504995,            111.85,    19626723590.85
12 MAY 2026,JAINAM,SM,JAINAM FER ALLOYS (I) LTD,Listed    ,12 MAY 2026,              10.00,          11711200,            286.00,     3349403200.00    
12 MAY 2026,JAINIK,SM,JAINIK POWER CABLES LTD  ,Listed    ,12 MAY 2026,              10.00,          14347700,            144.30,     2070373110.00    
12 MAY 2026,JAINREC,EQ,JAIN RESOURCE RECYCLING L,Listed    ,12 MAY 2026,               2.00,         345085814,            541.80,   186967494025.20   
12 MAY 2026,JAIPURKURT,EQ,NANDANI CREATION LIMITED ,Listed    ,12 MAY 2026,              10.00,          19090714,             31.90,      608611962.30
12 MAY 2026,JAKHARIA,ST,JAKHARIA FABRIC LIMITED  ,Listed    ,16 OCT 2025,              10.00,          12191490,             60.50,      737585145.00  
12 MAY 2026,JALAN,SM,JALAN TRANSOLU. INDIA LTD,Listed    ,12 MAY 2026,              10.00,          14537220,              1.70,       24713274.00     
12 MAY 2026,JAMNAAUTO,EQ,JAMNA AUTO IND LTD       ,Listed    ,12 MAY 2026,               1.00,         399711135,            120.00,    47965336200.00 
12 MAY 2026,JARO,EQ,JARO INS OF TEC MG N RE L,Listed    ,12 MAY 2026,              10.00,          22176339,            409.55,     9082319637.45      
12 MAY 2026,JASH,EQ,JASH ENGINEERING LIMITED ,Listed    ,12 MAY 2026,               2.00,          62905120,            410.10,    25797389712.00      
12 MAY 2026,JAYAGROGN,EQ,JAYANT AGRO ORGANICS LTD ,Listed    ,12 MAY 2026,               5.00,          30000000,            208.15,     6244500000.00 
12 MAY 2026,JAYBARMARU,EQ,JAY BHARAT MARUTI LTD    ,Listed    ,12 MAY 2026,               2.00,         108250000,             87.40,     9459967500.00
12 MAY 2026,JAYBEE,ST,JAY BEE LAMINATIONS LTD  ,Listed    ,12 MAY 2026,              10.00,          22567600,             81.30,     1834745880.00    
12 MAY 2026,JAYESH,SM,JAYESH LOGISTICS LIMITED ,Listed    ,12 MAY 2026,              10.00,           8691449,            168.20,     1461901721.80    
12 MAY 2026,JAYKAY,EQ,JAYKAY ENTERPRISES LTD   ,Listed    ,12 MAY 2026,               1.00,         130287066,            161.25,    21007486521.85    
12 MAY 2026,JAYNECOIND,EQ,JAYASWAL NECO INDUSTR LTD,Listed    ,12 MAY 2026,              10.00,         970998244,            103.60,   100595418078.40
12 MAY 2026,JAYSREETEA,EQ,JAYSHREE TEA & INDUSTRIES,Listed    ,12 MAY 2026,               5.00,          28877488,             90.20,     2604171867.85
12 MAY 2026,JBCHEPHARM,EQ,J B CHEMICALS AND PHARMA ,Listed    ,12 MAY 2026,               1.00,         160558706,           2135.30,   342841004921.80
12 MAY 2026,JBMA,EQ,JBM AUTO LIMITED         ,Listed    ,12 MAY 2026,               1.00,         236494264,            657.05,   155388556161.20      
12 MAY 2026,JETFREIGHT,EQ,JET FREIGHT LOGISTICS LTD,Listed    ,12 MAY 2026,               5.00,          46403784,             19.20,      891880728.50
12 MAY 2026,JETKNIT,ST,JET KNITWEARS LTD.       ,Listed    ,08 DEC 2025,              10.00,           4083200,             89.20,      364221440.00   
12 MAY 2026,JEYYAM,SM,JEYYAM GLOBAL FOODS LTD  ,Listed    ,12 MAY 2026,               5.00,          47496756,             32.65,     1550769083.40    
12 MAY 2026,JFLLIFE,SM,JFL LIFE SCIENCES LIMITED,Listed    ,12 MAY 2026,              10.00,          65990646,              9.20,      607113943.20   
12 MAY 2026,JGCHEM,EQ,J.G.CHEMICALS LIMITED    ,Listed    ,12 MAY 2026,              10.00,          39186063,            387.95,    15202233140.85    
12 MAY 2026,JHS,BE,JHS SVEND. LAB. LTD      ,Listed    ,12 MAY 2026,              10.00,          85603966,              8.70,      744754504.20       
12 MAY 2026,JINDALPHOT,EQ,JINDAL PHOTO LIMITED     ,Listed    ,12 MAY 2026,              10.00,          10258326,           1041.60,    10685072361.60
12 MAY 2026,JINDALPOLY,EQ,JINDAL POLY FILMS LIMITED,Listed    ,12 MAY 2026,              10.00,          43786413,            711.65,    31160600811.45
12 MAY 2026,JINDALSAW,EQ,JINDAL SAW LIMITED       ,Listed    ,12 MAY 2026,               1.00,         639508234,            229.65,   146850275773.40 
12 MAY 2026,JINDALSTEL,EQ,JINDAL STEEL LIMITED     ,Listed    ,12 MAY 2026,               1.00,        1020088097,           1214.30,  1238692976187.10
12 MAY 2026,JINDRILL,EQ,JINDAL DRILLING IND. LTD ,Listed    ,12 MAY 2026,               5.00,          28981104,            571.80,    16571395267.20  
12 MAY 2026,JINDWORLD,EQ,JINDAL WORLDWIDE LTD     ,Listed    ,12 MAY 2026,               1.00,        1002602000,             29.10,    29165692180.00 
12 MAY 2026,JIOFIN,EQ,JIO FIN SERVICES LTD     ,Listed    ,12 MAY 2026,              10.00,        6353141623,            230.45,  1464208549852.80    
12 MAY 2026,JISLDVREQS,EQ,JAIN DVR EQUITY SHARES   ,Listed    ,12 MAY 2026,               2.00,          19294304,             22.75,      439331302.10
12 MAY 2026,JISLJALEQS,EQ,JAIN IRRIGATION SYSTEMS  ,Listed    ,12 MAY 2026,               2.00,         714609991,             32.30,    23081902709.30
12 MAY 2026,JITFINFRA,BE,JITF INFRALOGISTICS LTD  ,Listed    ,12 MAY 2026,               2.00,          25703706,            315.95,     8121085910.70 
12 MAY 2026,JIWANRAM,SM,JIWANRAM SHEODUTTRA IND L,Listed    ,12 MAY 2026,              10.00,          24748225,              5.85,      144777116.25  
12 MAY 2026,JKCEMENT,EQ,JK CEMENT LIMITED        ,Listed    ,12 MAY 2026,              10.00,          77268251,           5377.50,   415510019752.50  
12 MAY 2026,JKIL,EQ,JKUMAR INFR.LTD.         ,Listed    ,12 MAY 2026,               5.00,          75665506,            497.35,    37632239409.10      
12 MAY 2026,JKIPL,BE,JINKUSHAL INDUSTRIES LTD ,Listed    ,12 MAY 2026,              10.00,          38386000,             83.10,     3189876600.00     
12 MAY 2026,JKLAKSHMI,EQ,JK LAKSHMI CEMENT LTD    ,Listed    ,12 MAY 2026,               5.00,         124144426,            651.85,    80923544088.10 
12 MAY 2026,JKPAPER,EQ,JK PAPER LIMITED         ,Listed    ,12 MAY 2026,              10.00,         169402344,            391.10,    66253256738.40   
12 MAY 2026,JKTYRE,EQ,JK TYRE & INDUSTRIES LTD ,Listed    ,12 MAY 2026,               2.00,         288289511,            384.15,   110746415650.65    
12 MAY 2026,JLHL,EQ,JUPITER LIFE LINE HOSP L ,Listed    ,12 MAY 2026,              10.00,          65566022,           1234.20,    80921584352.40      
12 MAY 2026,JMA,EQ,JULLUNDUR MOT AGENCY LTD ,Listed    ,12 MAY 2026,               2.00,          22841054,             85.40,     1951082832.70       
12 MAY 2026,JMFINANCIL,EQ,JM FINANCIAL LIMITED     ,Listed    ,12 MAY 2026,               1.00,         956364073,            135.70,   129797731987.55
12 MAY 2026,JNKINDIA,EQ,JNK INDIA LIMITED        ,Listed    ,12 MAY 2026,               2.00,          55953915,            351.65,    19676194209.75  
12 MAY 2026,JOCIL,EQ,JOCIL LIMITED            ,Listed    ,12 MAY 2026,              10.00,           8881150,            132.95,     1180748892.50     
12 MAY 2026,JPOLYINVST,EQ,JIND POL INV & FIN CO LTD,Listed    ,12 MAY 2026,              10.00,          10511929,           1049.90,    11036474257.10
12 MAY 2026,JPPOWER,EQ,JAIPRAKASH POWER VEN. LTD,Listed    ,12 MAY 2026,              10.00,        6853458827,             17.50,   120072598649.05   
12 MAY 2026,JSFB,EQ,JANA SMALL FIN BANK LTD  ,Listed    ,12 MAY 2026,              10.00,         105295298,            461.95,    48641162911.10      
12 MAY 2026,JSL,EQ,JINDAL STAINLESS LIMITED ,Listed    ,12 MAY 2026,               2.00,         824419588,            732.10,   603557580374.80       
12 MAY 2026,JSLL,EQ,JEENA SIKHO LIFECARE LTD ,Listed    ,12 MAY 2026,               2.00,         124300730,            738.05,    91740153776.50      
12 MAY 2026,JSWCEMENT,EQ,JSW CEMENT LIMITED       ,Listed    ,12 MAY 2026,              10.00,        1363364936,            121.40,   165526136879.75 
12 MAY 2026,JSWDULUX,EQ,JSW DULUX LIMITED        ,Listed    ,12 MAY 2026,              10.00,          45540314,           2922.80,   133105229759.20  
12 MAY 2026,JSWENERGY,EQ,JSW ENERGY LIMITED       ,Listed    ,12 MAY 2026,              10.00,        1757292260,            517.95,   910189526067.00 
12 MAY 2026,JSWHL,EQ,JSW HOLDINGS LIMITED     ,Listed    ,12 MAY 2026,              10.00,          11099625,          12339.00,   136958272875.00     
12 MAY 2026,JSWINFRA,EQ,JSW INFRASTRUCTURE LTD   ,Listed    ,12 MAY 2026,               2.00,        2100001567,            272.05,   571305426302.35  
12 MAY 2026,JSWSTEEL,EQ,JSW STEEL LIMITED        ,Listed    ,12 MAY 2026,               1.00,        2445453966,           1252.30,  3062442001621.80  
12 MAY 2026,JTEKTINDIA,EQ,JTEKT INDIA LIMITED      ,Listed    ,12 MAY 2026,               1.00,         277396890,            135.60,    37612244315.10
12 MAY 2026,JTLIND,EQ,JTL INDUSTRIES LIMITED   ,Listed    ,12 MAY 2026,               1.00,         393081630,             74.80,    29394644291.40    
12 MAY 2026,JUBLCPL,EQ,JUBILANT AGRI N CON PRO L,Listed    ,12 MAY 2026,              10.00,          15152493,           1813.80,    27483591803.40   
12 MAY 2026,JUBLFOOD,EQ,JUBILANT FOODWORKS LTD   ,Listed    ,12 MAY 2026,               2.00,         659845200,            442.15,   291750555180.00  
12 MAY 2026,JUBLINGREA,EQ,JUBILANT INGREVIA LIMITED,Listed    ,12 MAY 2026,               1.00,         159281139,            712.15,   113432063138.85
12 MAY 2026,JUBLPHARMA,EQ,JUBILANT PHARMOVA LTD    ,Listed    ,12 MAY 2026,               1.00,         159281139,            988.10,   157385693445.90
12 MAY 2026,JUNIPER,EQ,JUNIPER HOTELS LIMITED   ,Listed    ,12 MAY 2026,              10.00,         222502384,            200.15,    44531627133.75   
12 MAY 2026,JUSTDIAL,EQ,JUSTDIAL LTD.            ,Listed    ,12 MAY 2026,              10.00,          85044657,            530.15,    45086424908.55  
12 MAY 2026,JWL,EQ,JUPITER WAGONS LIMITED   ,Listed    ,12 MAY 2026,              10.00,         427370389,            275.05,   117548225494.45       
12 MAY 2026,JYOTHYLAB,EQ,JYOTHY LABS LIMITED      ,Listed    ,12 MAY 2026,               1.00,         367214511,            228.65,    83963597940.15 
12 MAY 2026,JYOTICNC,EQ,JYOTI CNC AUTOMATION LTD ,Listed    ,12 MAY 2026,               2.00,         227423096,            726.00,   165109167696.00  
12 MAY 2026,JYOTIGLOBL,ST,JYOTI GLOBAL PLAST LTD   ,Listed    ,12 MAY 2026,              10.00,          19820000,             51.30,     1016766000.00
12 MAY 2026,JYOTISTRUC,EQ,JYOTI STRUCTURES LTD     ,Listed    ,12 MAY 2026,               2.00,        1193659937,             12.35,    14765573420.70
12 MAY 2026,K2INFRA,SM,K2 INFRAGEN LIMITED      ,Listed    ,12 MAY 2026,              10.00,          12618394,             54.20,      683916954.80   
12 MAY 2026,KABRAEXTRU,EQ,KABRA EXTRUSION TECHNIK L,Listed    ,12 MAY 2026,               5.00,          34972836,            231.00,     8078725116.00
12 MAY 2026,KAJARIACER,EQ,KAJARIA CERAMICS LTD     ,Listed    ,12 MAY 2026,               1.00,         159272290,           1072.60,   170835458254.00
12 MAY 2026,KAKATCEM,BE,KAKATIYA CEM SUGAR &IND L,Listed    ,12 MAY 2026,              10.00,           7773858,            124.65,      968933661.10  
12 MAY 2026,KALAMANDIR,EQ,SAI SILKS (KALAMANDIR) L ,Listed    ,12 MAY 2026,               2.00,         153366112,            108.35,    16615684574.10
12 MAY 2026,KALANA,ST,KALANA ISPAT LIMITED     ,Listed    ,12 MAY 2026,              10.00,          13039185,             22.55,      294033621.75    
12 MAY 2026,KALPATARU,EQ,KALPATARU LIMITED        ,Listed    ,12 MAY 2026,              10.00,         205913993,            379.25,    78092881845.25 
12 MAY 2026,KALYANI,BE,KALYANI COMMERCIALS LTD  ,Listed    ,04 JUL 2025,              10.00,           1000000,            138.10,      138090000.00   
12 MAY 2026,KALYANIFRG,EQ,KALYANI FORGE LIMITED    ,Listed    ,12 MAY 2026,              10.00,           3638000,            638.40,     2322499200.00
12 MAY 2026,KALYANKJIL,EQ,KALYAN JEWELLERS IND LTD ,Listed    ,12 MAY 2026,              10.00,        1032740207,            361.80,   373645406892.60
12 MAY 2026,KAMAHOLD,EQ,KAMA HOLDINGS LTD.       ,Permitted ,12 MAY 2026,              10.00,          32090575,           2634.80,    84552247010.00  
12 MAY 2026,KAMATHOTEL,EQ,KAMAT HOTELS (I) LTD     ,Listed    ,12 MAY 2026,              10.00,          29480072,            174.35,     5139260951.75
12 MAY 2026,KAMDHENU,EQ,KAMDHENU LIMITED         ,Listed    ,12 MAY 2026,               1.00,         281883000,             25.55,     7196472990.00  
12 MAY 2026,KAMOPAINTS,BE,KAMDHENU VENTURES LIMITED,Listed    ,12 MAY 2026,               1.00,         314355000,              5.20,     1637789550.00
12 MAY 2026,KANANIIND,EQ,KANANI INDUSTRIES LTD    ,Listed    ,12 MAY 2026,               1.00,         197868000,              1.60,      316588800.00 
12 MAY 2026,KANCHI,BE,KANCHI KARPOORAM LTD.    ,Permitted ,12 MAY 2026,              10.00,           4343891,            388.15,     1686081291.65    
12 MAY 2026,KANDARP,SM,KANDARP DG SMART BPO LTD ,Listed    ,11 MAY 2026,              10.00,           8973000,            152.00,     1363896000.00   
12 MAY 2026,KANORICHEM,EQ,KANORIA CHEMICALS & INDUS,Listed    ,12 MAY 2026,               5.00,          43693333,             91.80,     4011484902.75
12 MAY 2026,KANPRPLA,EQ,KANPUR PLASTIPACK LIMITED,Listed    ,12 MAY 2026,              10.00,          24012458,            206.65,     4962414570.30  
12 MAY 2026,KANSAINER,EQ,KANSAI NEROLAC PAINTS LTD,Listed    ,12 MAY 2026,               1.00,         808524735,            213.85,   172886844085.05 
12 MAY 2026,KAPSTON,EQ,KAPSTON SERVICES LIMITED ,Listed    ,12 MAY 2026,               5.00,          30432183,            338.95,    10314988427.85   
12 MAY 2026,KARMAENG,EQ,KARMA ENERGY LIMITED     ,Listed    ,12 MAY 2026,              10.00,          11569918,             49.55,      573520835.25  
12 MAY 2026,KARNIKA,SM,KARNIKA INDUSTRIES LTD   ,Listed    ,11 MAY 2026,              10.00,          61997500,            127.60,     7910881000.00   
12 MAY 2026,KARURVYSYA,EQ,KARUR VYSYA BANK LTD     ,Listed    ,12 MAY 2026,               2.00,         966493959,            283.90,   274387634960.10
12 MAY 2026,KATARIA,SM,KATARIA INDUSTRIES LTD   ,Listed    ,12 MAY 2026,              10.00,          21531234,             99.65,     2145587468.10   
12 MAY 2026,KAUSHALYA,EQ,KAUSHALYA INFRA DEV LTD. ,Listed    ,12 MAY 2026,            1000.00,            346306,            890.80,      308489384.80 
12 MAY 2026,KAVDEFENCE,BE,KAVVERI DFS & WIR TEC LTD,Listed    ,12 MAY 2026,              10.00,          34374260,             62.65,     2152859903.80
12 MAY 2026,KAYA,EQ,KAYA LIMITED             ,Listed    ,12 MAY 2026,              10.00,          15187609,            241.85,     3673123236.65      
12 MAY 2026,KAYNES,EQ,KAYNES TECHNOLOGY IND LTD,Listed    ,12 MAY 2026,              10.00,          67034654,           4049.30,   271443424442.20    
12 MAY 2026,KAYTEX,SM,KAYTEX FABRICS LIMITED   ,Listed    ,12 MAY 2026,              10.00,          14699200,             67.20,      987786240.00    
12 MAY 2026,KCEIL,ST,KAY CEE ENERGY & INFRA L ,Listed    ,12 MAY 2026,              10.00,          12224000,            111.65,     1364809600.00     
12 MAY 2026,KCK,SM,KCK INDUSTRIES LTD       ,Listed    ,12 MAY 2026,               2.00,          63601700,             14.45,      919044565.00       
12 MAY 2026,KCP,EQ,KCP LTD                  ,Listed    ,12 MAY 2026,               1.00,         128921160,            161.20,    20783380203.60       
12 MAY 2026,KCPSUGIND,EQ,KCP SUGAR IND CORP LTD.  ,Listed    ,12 MAY 2026,               1.00,         113385050,             25.75,     2918531187.00 
12 MAY 2026,KDDL,EQ,KDDL LIMITED             ,Listed    ,12 MAY 2026,              10.00,          12299280,           2286.00,    28116154080.00      
12 MAY 2026,KDL,SM,KORE DIGITAL LIMITED     ,Listed    ,12 MAY 2026,              10.00,          12024000,            144.80,     1741075200.00       
12 MAY 2026,KEC,EQ,KEC INTL. LIMITED        ,Listed    ,12 MAY 2026,               2.00,         266200000,            551.70,   146862540000.00       
12 MAY 2026,KECL,BE,KIRLOSKAR ELECTRIC CO LTD,Listed    ,12 MAY 2026,              10.00,          66414071,            117.10,     7778415995.50      
12 MAY 2026,KEEPLEARN,EQ,DSJ KEEP LEARNING LTD    ,Listed    ,12 MAY 2026,               1.00,         155712083,              1.95,      302081441.00 
12 MAY 2026,KEI,EQ,KEI INDUSTRIES LTD.      ,Listed    ,12 MAY 2026,               2.00,          95600595,           4997.10,   477725733274.50       
12 MAY 2026,KEL,SM,KUNDAN EDIFICE LIMITED   ,Listed    ,12 MAY 2026,              10.00,          10272000,             92.00,      945024000.00       
12 MAY 2026,KELLTONTEC,EQ,KELLTON TECH SOL LTD     ,Listed    ,12 MAY 2026,               1.00,         527804670,             15.10,     7975128563.70
12 MAY 2026,KEN,SM,KEN ENTERPRISES LIMITED  ,Listed    ,12 MAY 2026,              10.00,          24565480,             34.75,      853650430.00       
12 MAY 2026,KENNAMET,EQ,KENNAMETAL INDIA LIMITED ,Permitted ,12 MAY 2026,              10.00,          21978240,           2974.20,    65367681408.00  
12 MAY 2026,KERNEX,EQ,KERNEX MICROSYS(I) LTD   ,Listed    ,12 MAY 2026,              10.00,          16802422,           1374.00,    23086527828.00    
12 MAY 2026,KESORAMIND,EQ,KESORAM INDUSTRIES LTD   ,Listed    ,12 MAY 2026,              10.00,         310663663,             12.95,     4029307709.10
12 MAY 2026,KEYFINSERV,EQ,KEYNOTE FIN SERV LTD.    ,Listed    ,12 MAY 2026,              10.00,           5566637,            267.95,     1491580384.15
12 MAY 2026,KFINTECH,EQ,KFIN TECHNOLOGIES LIMITED,Listed    ,12 MAY 2026,              10.00,         172524054,            857.35,   147913497696.90  
12 MAY 2026,KHADIM,EQ,KHADIM INDIA LIMITED     ,Listed    ,12 MAY 2026,              10.00,          18378382,            100.20,     1841881444.05    
12 MAY 2026,KHAICHEM,BE,KHAITAN CHEM & FERT LTD  ,Listed    ,12 MAY 2026,               1.00,          96989200,             55.95,     5427515632.00  
12 MAY 2026,KHAITANLTD,BE,KHAITAN (INDIA)LTD.      ,Listed    ,12 MAY 2026,              10.00,           4750000,            144.60,      686945000.00
12 MAY 2026,KHANDSE,EQ,KHANDWALA SECURITIES LTD ,Listed    ,12 MAY 2026,              10.00,          15253805,             17.00,      259009608.90   
12 MAY 2026,KHFM,SM,KHFM HOS FAC MANA SER LTD,Listed    ,12 MAY 2026,              10.00,          23110499,             56.75,     1311520818.25      
12 MAY 2026,KICL,EQ,KALYANI INVEST CO LTD    ,Listed    ,12 MAY 2026,              10.00,           4365306,           4834.50,    21104071857.00      
12 MAY 2026,KILITCH,EQ,KILITCH DRUGS INDIA LTD  ,Listed    ,12 MAY 2026,              10.00,          34961564,            147.95,     5172213778.15   
12 MAY 2026,KIMS,EQ,KRISHNA INST OF MED SCI L,Listed    ,12 MAY 2026,               2.00,         400138935,            750.10,   300144215143.50      
12 MAY 2026,KINGFA,EQ,KINGFA SCI & TEC IND LTD.,Listed    ,12 MAY 2026,              10.00,          13551381,           5261.30,    71297880855.30    
12 MAY 2026,KIOCL,EQ,KIOCL LIMITED            ,Listed    ,12 MAY 2026,              10.00,         607751096,            379.60,   230702316041.60     
12 MAY 2026,KIRANVYPAR,EQ,KIRAN VYAPAR LTD.        ,Permitted ,12 MAY 2026,              10.00,          27284211,            192.00,     5238568512.00
12 MAY 2026,KIRIINDUS,EQ,KIRI INDUSTRIES LIMITED  ,Listed    ,12 MAY 2026,              10.00,          60022554,            393.70,    23630879509.80 
12 MAY 2026,KIRLFER,EQ,KIRLOSKAR FERROUS IND LTD,Permitted ,12 MAY 2026,               5.00,         164921643,            439.60,    72499554262.80   
12 MAY 2026,KIRLOSBROS,EQ,KIRLOSKAR BROTHERS LTD   ,Listed    ,12 MAY 2026,               2.00,          79408926,           1679.00,   133327586754.00
12 MAY 2026,KIRLOSENG,EQ,KIRLOSKAR OIL ENG LTD    ,Listed    ,12 MAY 2026,               2.00,         145349673,           1561.10,   226905374520.30 
12 MAY 2026,KIRLOSIND,EQ,KIRLOSKAR INDUSTRIES LTD ,Listed    ,12 MAY 2026,              10.00,          10509372,           3187.80,    33501776061.60 
12 MAY 2026,KIRLPNU,EQ,KIRLOSKAR PNEUMATIC COM L,Listed    ,12 MAY 2026,               2.00,          64952090,           1495.60,    97142345804.00   
12 MAY 2026,KISSHT,EQ,ONEMI TECHNOLOGY SOL LTD ,Listed    ,12 MAY 2026,               1.00,         168483022,            199.70,    33649429153.85    
12 MAY 2026,KITEX,EQ,KITEX GARMENTS LTD       ,Listed    ,12 MAY 2026,               1.00,         199500000,            156.80,    31283595000.00     
12 MAY 2026,KKCL,EQ,KEWAL KIRAN CLOTHING LTD ,Listed    ,12 MAY 2026,              10.00,          61625185,            456.10,    28107246878.50      
12 MAY 2026,KKJEWELS,SM,KABRA JEWELS LIMITED     ,Listed    ,12 MAY 2026,              10.00,          10485000,            106.35,     1115079750.00  
12 MAY 2026,KKVAPOW,SM,KKV AGRO POWERS LTD.     ,Listed    ,11 MAY 2026,              10.00,            623562,            613.00,      382243506.00   
12 MAY 2026,KLBRENG-B,EQ,KILBURN ENGINEERING LTD. ,Permitted ,12 MAY 2026,              10.00,          52312858,            505.00,    26417993290.00 
12 MAY 2026,KLL,SM,KAUSHALYA LOGISTICS LTD  ,Listed    ,12 MAY 2026,              10.00,          18530000,             39.55,      732861500.00       
12 MAY 2026,KMEW,EQ,KNOWLEDGE MARINE & EN W L,Listed    ,12 MAY 2026,               5.00,          24444108,           2001.90,    48934659805.20      
12 MAY 2026,KMSUGAR,EQ,K M SUGAR MILLS LTD      ,Listed    ,12 MAY 2026,               2.00,          92000170,             29.05,     2673524940.20   
12 MAY 2026,KNAGRI,EQ,KN AGRI RESOURCES LIMITED,Listed    ,12 MAY 2026,              10.00,          24998910,            187.35,     4683545788.50    
12 MAY 2026,KNRCON,EQ,KNR CONSTRU LTD.         ,Listed    ,12 MAY 2026,               2.00,         281234600,            130.55,    36712364684.00    
12 MAY 2026,KODYTECH,ST,KODY TECHNOLAB LIMITED   ,Listed    ,12 MAY 2026,              10.00,          12747560,            802.20,    10226092632.00  
12 MAY 2026,KOHINOOR,EQ,KOHINOOR FOODS LIMITED   ,Listed    ,12 MAY 2026,              10.00,          37071530,             24.85,      921968951.10  
12 MAY 2026,KOKUYOCMLN,EQ,KOKUYO CAMLIN LIMITED    ,Listed    ,12 MAY 2026,               1.00,         100303806,             92.45,     9274089902.75
12 MAY 2026,KOLTEPATIL,EQ,KOLTE PATIL DEV. LTD.    ,Listed    ,12 MAY 2026,              10.00,          88680094,            364.00,    32279554216.00
12 MAY 2026,KONSTELEC,ST,KONSTELEC ENGINEERS LTD  ,Listed    ,12 MAY 2026,              10.00,          15100000,             43.25,      653075000.00 
12 MAY 2026,KONTOR,SM,KONTOR SPACE LIMITED     ,Listed    ,12 MAY 2026,              10.00,           6180000,             67.00,      414060000.00    
12 MAY 2026,KOPRAN,EQ,KOPRAN LTD               ,Listed    ,12 MAY 2026,              10.00,          48287601,            150.40,     7261489438.40    
12 MAY 2026,KORE,SM,JAY JALARAM TECHNO LTD   ,Listed    ,11 MAY 2026,              10.00,          12125000,            146.95,     1781768750.00      
12 MAY 2026,KOTAKBANK,EQ,KOTAK MAHINDRA BANK LTD  ,Listed    ,12 MAY 2026,               1.00,        9946457005,            376.00,  3739867833880.00 
12 MAY 2026,KOTARISUG,EQ,KOTHARI SUG & CHEM LTD.  ,Listed    ,12 MAY 2026,              10.00,          82888580,             26.30,     2181627425.60 
12 MAY 2026,KOTHARIPET,EQ,KOTHARI PETROCHEM LTD    ,Listed    ,12 MAY 2026,              10.00,          58846400,            139.00,     8180238064.00
12 MAY 2026,KOTHARIPRO,EQ,KOTHARI PRODUCTS LTD     ,Listed    ,12 MAY 2026,              10.00,          59687730,             71.85,     4289757155.10
12 MAY 2026,KOTIC,EQ,KOTHARI INDUSTRIAL CORP L,Permitted ,12 MAY 2026,               5.00,         108021773,            177.05,    19123094474.20     
12 MAY 2026,KOTYARK,EQ,KOTYARK INDUSTRIES LTD   ,Listed    ,12 MAY 2026,              10.00,          10279116,            415.05,     4266347095.80   
12 MAY 2026,KOVAI,EQ,KOVAI MEDICAL CENTER & HO,Permitted ,12 MAY 2026,              10.00,          10942262,           5423.00,    59339886826.00     
12 MAY 2026,KPEL,EQ,K.P. ENERGY LIMITED      ,Listed    ,12 MAY 2026,               5.00,          67595841,            359.20,    24280426087.20      
12 MAY 2026,KPIGREEN,EQ,KPI GREEN ENERGY LIMITED ,Listed    ,12 MAY 2026,               5.00,         197341073,            432.70,    85389482287.10  
12 MAY 2026,KPIL,EQ,KALPATARU PROJECT INT LTD,Listed    ,12 MAY 2026,               2.00,         170772546,           1232.60,   210494240199.60      
12 MAY 2026,KPITTECH,EQ,KPIT TECHNOLOGIES LIMITED,Listed    ,12 MAY 2026,              10.00,         274143808,            712.05,   195204098486.40  
12 MAY 2026,KPL,EQ,KWALITY PHARMACEUTICALS L,Permitted ,12 MAY 2026,              10.00,          10376198,           1675.10,    17381169269.80       
12 MAY 2026,KPRMILL,EQ,KPR MILL LTD.            ,Listed    ,12 MAY 2026,               1.00,         341814000,            921.45,   314964510300.00   
12 MAY 2026,KRBL,EQ,KRBL LIMITED             ,Listed    ,12 MAY 2026,               1.00,         228889892,            349.55,    80008461748.60      
12 MAY 2026,KREBSBIO,BE,KREBS BIOCHEMICALS & IND ,Listed    ,12 MAY 2026,              10.00,          21560586,             58.90,     1269702909.55  
12 MAY 2026,KRIDHANINF,EQ,KRIDHAN INFRA LIMITED    ,Listed    ,12 MAY 2026,               2.00,          94779205,              3.30,      310875792.40
12 MAY 2026,KRISHANA,EQ,KRISHANA PHOSCHEM LIMITED,Listed    ,12 MAY 2026,              10.00,          61827600,            681.85,    42157149060.00  
12 MAY 2026,KRISHCA,SM,KRISHCA STRAPPING SLTN L ,Listed    ,12 MAY 2026,              10.00,          14440000,            168.80,     2437472000.00   
12 MAY 2026,KRISHIVAL,EQ,KRISHIVAL FOODS LIMITED  ,Listed    ,12 MAY 2026,              10.00,          22295141,            368.60,     8217988972.60 
12 MAY 2026,KRISHNADEF,EQ,KRISHNA DEF AND ALD IND L,Listed    ,12 MAY 2026,              10.00,          14932192,           1154.00,    17231749568.00
12 MAY 2026,KRITI,BE,KRITI INDUSTRIES IND LTD ,Listed    ,12 MAY 2026,               1.00,          52696000,             83.50,     4400116000.00     
12 MAY 2026,KRITIKA,EQ,KRITIKA WIRES LIMITED    ,Listed    ,12 MAY 2026,               2.00,         266280000,              6.10,     1629633600.00   
12 MAY 2026,KRITINUT,BE,KRITI NUTRIENTS LIMITED  ,Listed    ,12 MAY 2026,               1.00,          50103520,             88.10,     4414120112.00  
12 MAY 2026,KRMAYURVED,ST,KRM AYURVEDA LIMITED     ,Listed    ,12 MAY 2026,              10.00,          21260800,            241.15,     5127041920.00
12 MAY 2026,KRN,EQ,KRN HEAT EXCHANGE N REF L,Listed    ,12 MAY 2026,              10.00,          62156600,           1212.50,    75364877500.00       
12 MAY 2026,KRONOX,EQ,KRONOX LAB SCIENCES LTD  ,Listed    ,12 MAY 2026,              10.00,          37104000,            132.25,     4906261920.00    
12 MAY 2026,KROSS,EQ,KROSS LIMITED            ,Listed    ,12 MAY 2026,               5.00,          64509422,            203.10,    13100573419.75     
12 MAY 2026,KRSNAA,EQ,KRSNAA DIAGNOSTICS LTD   ,Listed    ,12 MAY 2026,               5.00,          32438672,            587.00,    19041500464.00    
12 MAY 2026,KRT,RR,KNOWLEDGE REALTY TRUST   ,Listed    ,12 MAY 2026,             100.00,        4434399541,            117.15,   519578594218.95       
12 MAY 2026,KRYSTAL,EQ,KRYSTAL INTEGRATED SER L ,Listed    ,12 MAY 2026,              10.00,          13971952,            621.40,     8682170972.80   
12 MAY 2026,KSB,EQ,KSB LIMITED              ,Listed    ,12 MAY 2026,               2.00,         174039220,            853.90,   148612089958.00       
12 MAY 2026,KSCL,EQ,KAVERI SEED CO. LTD.     ,Listed    ,12 MAY 2026,               2.00,          51439071,            949.50,    48841397914.50      
12 MAY 2026,KSHINTL,EQ,KSH INTERNATIONAL LIMITED,Listed    ,12 MAY 2026,               5.00,          67755700,            610.55,    41368242635.00   
12 MAY 2026,KSHITIJPOL,BE,KSHITIJ POLYLINE LIMITED ,Listed    ,12 MAY 2026,               2.00,         154244874,              4.55,      703356625.45
12 MAY 2026,KSL,EQ,KALYANI STEELS LIMITED   ,Listed    ,12 MAY 2026,               5.00,          43653060,            808.45,    35291316357.00       
12 MAY 2026,KSOLVES,EQ,KSOLVES INDIA LIMITED    ,Listed    ,12 MAY 2026,               5.00,          23720400,            278.40,     6603759360.00   
12 MAY 2026,KSR,BE,KSR FOOTWEAR LIMITED     ,Listed    ,12 MAY 2026,              10.00,          18378382,             36.60,      673016348.85       
12 MAY 2026,KTKBANK,EQ,KARNATAKA BANK LIMITED   ,Listed    ,12 MAY 2026,              10.00,         378181562,            247.05,    93429754892.10   
12 MAY 2026,KUANTUM,EQ,KUANTUM PAPERS LIMITED   ,Listed    ,12 MAY 2026,               1.00,          87263630,             76.85,     6706209965.50   
12 MAY 2026,KWIL,EQ,KWALITY WALL'S (INDIA) L ,Listed    ,12 MAY 2026,               1.00,        2349591262,             28.05,    65859043073.85      
12 MAY 2026,LAGNAM,EQ,LAGNAM SPINTEX LIMITED   ,Listed    ,12 MAY 2026,              10.00,          17669000,             84.10,     1485786210.00    
12 MAY 2026,LAHOTIOV,EQ,LAHOTI OVERSEAS LTD.     ,Permitted ,12 MAY 2026,               2.00,          29171500,             45.90,     1338680135.00  
12 MAY 2026,LAKPRE,BZ,LAKSHMI PRE SCRE LTD     ,Listed    ,12 MAY 2026,              10.00,          10941667,              6.20,       67838335.40    
12 MAY 2026,LAKSHYA,ST,LAKSHYA POWERTECH LIMITED,Listed    ,12 MAY 2026,              10.00,          10083920,            144.00,     1452084480.00   
12 MAY 2026,LAL,EQ,LORENZINI APPARELS LTD   ,Listed    ,12 MAY 2026,               1.00,         172736551,              6.95,     1200519029.45       
12 MAY 2026,LALPATHLAB,EQ,DR. LAL PATH LABS LTD.   ,Listed    ,12 MAY 2026,              10.00,         167555020,           1587.00,   265909816740.00
12 MAY 2026,LAMBODHARA,EQ,LAMBODHARA TEXTILES LTD. ,Listed    ,12 MAY 2026,               5.00,          10377600,            105.40,     1094006592.00
12 MAY 2026,LAMOSAIC,SM,LAMOSAIC INDIA LIMITED   ,Listed    ,12 MAY 2026,              10.00,          10338008,             22.15,      228986877.20  
12 MAY 2026,LANCORHOL,BE,LANCOR HOLDINGS LIMITED  ,Listed    ,12 MAY 2026,               2.00,          73550560,             24.35,     1789485124.80 
12 MAY 2026,LANDMARK,EQ,LANDMARK CARS LIMITED    ,Listed    ,12 MAY 2026,               5.00,          41464910,            371.85,    15418726783.50  
12 MAY 2026,LANDSMILL,EQ,LANDSMILL GREEN LIMITED  ,Listed    ,12 MAY 2026,               1.00,        1410695055,              0.90,     1269625549.50 
12 MAY 2026,LAOPALA,EQ,LA OPALA RG LIMITED      ,Listed    ,12 MAY 2026,               2.00,         111000000,            174.75,    19396140000.00   
12 MAY 2026,LASA,BE,LASA SUPERGENERICS LTD   ,Listed    ,12 MAY 2026,              10.00,          50101239,              8.00,      401310924.40      
12 MAY 2026,LATENTVIEW,EQ,LATENT VIEW ANALYTICS LTD,Listed    ,12 MAY 2026,               1.00,         206924980,            294.35,    60908367863.00
12 MAY 2026,LATTEYS,EQ,LATTEYS INDUSTRIES LTD   ,Listed    ,12 MAY 2026,               2.00,          57495825,             26.65,     1531113819.75   
12 MAY 2026,LAURUSLABS,EQ,LAURUS LABS LIMITED      ,Listed    ,12 MAY 2026,               2.00,         539856582,           1268.00,   684538145976.00
12 MAY 2026,LAXMICOT,BE,LAXMI COTSPIN LIMITED    ,Listed    ,12 MAY 2026,              10.00,          17147670,             14.15,      242811007.20  
12 MAY 2026,LAXMIDENTL,EQ,LAXMI DENTAL LIMITED     ,Listed    ,12 MAY 2026,               2.00,          54962149,            204.05,    11213927260.45
12 MAY 2026,LAXMIINDIA,BE,LAXMI INDIA FINANCE LTD  ,Listed    ,12 MAY 2026,               5.00,          52267875,            131.75,     6885769852.50
12 MAY 2026,LCCINFOTEC,EQ,LCC INFOTECH LTD         ,Listed    ,12 MAY 2026,               2.00,         126593350,              5.30,      672210688.50
12 MAY 2026,LEMERITE,EQ,LE MERITE EXPORTS LIMITED,Listed    ,12 MAY 2026,              10.00,          25033600,            437.90,    10962213440.00  
12 MAY 2026,LEMONTREE,EQ,LEMON TREE HOTELS LTD    ,Listed    ,12 MAY 2026,              10.00,         792246464,            111.90,    88636534392.30 
12 MAY 2026,LENSKART,EQ,LENSKART SOLUTIONS LTD   ,Listed    ,12 MAY 2026,               2.00,        1736416007,            475.95,   826447198531.65  
12 MAY 2026,LEXUS,BE,LEXUS GRANITO (INDIA) LTD,Listed    ,12 MAY 2026,              10.00,          20790724,             19.15,      398142364.60     
12 MAY 2026,LFIC,EQ,LAKSHMI FIN IND CORP LTD ,Listed    ,12 MAY 2026,              10.00,           3000000,            144.70,      434100000.00      
12 MAY 2026,LGBBROSLTD,EQ,LG BALAKRISHNAN & BROS   ,Listed    ,12 MAY 2026,              10.00,          31892416,           1675.50,    53435743008.00
12 MAY 2026,LGEINDIA,EQ,LG ELECTRONICS INDIA LTD ,Listed    ,12 MAY 2026,              10.00,         678772392,           1495.30,  1014968357757.60  
12 MAY 2026,LGHL,EQ,LAXMI GOLDORNA HOUSE LTD ,Listed    ,12 MAY 2026,              10.00,          50092560,            241.55,    12099857868.00      
12 MAY 2026,LIBAS,EQ,LIBAS CONSU PRODUCTS LTD ,Listed    ,12 MAY 2026,              10.00,          26344580,             12.05,      317715634.80     
12 MAY 2026,LIBERTSHOE,EQ,LIBERTY SHOES LTD        ,Listed    ,12 MAY 2026,              10.00,          17040000,            238.30,     4060632000.00
12 MAY 2026,LICHSGFIN,EQ,LIC HOUSING FINANCE LTD  ,Listed    ,12 MAY 2026,               2.00,         550063000,            567.65,   312243261950.00 
12 MAY 2026,LICI,EQ,LIFE INSURA CORP OF INDIA,Listed    ,12 MAY 2026,              10.00,        6324997701,            780.75,  4938241955055.75      
12 MAY 2026,LIKHITHA,BE,LIKHITHA INFRASTRUC LTD  ,Listed    ,12 MAY 2026,               5.00,          39450000,            209.35,     8259252000.00  
12 MAY 2026,LINC,EQ,LINC LIMITED             ,Listed    ,12 MAY 2026,               5.00,          59489164,             99.05,     5892996585.85      
12 MAY 2026,LINCOLN,EQ,LINCOLN PHARMA LTD       ,Listed    ,12 MAY 2026,              10.00,          20029728,            669.55,    13410904382.40   
12 MAY 2026,LINDEINDIA,EQ,LINDE INDIA LIMITED      ,Listed    ,12 MAY 2026,              10.00,          85284223,           7455.00,   635793882465.00
12 MAY 2026,LLOYDS,ST,LLOYDS LUXURIES LIMITED  ,Listed    ,30 APR 2026,              10.00,          24134873,             93.15,     2248163419.95    
12 MAY 2026,LLOYDSENGG,EQ,LLOYDS ENGG WORK LIMITED ,Listed    ,12 MAY 2026,               1.00,        1398082422,             67.45,    94328621012.35
12 MAY 2026,LLOYDSENT,EQ,LLOYDS ENTERPRISES LTD   ,Listed    ,12 MAY 2026,               1.00,        1492421941,             71.00,   105961957811.00 
12 MAY 2026,LLOYDSME,EQ,LLOYDS METALS N ENERGY L ,Listed    ,12 MAY 2026,               1.00,         545164538,           1703.80,   928851339844.40  
12 MAY 2026,LMW,EQ,LMW LIMITED              ,Listed    ,12 MAY 2026,              10.00,          10683000,          14409.00,   153931347000.00       
12 MAY 2026,LODHA,EQ,LODHA DEVELOPERS LIMITED ,Listed    ,12 MAY 2026,              10.00,         998892124,            879.35,   878375789239.40     
12 MAY 2026,LOKESHMACH,BE,LOKESH MACHINES LTD      ,Listed    ,12 MAY 2026,              10.00,          19996770,            251.60,     5031187332.00
12 MAY 2026,LORDSCHLO,EQ,LORDS CHLORO ALKALI LTD  ,Listed    ,12 MAY 2026,              10.00,          28653861,            140.00,     4011254001.40 
12 MAY 2026,LOTUSDEV,EQ,SRI LOTUS DEVLPRS N RTY L,Listed    ,12 MAY 2026,               1.00,         488723710,            142.40,    69604030778.20  
12 MAY 2026,LOTUSEYE,EQ,LOTUS EYE HOSP & INST L  ,Listed    ,12 MAY 2026,              10.00,          20796330,            114.65,     2384507197.80  
12 MAY 2026,LOVABLE,EQ,LOVABLE LINGERIE LTD     ,Listed    ,12 MAY 2026,              10.00,          14800000,             72.25,     1069152000.00   
12 MAY 2026,LOYALTEX,BE,LOYAL TEXTILE MILLS LTD  ,Listed    ,11 MAY 2026,              10.00,           4816446,            240.00,     1155947040.00  
12 MAY 2026,LPDC,BE,LANDMARK PR.DEV.CO.LTD   ,Listed    ,12 MAY 2026,               1.00,         134143160,              7.40,      992659384.00      
12 MAY 2026,LRRPL,SM,LEAD REC AND RUB PROD LTD,Listed    ,12 MAY 2026,              10.00,           8640675,             78.50,      678292987.50     
12 MAY 2026,LT,EQ,LARSEN & TOUBRO LTD.     ,Listed    ,12 MAY 2026,               2.00,        1375611529,           3856.50,  5305045861588.50        
12 MAY 2026,LTF,EQ,L&T FINANCE LIMITED      ,Listed    ,12 MAY 2026,              10.00,        2504386016,            280.65,   702855935390.40       
12 MAY 2026,LTFOODS,EQ,LT FOODS LIMITED         ,Listed    ,12 MAY 2026,               1.00,         347252944,            405.50,   140811068792.00   
12 MAY 2026,LTM,EQ,LTM LIMITED              ,Listed    ,12 MAY 2026,               1.00,         296493321,           4143.80,  1228609023559.80       
12 MAY 2026,LTTS,EQ,L&T TECHNOLOGY SER. LTD. ,Listed    ,12 MAY 2026,               2.00,         105998143,           3603.70,   381985507929.10      
12 MAY 2026,LUMAXIND,EQ,LUMAX INDUSTRIES LTD     ,Listed    ,12 MAY 2026,              10.00,           9347732,           5353.00,    50038409396.00  
12 MAY 2026,LUMAXTECH,EQ,LUMAX AUTO TECH LTD      ,Listed    ,12 MAY 2026,               2.00,          68157705,           1640.00,   111778636200.00 
12 MAY 2026,LUPIN,EQ,LUPIN LIMITED            ,Listed    ,12 MAY 2026,               2.00,         457043219,           2245.40,  1026244843942.60     
12 MAY 2026,LUXIND,EQ,LUX INDUSTRIES LIMITED   ,Listed    ,12 MAY 2026,               2.00,          30071681,           1468.90,    44172292220.90    
12 MAY 2026,LXCHEM,EQ,LAXMI ORGANIC INDUS LTD  ,Listed    ,12 MAY 2026,               2.00,         277147873,            155.60,    43121437560.05    
12 MAY 2026,LYKALABS,BE,LYKA LABS LTD.           ,Listed    ,12 MAY 2026,              10.00,          35690000,             61.20,     2184941800.00  
12 MAY 2026,LYPSAGEMS,EQ,LYPSA GEMS & JEWEL LTD   ,Listed    ,12 MAY 2026,              10.00,          29484000,              5.20,      153611640.00 
12 MAY 2026,M&M,EQ,MAHINDRA & MAHINDRA LTD  ,Listed    ,12 MAY 2026,               5.00,        1243528831,           3176.00,  3949447567256.00       
12 MAY 2026,M&MFIN,EQ,M&M FIN. SERVICES LTD    ,Listed    ,12 MAY 2026,               2.00,        1389971160,            326.95,   454451070762.00    
12 MAY 2026,MAANALU,EQ,MAAN ALUMINIUM LIMITED   ,Listed    ,12 MAY 2026,               5.00,          59984864,            140.30,     8416476267.85   
12 MAY 2026,MACOBSTECH,SM,MACOBS TECHNOLOGIES LTD  ,Listed    ,12 MAY 2026,              10.00,           9795200,            224.00,     2194124800.00
12 MAY 2026,MACPOWER,EQ,MACPOWER CNC MACHINES LTD,Listed    ,12 MAY 2026,              10.00,          10004160,           1176.40,    11768893824.00  
12 MAY 2026,MADHAV,EQ,MADHAV MARBLE & GRANITE  ,Listed    ,12 MAY 2026,              10.00,           8947000,             36.90,      330144300.00    
12 MAY 2026,MADHAVBAUG,SM,VAIDYA SANE AYUR LAB LTD ,Listed    ,12 MAY 2026,              10.00,          10513450,            246.50,     2591565425.00
12 MAY 2026,MADHAVIPL,EQ,MADHAV INFRA PROJECTS L  ,Permitted ,12 MAY 2026,               1.00,         269581560,              8.90,     2396580068.40 
12 MAY 2026,MADHUCON,BE,MADHUCON PROJECTS LTD.   ,Listed    ,12 MAY 2026,               1.00,          73794940,              5.60,      411775765.20  
12 MAY 2026,MADHUSUDAN,SM,MADHUSUDAN MASALA LIMITED,Listed    ,12 MAY 2026,              10.00,          14470000,            163.50,     2365845000.00
12 MAY 2026,MADRASFERT,EQ,MADRAS FERTILISERS LTD   ,Listed    ,12 MAY 2026,              10.00,         161101300,             71.20,    11467190534.00
12 MAY 2026,MAFATIND,EQ,MAFATLAL INDUSTRIES LTD. ,Permitted ,12 MAY 2026,               2.00,          72163930,            136.00,     9812851201.40  
12 MAY 2026,MAGADSUGAR,EQ,MAGADH SUGAR & ENERGY LTD,Listed    ,12 MAY 2026,              10.00,          14091630,            505.95,     7129660198.50
12 MAY 2026,MAGNUM,BE,MAGNUM VENTURES LTD.     ,Listed    ,12 MAY 2026,              10.00,          68411317,             21.20,     1448951694.05    
12 MAY 2026,MAGSON,ST,MAGSON RETAIL AND DIST L ,Listed    ,11 MAY 2026,              10.00,          12325168,            180.00,     2218530240.00    
12 MAY 2026,MAHABANK,EQ,BANK OF MAHARASHTRA      ,Listed    ,12 MAY 2026,              10.00,        7691554950,             78.35,   602787161431.50  
12 MAY 2026,MAHAPEXLTD,EQ,MAHA RASHTRA APEX COPR. L,Listed    ,12 MAY 2026,              10.00,          28300200,             52.00,     1472176404.00
12 MAY 2026,MAHASTEEL,BE,MAHAMAYA STEEL INDS LTD  ,Listed    ,12 MAY 2026,              10.00,          16434400,            846.30,    13908432720.00 
12 MAY 2026,MAHEPC,EQ,MAHINDRA EPC IRRIG LTD   ,Listed    ,12 MAY 2026,              10.00,          27942469,            118.80,     3319844741.90    
12 MAY 2026,MAHESHWARI,EQ,MAHESHWARI LOGISTICS LTD.,Listed    ,12 MAY 2026,              10.00,          29597200,             52.20,     1544381896.00
12 MAY 2026,MAHICKRA,ST,MAHICKRA CHEMICAL LIMITED,Listed    ,12 MAY 2026,              10.00,           9775910,            239.00,     2336442490.00  
12 MAY 2026,MAHLIFE,EQ,MAHINDRA LIFESPACE DEVLTD,Listed    ,12 MAY 2026,              10.00,         213342715,            323.90,    69101705388.50   
12 MAY 2026,MAHLOG,EQ,MAHINDRA LOGISTIC LIMITED,Listed    ,12 MAY 2026,              10.00,          99222483,            374.85,    37193547752.55    
12 MAY 2026,MAHSCOOTER,EQ,MAHARASHTRA SCOOTERS LTD ,Listed    ,12 MAY 2026,              10.00,          11428568,          12147.00,   138822815496.00
12 MAY 2026,MAHSEAMLES,EQ,MAHARASHTRA SEAMLESS LTD ,Listed    ,12 MAY 2026,               5.00,         133999252,            641.40,    85947120232.80
12 MAY 2026,MAITHANALL,EQ,MAITHAN ALLOYS LTD       ,Listed    ,12 MAY 2026,              10.00,          29111550,            970.80,    28261492740.00
12 MAY 2026,MAITREYA,SM,MAITREYA MEDICARE LIMITED,Listed    ,12 MAY 2026,              10.00,           6776000,            176.05,     1192914800.00  
12 MAY 2026,MAJESAUT,EQ,MAJESTIC AUTO LTD.       ,Permitted ,12 MAY 2026,              10.00,          10397478,            301.55,     3135359490.90  
12 MAY 2026,MAKS,SM,MAKS ENERGY SOL INDIA LTD,Listed    ,08 MAY 2026,              10.00,           6934790,             26.00,      180304540.00      
12 MAY 2026,MAL,SM,MANGALAM ALLOYS LIMITED  ,Listed    ,11 MAY 2026,              10.00,          24685927,             41.10,     1014591599.70       
12 MAY 2026,MALLCOM,EQ,MALLCOM (INDIA) LIMITED  ,Listed    ,12 MAY 2026,              10.00,           6240000,           1027.00,     6408480000.00   
12 MAY 2026,MALUPAPER,EQ,MALU PAPER MILLS LIMITED ,Listed    ,12 MAY 2026,              10.00,          17059250,             32.45,      553402070.00 
12 MAY 2026,MAMATA,EQ,MAMATA MACHINERY LIMITED ,Listed    ,12 MAY 2026,              10.00,          24607800,            398.15,     9797595570.00    
12 MAY 2026,MANAKALUCO,EQ,MANAK ALUMINIUM CO. LTD. ,Listed    ,12 MAY 2026,               1.00,          65534050,             32.45,     2126579922.50
12 MAY 2026,MANAKCOAT,EQ,MAN COAT METAL & IND LTD ,Listed    ,12 MAY 2026,               1.00,         105834050,             97.10,    10274369574.00 
12 MAY 2026,MANAKSIA,EQ,MANAKSIA LTD.            ,Listed    ,12 MAY 2026,               2.00,          65534050,             58.10,     3808838986.00  
12 MAY 2026,MANAKSTEEL,BE,MANAKSIA STEELS LTD      ,Listed    ,12 MAY 2026,               1.00,          65534050,             62.65,     4105708232.50
12 MAY 2026,MANALIPETC,EQ,MANALI PETROCHEMICALS LT ,Listed    ,12 MAY 2026,               5.00,         171999229,             55.05,     9468557556.45
12 MAY 2026,MANAPPURAM,EQ,MANAPPURAM FINANCE LTD   ,Listed    ,12 MAY 2026,               2.00,         846434729,            293.20,   248174662542.80
12 MAY 2026,MANAV,ST,MANAV INFRA PROJECTS LTD ,Listed    ,12 MAY 2026,              10.00,          13160000,             39.45,      519162000.00     
12 MAY 2026,MANBA,EQ,MANBA FINANCE LIMITED    ,Listed    ,12 MAY 2026,              10.00,          50239410,            111.00,     5575569721.80     
12 MAY 2026,MANCREDIT,EQ,MANGAL CREDIT N FINCORP L,Listed    ,12 MAY 2026,              10.00,          21113986,            167.90,     3545460529.10 
12 MAY 2026,MANDEEP,SM,MANDEEP AUTO INDUSTRIES L,Listed    ,11 MAY 2026,              10.00,          10337894,             21.00,      217095774.00   
12 MAY 2026,MANGALAM,BE,MANGALAM DRUG & CHEM LTD ,Listed    ,12 MAY 2026,              10.00,          15828248,             31.20,      493841337.60  
12 MAY 2026,MANGLMCEM,EQ,MANGALAM CEMENT LTD      ,Listed    ,12 MAY 2026,              10.00,          27497298,            880.35,    24207246294.30 
12 MAY 2026,MANILAM,SM,MANILAM INDUSTRIES IND L ,Listed    ,12 MAY 2026,              10.00,          21848000,             62.15,     1357853200.00   
12 MAY 2026,MANINDS,EQ,MAN INDUSTRIES (I) LTD.  ,Listed    ,12 MAY 2026,               5.00,          75009571,            520.75,    39061234098.25   
12 MAY 2026,MANINFRA,EQ,MAN INFRA LTD            ,Listed    ,12 MAY 2026,               2.00,         403666505,            130.25,    52573525611.20  
12 MAY 2026,MANKIND,EQ,MANKIND PHARMA LIMITED   ,Listed    ,12 MAY 2026,               1.00,         412805072,           2378.90,   982021985780.80   
12 MAY 2026,MANOMAY,EQ,MANOMAY TEX INDIA LTD    ,Listed    ,12 MAY 2026,              10.00,          18048735,            183.00,     3302557530.30   
12 MAY 2026,MANORAMA,EQ,MANORAMA INDUSTRIES LTD  ,Listed    ,12 MAY 2026,               2.00,          59708530,           1396.20,    83365049586.00  
12 MAY 2026,MANORG,EQ,MANGALAM ORGANICS LIMITED,Listed    ,12 MAY 2026,              10.00,           8564440,            583.95,     5001204738.00    
12 MAY 2026,MANUGRAPH,EQ,MANUGRAPH INDIA LIMITED  ,Listed    ,12 MAY 2026,               2.00,          30415061,             14.45,      439801782.05 
12 MAY 2026,MANYAVAR,EQ,VEDANT FASHIONS LIMITED  ,Listed    ,12 MAY 2026,               1.00,         242973103,            460.00,   111767627380.00  
12 MAY 2026,MAPMYINDIA,EQ,C.E. INFO SYSTEMS LIMITED,Listed    ,12 MAY 2026,               2.00,          54761056,           1008.45,    55223786923.20
12 MAY 2026,MARALOVER,EQ,MARAL OVERSEAS LTD       ,Listed    ,12 MAY 2026,              10.00,          41508000,             57.15,     2372182200.00 
12 MAY 2026,MARATHON,EQ,MARATHON NXTGEN REALT LTD,Listed    ,12 MAY 2026,               5.00,          67420546,            473.20,    31903402367.20  
12 MAY 2026,MARC,ST,MARC TECHNOCRATS LIMITED ,Listed    ,12 MAY 2026,              10.00,          17313383,             92.60,     1603219265.80      
12 MAY 2026,MARCO,SM,MARCO CABLE & CONDUCTOR L,Listed    ,12 MAY 2026,              10.00,          18699000,             41.00,      766659000.00     
12 MAY 2026,MARICO,EQ,MARICO LIMITED           ,Listed    ,12 MAY 2026,               1.00,        1298145079,            830.00,  1077460415570.00    
12 MAY 2026,MARINE,EQ,MARINE ELECTRICAL (I) LTD,Listed    ,12 MAY 2026,               2.00,         138294410,            217.90,    30131586050.80    
12 MAY 2026,MARINETRAN,SM,MARINETRANS INDIA LIMITED,Listed    ,12 MAY 2026,              10.00,          12726000,             17.60,      223977600.00
12 MAY 2026,MARKOLINES,EQ,MARKOLINES PAVEMENT TEC L,Listed    ,12 MAY 2026,              10.00,          22040920,            160.55,     3538669706.00
12 MAY 2026,MARKSANS,EQ,MARKSANS PHARMA LIMITED  ,Listed    ,12 MAY 2026,               1.00,         453288438,            198.40,    89932426099.20  
12 MAY 2026,MARSONS,EQ,MARSONS LIMITED          ,Listed    ,12 MAY 2026,               1.00,         172100000,            144.75,    24909754000.00   
12 MAY 2026,MARUSHIKA,SM,MARUSHIKA TECHNOLOGY LTD ,Listed    ,12 MAY 2026,              10.00,           8536768,             86.10,      735015724.80 
12 MAY 2026,MARUTI,EQ,MARUTI SUZUKI INDIA LTD. ,Listed    ,12 MAY 2026,               5.00,         314402574,          13172.00,  4141310704728.00    
12 MAY 2026,MASFIN,EQ,MAS FINANCIAL SERV LTD   ,Listed    ,12 MAY 2026,              10.00,         181453377,            331.50,    60151794475.50    
12 MAY 2026,MASKINVEST,BE,MASK INVESTMENTS LIMITED ,Listed    ,12 MAY 2026,              10.00,           3051500,            155.95,      475881425.00
12 MAY 2026,MASON,SM,MASON INFRATECH LIMITED  ,Listed    ,12 MAY 2026,              10.00,          23940000,            130.75,     3130155000.00     
12 MAY 2026,MASTEK,EQ,MASTEK LTD               ,Listed    ,12 MAY 2026,               5.00,          30997340,           1618.80,    50178493992.00    
12 MAY 2026,MASTER,SM,MASTER COMPONENTS LIMITED,Listed    ,12 MAY 2026,              10.00,           4000000,            349.70,     1398800000.00    
12 MAY 2026,MASTERTR,EQ,MASTER TRUST LIMITED     ,Listed    ,12 MAY 2026,               1.00,         123016000,             83.30,    10246002640.00  
12 MAY 2026,MATRIMONY,EQ,MATRIMONY.COM LIMITED    ,Listed    ,12 MAY 2026,               5.00,          20670293,            430.20,     8892360048.60 
12 MAY 2026,MAWANASUG,BE,MAWANA SUGARS LIMITED    ,Listed    ,12 MAY 2026,              10.00,          39116864,            107.55,     4206627554.55 
12 MAY 2026,MAXESTATES,EQ,MAX ESTATES LIMITED      ,Listed    ,12 MAY 2026,              10.00,         163445483,            393.55,    64323969834.65
12 MAY 2026,MAXHEALTH,EQ,MAX HEALTHCARE INS LTD   ,Listed    ,12 MAY 2026,              10.00,         973135041,           1017.70,   990359531225.70 
12 MAY 2026,MAXIND,EQ,MAX INDIA LIMITED        ,Listed    ,12 MAY 2026,              10.00,          52522862,            167.90,     8817538072.55    
12 MAY 2026,MAXPOSURE,SM,MAXPOSURE LIMITED        ,Listed    ,12 MAY 2026,              10.00,          22740950,             40.20,      914186190.00 
12 MAY 2026,MAXVOLT,SM,MAXVOLT ENERGY INDUS L   ,Listed    ,12 MAY 2026,              10.00,          10903928,            458.20,     4996179809.60   
12 MAY 2026,MAYASHEEL,SM,MAYASHEEL VENTURES LTD   ,Listed    ,12 MAY 2026,              10.00,          22050000,             57.00,     1256850000.00 
12 MAY 2026,MAYURUNIQ,EQ,MAYUR UNIQUOTERS LTD     ,Listed    ,12 MAY 2026,               5.00,          43452600,            600.05,    26073732630.00 
12 MAY 2026,MAZDA,EQ,MAZDA LIMITED            ,Listed    ,12 MAY 2026,               2.00,          20025000,            203.40,     4073085000.00     
12 MAY 2026,MAZDOCK,EQ,MAZAGON DOCK SHIPBUIL LTD,Listed    ,12 MAY 2026,               5.00,         403380000,           2443.80,   985780044000.00   
12 MAY 2026,MBAPL,EQ,MADHYA BHARAT AGRO P. LTD,Listed    ,12 MAY 2026,              10.00,          87626940,            547.60,    47984512344.00     
12 MAY 2026,MBEL,EQ,M AND B ENGINEERING LTD  ,Listed    ,12 MAY 2026,              10.00,          57148215,            290.30,    16590126814.50      
12 MAY 2026,MBLINFRA,BE,MBL INFRASTRUCTURE LTD   ,Listed    ,12 MAY 2026,              10.00,         152529256,             25.50,     3889496028.00  
12 MAY 2026,MCCHRLS-B,EQ,MAC CHARLES (INDIA) LTD. ,Permitted ,12 MAY 2026,              10.00,          13100452,            680.00,     8908307360.00 
12 MAY 2026,MCL,BE,MADHAV COPPER LIMITED    ,Listed    ,12 MAY 2026,               5.00,          27142800,             61.00,     1655710800.00       
12 MAY 2026,MCLEODRUSS,BE,MCLEOD RUSSEL INDIA LTD. ,Listed    ,12 MAY 2026,               5.00,         104455735,             56.30,     5880857880.50
12 MAY 2026,MCLOUD,EQ,MAGELLANIC CLOUD LIMITED ,Listed    ,12 MAY 2026,               2.00,         589067120,             25.15,    14820928739.20    
12 MAY 2026,MCON,SM,MCON RASAYAN INDIA LTD   ,Listed    ,12 MAY 2026,              10.00,           7329090,             51.50,      377448135.00      
12 MAY 2026,MCX,EQ,MULTI COMMODITY EXCHANGE ,Permitted ,12 MAY 2026,               2.00,         254991845,           3156.90,   804983755480.50       
12 MAY 2026,MDL,SM,MARVEL DECOR LIMITED     ,Listed    ,12 MAY 2026,              10.00,          17740140,             46.70,      828464538.00       
12 MAY 2026,MEDANTA,EQ,GLOBAL HEALTH LIMITED    ,Listed    ,12 MAY 2026,               2.00,         268790382,           1193.10,   320693804764.20   
12 MAY 2026,MEDIASSIST,EQ,MEDI ASSIST HEALTH SER L ,Listed    ,12 MAY 2026,               5.00,          74609427,            389.00,    29023067103.00
12 MAY 2026,MEDICAMEQ,EQ,MEDICAMEN BIOTECH LIMITED,Listed    ,12 MAY 2026,              10.00,          13562815,            277.80,     3767750007.00 
12 MAY 2026,MEDICO,EQ,MEDICO REMEDIES LIMITED  ,Listed    ,12 MAY 2026,               2.00,          82984000,             42.05,     3489477200.00    
12 MAY 2026,MEDIORG,SM,MEDICAMEN ORGANICS LTD   ,Listed    ,12 MAY 2026,              10.00,          11700000,             26.55,      310635000.00   
12 MAY 2026,MEDISTEP,ST,MEDISTEP HEALTHCARE LTD  ,Listed    ,11 MAY 2026,              10.00,          14209546,             22.90,      325398603.40  
12 MAY 2026,MEDPLUS,EQ,MEDPLUS HEALTH SERV LTD  ,Listed    ,12 MAY 2026,               2.00,         120054642,            868.90,   104315478433.80   
12 MAY 2026,MEESHO,EQ,MEESHO LIMITED           ,Listed    ,12 MAY 2026,               1.00,        4513131000,            181.90,   820848266280.00    
12 MAY 2026,MEGAFLEX,ST,MEGA FLEX PLASTICS LTD   ,Listed    ,08 MAY 2026,              10.00,          12131025,            148.00,     1795391700.00  
12 MAY 2026,MEGASTAR,EQ,MEGASTAR FOODS LIMITED   ,Listed    ,12 MAY 2026,              10.00,          11293700,            300.90,     3398274330.00  
12 MAY 2026,MEGATHERM,SM,MEGATHERM INDUCTION LTD  ,Listed    ,12 MAY 2026,              10.00,          18840729,            265.35,     4999387440.15 
12 MAY 2026,MEIL,BE,MANGAL ELECTRICAL IND L  ,Listed    ,12 MAY 2026,              10.00,          27630124,            320.85,     8865125285.40      
12 MAY 2026,MENNPIS,EQ,MENON PISTONS LTD.       ,Permitted ,12 MAY 2026,               1.00,          51000000,             57.60,     2938620000.00   
12 MAY 2026,MENONBE,EQ,MENON BEARINGS LIMITED   ,Listed    ,12 MAY 2026,               1.00,          56040000,            137.05,     7680842400.00   
12 MAY 2026,MEP,BZ,MEP INFRA. DEVELOPERS LTD,Listed    ,12 MAY 2026,              10.00,         183446051,              1.10,      199956195.60       
12 MAY 2026,MERCANTILE,EQ,MERCANTILE VENTURES LTD. ,Permitted ,12 MAY 2026,              10.00,         111918195,             27.55,     3081107908.35
12 MAY 2026,METROBRAND,EQ,METRO BRANDS LIMITED     ,Listed    ,12 MAY 2026,               5.00,         272477475,           1027.90,   280079596552.50
12 MAY 2026,METROGLOBL,EQ,METROGLOBAL LTD.         ,Permitted ,12 MAY 2026,              10.00,          12334375,            131.15,     1617653281.25
12 MAY 2026,METROPOLIS,EQ,METROPOLIS HEALTHCARE LTD,Listed    ,12 MAY 2026,               2.00,         207327768,            548.10,   113636349640.80
12 MAY 2026,MFML,EQ,MAHALAXMI FABRIC MILLS LT,Listed    ,12 MAY 2026,              10.00,          10620275,             26.10,      277189177.50      
12 MAY 2026,MFSL,EQ,MAX FINANCIAL SERV LTD   ,Listed    ,12 MAY 2026,               2.00,         345114771,           1653.70,   570716296802.70      
12 MAY 2026,MGEL,EQ,MANGALAM GLOBAL ENT LTD  ,Listed    ,12 MAY 2026,               1.00,         329555600,             13.30,     4376498368.00      
12 MAY 2026,MGL,EQ,MAHANAGAR GAS LTD.       ,Listed    ,12 MAY 2026,              10.00,          98777778,           1064.40,   105139066903.20       
12 MAY 2026,MGSL,SM,MATRIX GEO SOLUTIONS LTD ,Listed    ,12 MAY 2026,              10.00,          14581832,             79.90,     1165088376.80      
12 MAY 2026,MHHL,SM,MOHINI HEALTH&HYGIENE LTD,Listed    ,12 MAY 2026,              10.00,          18235900,             39.00,      711200100.00      
12 MAY 2026,MHLXMIRU,EQ,MAHALAXMI RUBTECH LIMITED,Listed    ,12 MAY 2026,              10.00,          10620275,            178.05,     1891046166.50  
12 MAY 2026,MHRIL,EQ,MAHINDRA HOLIDAYS LTD    ,Listed    ,12 MAY 2026,              10.00,         202043402,            224.60,    45380968523.20     
12 MAY 2026,MICEL,EQ,MIC ELECTRONICS LTD      ,Listed    ,12 MAY 2026,               2.00,         241011560,             49.70,    11980684647.60     
12 MAY 2026,MICROPRO,SM,MICROPRO SOFTWARE SOL L  ,Listed    ,12 MAY 2026,              10.00,          14299400,             19.60,      280268240.00  
12 MAY 2026,MIDHANI,EQ,MISHRA DHATU NIGAM LTD   ,Listed    ,12 MAY 2026,              10.00,         187340000,            389.40,    72950196000.00   
12 MAY 2026,MIDWESTLTD,EQ,MIDWEST LIMITED          ,Listed    ,12 MAY 2026,               5.00,          36160816,           1285.90,    46499193294.40
12 MAY 2026,MIEL,SM,MANGLAM INFRA & ENG LTD  ,Listed    ,12 MAY 2026,              10.00,          17596700,             16.15,      284186705.00      
12 MAY 2026,MILTON,SM,MILTON INDUSTRIES LIMITED,Listed    ,11 MAY 2026,              10.00,          16995000,             45.05,      765624750.00    
12 MAY 2026,MINDACORP,EQ,MINDA CORPORATION LTD    ,Listed    ,12 MAY 2026,               2.00,         239079428,            512.95,   122635792592.60 
12 MAY 2026,MINDPOOL,SM,MINDPOOL TECHNOLOGIES LTD,Listed    ,11 SEP 2025,              10.00,           4237500,             71.10,      301286250.00  
12 MAY 2026,MINDSPACE,RR,MINDSPACE BUSINESS P REIT,Listed    ,12 MAY 2026,             275.00,         648342976,            459.55,   297958981480.30 
12 MAY 2026,MINDTECK,EQ,MINDTECK (INDIA) LIMITED ,Listed    ,12 MAY 2026,              10.00,          31954221,            202.95,     6484470067.55  
12 MAY 2026,MIRCELECTR,EQ,MIRC ELECTRONICS LTD     ,Listed    ,12 MAY 2026,               1.00,         369392364,             43.95,    16242182245.10
12 MAY 2026,MIRZAINT,EQ,MIRZA INTERNATIONAL LIMIT,Listed    ,12 MAY 2026,               2.00,         138201900,             30.55,     4222068045.00  
12 MAY 2026,MITCON,EQ,MITCON CON & ENG SER LTD ,Listed    ,12 MAY 2026,              10.00,          17418418,             82.75,     1441025721.15    
12 MAY 2026,MITTAL,EQ,MITTAL LIFE STYLE LIMITED,Listed    ,12 MAY 2026,               1.00,         224016720,              0.90,      201615048.00    
12 MAY 2026,MKPL,EQ,M K PROTEINS LIMITED     ,Listed    ,12 MAY 2026,               1.00,         375372000,              5.00,     1876860000.00      
12 MAY 2026,MMEL,SM,MOVING MEDIA ENTER LTD   ,Listed    ,07 MAY 2026,              10.00,          18806336,             36.50,      686431264.00      
12 MAY 2026,MMFL,EQ,MM FORGINGS LTD          ,Listed    ,12 MAY 2026,              10.00,          48281600,            445.55,    21511866880.00      
12 MAY 2026,MMP,EQ,MMP INDUSTRIES LIMITED   ,Listed    ,12 MAY 2026,              10.00,          25402613,            273.40,     6945074394.20       
12 MAY 2026,MMTC,EQ,MMTC LIMITED             ,Listed    ,12 MAY 2026,               1.00,        1500000000,             63.55,    95340000000.00      
12 MAY 2026,MMWL,EQ,MEDIA MATRIX WORLDWIDE L ,Permitted ,12 MAY 2026,               1.00,        1132742219,             13.55,    15337329645.25      
12 MAY 2026,MOBIKWIK,EQ,ONE MOBIKWIK SYSTEMS LTD ,Listed    ,12 MAY 2026,               2.00,          78730262,            202.85,    15970433646.70  
12 MAY 2026,MOBILISE,ST,MOBILISE APP LAB LIMITED ,Listed    ,12 MAY 2026,              10.00,           9512000,            115.00,     1093880000.00  
12 MAY 2026,MODINATUR,EQ,MODI NATURALS LIMITED    ,Listed    ,12 MAY 2026,              10.00,          13306397,            365.05,     4857500224.85 
12 MAY 2026,MODIRUBBER,EQ,MODI RUBBER LTD          ,Listed    ,12 MAY 2026,              10.00,          25040532,            138.45,     3466360844.75
12 MAY 2026,MODIS,EQ,MODIS NAVNIRMAN LTD      ,Listed    ,12 MAY 2026,              10.00,          19591200,            365.45,     7159604040.00     
12 MAY 2026,MODISONLTD,EQ,MODISON LIMITED          ,Listed    ,12 MAY 2026,               1.00,          32450000,            160.15,     5197192000.00
12 MAY 2026,MODTHREAD,EQ,MODERN THREADS INDIA LTD ,Listed    ,12 MAY 2026,              10.00,          34775160,             48.10,     1673380699.20 
12 MAY 2026,MOHITIND,EQ,MOHIT INDUSTRIES LTD     ,Listed    ,12 MAY 2026,              10.00,          14157575,             22.50,      318403861.75  
12 MAY 2026,MOIL,EQ,MOIL LIMITED             ,Listed    ,12 MAY 2026,              10.00,         203485211,            296.75,    60384236364.25      
12 MAY 2026,MOKSH,EQ,MOKSH ORNAMENTS LIMITED  ,Listed    ,12 MAY 2026,               2.00,          88248967,             12.75,     1123409349.90     
12 MAY 2026,MOL,EQ,MEGHMANI ORGANICS LIMITED,Listed    ,12 MAY 2026,               1.00,         254314211,             53.40,    13582922009.50       
12 MAY 2026,MOLDTECH,EQ,MOLD-TEK TECHNOLOGIES LTD,Listed    ,12 MAY 2026,               2.00,          28805118,            128.70,     3707218686.60  
12 MAY 2026,MOLDTKPAC,EQ,MOLD-TEK PACKAGING LTD   ,Listed    ,12 MAY 2026,               5.00,          33120639,            584.40,    19355701431.60 
12 MAY 2026,MONARCH,EQ,MONARCH NETWORTH CAP LTD ,Listed    ,12 MAY 2026,              10.00,          73907387,            293.90,    21721381039.30   
12 MAY 2026,MONEYBOXX,EQ,MONEYBOXX FINANCE LIMITED,Listed    ,12 MAY 2026,              10.00,          69809200,             72.85,     5085600220.00 
12 MAY 2026,MONOLITH,SM,MONOLITHISCH INDIA LTD   ,Listed    ,12 MAY 2026,              10.00,          21736000,            531.25,    11547250000.00  
12 MAY 2026,MONOPHARMA,SM,MONO PHARMACARE LIMITED  ,Listed    ,12 MAY 2026,              10.00,          17668564,             12.50,      220857050.00
12 MAY 2026,MONTECARLO,EQ,MONTE CARLO FASHIONS LTD.,Listed    ,12 MAY 2026,              10.00,          20732064,            570.70,    11831788924.80
12 MAY 2026,MOREPENLAB,EQ,MOREPEN LAB. LTD         ,Listed    ,12 MAY 2026,               2.00,         547953699,             42.95,    23529131835.05
12 MAY 2026,MOS,SM,MOS UTILITY LIMITED      ,Listed    ,12 MAY 2026,               2.00,         257440410,             13.00,     3346725330.00       
12 MAY 2026,MOSCHIP,EQ,MOSCHIP TECHNOLOGIES LTD ,Listed    ,12 MAY 2026,               2.00,         193561848,            211.20,    40884133534.55   
12 MAY 2026,MOTHERSON,EQ,SAMVRDHNA MTHRSN INTL LTD,Listed    ,12 MAY 2026,               1.00,       10554442601,            124.25,  1311495037600.25 
12 MAY 2026,MOTILALOFS,EQ,MOTILAL OSWAL FIN LTD    ,Listed    ,12 MAY 2026,               1.00,         601860072,            841.70,   506585622602.40
12 MAY 2026,MOTISONS,EQ,MOTISONS JEWELLERS LTD   ,Listed    ,12 MAY 2026,               1.00,         984460000,             11.85,    11656006400.00  
12 MAY 2026,MOTOGENFIN,EQ,MOTOR & GENERAL FINANCE L,Listed    ,12 MAY 2026,               5.00,          38727190,             22.85,      884529019.60
12 MAY 2026,MOXSH,ST,MOXSH OVERSEAS EDUCON LTD,Listed    ,12 MAY 2026,              10.00,           9340800,            140.00,     1307712000.00     
12 MAY 2026,MPEL,SM,MANAS POLYMER N ENERGIE L,Listed    ,08 MAY 2026,              10.00,           7776000,             45.70,      355363200.00      
12 MAY 2026,MPHASIS,EQ,MPHASIS LIMITED          ,Listed    ,12 MAY 2026,              10.00,         190819570,           2146.50,   409594207005.00   
12 MAY 2026,MPSLTD,EQ,MPS LIMITED              ,Listed    ,12 MAY 2026,              10.00,          17105816,           1620.30,    27716553664.80    
12 MAY 2026,MPTODAY,SM,M P TODAY MEDIA LIMITED  ,Listed    ,12 MAY 2026,              10.00,           4568000,             46.00,      210128000.00   
12 MAY 2026,MRF,EQ,MRF LTD                  ,Listed    ,12 MAY 2026,              10.00,           4241143,         126505.00,   536525795215.00       
12 MAY 2026,MRIL,SM,MAHENDRA REALTO & INFRA L,Listed    ,12 MAY 2026,              10.00,          22103900,             40.70,      899628730.00      
12 MAY 2026,MRPL,EQ,MRPL                     ,Listed    ,12 MAY 2026,              10.00,        1752598777,            154.10,   270110523511.25      
12 MAY 2026,MSPL,EQ,MSP STEEL & POWER LTD.   ,Listed    ,12 MAY 2026,              10.00,         566796645,             40.60,    23000607854.10      
12 MAY 2026,MSTCLTD,EQ,MSTC LIMITED             ,Listed    ,12 MAY 2026,              10.00,          70400000,            425.30,    29941120000.00   
12 MAY 2026,MSUMI,EQ,MOTHERSON SUMI WRNG IND L,Listed    ,12 MAY 2026,               1.00,        6631661898,             39.80,   263940143540.40     
12 MAY 2026,MTARTECH,EQ,MTAR TECHNOLOGIES LIMITED,Listed    ,12 MAY 2026,              10.00,          30759591,           6248.50,   192201304363.50  
12 MAY 2026,MTEDUCARE,BE,MT EDUCARE LTD           ,Listed    ,12 MAY 2026,              10.00,          72228054,              1.55,      112675764.25 
12 MAY 2026,MTNL,EQ,MAHANAGAR TELEPHONE NIGAM,Listed    ,12 MAY 2026,              10.00,         630000000,             28.70,    18087300000.00      
12 MAY 2026,MUFIN,EQ,MUFIN GREEN FINANCE LTD  ,Listed    ,12 MAY 2026,               1.00,         173231423,            112.90,    19561292285.15     
12 MAY 2026,MUFTI,EQ,CREDO BRANDS MARKETING L ,Listed    ,12 MAY 2026,               2.00,          65370103,             77.00,     5034805333.05     
12 MAY 2026,MUKANDLTD,EQ,MUKAND LTD.              ,Listed    ,12 MAY 2026,              10.00,         144495563,            135.30,    19553139585.15 
12 MAY 2026,MUKKA,EQ,MUKKA PROTEINS LIMITED   ,Listed    ,12 MAY 2026,               1.00,         300000000,             24.10,     7236000000.00     
12 MAY 2026,MUKTAARTS,EQ,MUKTA ARTS LIMITED       ,Listed    ,12 MAY 2026,               5.00,          22585200,             55.90,     1262738532.00 
12 MAY 2026,MUNISH,ST,MUNISH FORGE LIMITED     ,Listed    ,12 MAY 2026,              10.00,          24070263,             69.50,     1672883278.50    
12 MAY 2026,MUNJALAU,EQ,MUNJAL AUTO IND. LTD.    ,Listed    ,12 MAY 2026,               2.00,         100000000,             87.80,     8779000000.00  
12 MAY 2026,MUNJALSHOW,EQ,MUNJAL SHOWA LTD         ,Listed    ,12 MAY 2026,               2.00,          39995000,            134.15,     5364529350.00
12 MAY 2026,MURUDCERA,EQ,MURUDESHWAR CERAMICS LTD ,Listed    ,12 MAY 2026,              10.00,          60545260,             32.55,     1971353665.60 
12 MAY 2026,MUTHOOTCAP,EQ,MUTHOOT CAP SERV LTD     ,Listed    ,12 MAY 2026,              10.00,          16447533,            206.65,     3398718219.10
12 MAY 2026,MUTHOOTFIN,EQ,MUTHOOT FINANCE LIMITED  ,Listed    ,12 MAY 2026,              10.00,         401468476,           3353.40,  1346284387418.40
12 MAY 2026,MUTHOOTMF,EQ,MUTHOOT MICROFIN LIMITED ,Listed    ,12 MAY 2026,              10.00,         170492176,            190.20,    32431021718.70 
12 MAY 2026,MVGJL,EQ,MANOJ VAIBHAV GEM N JEW L,Listed    ,12 MAY 2026,              10.00,          48847441,            160.25,     7826825471.45     
12 MAY 2026,MVKAGRO,SM,M.V.K. AGRO FOOD PROD LTD,Listed    ,12 MAY 2026,              10.00,          50503900,            508.70,    25691333930.00   
12 MAY 2026,MWL,EQ,MANGALAM WORLDWIDE LTD   ,Listed    ,12 MAY 2026,              10.00,          29700674,            349.10,    10368505293.40       
12 MAY 2026,MYMUDRA,SM,MY MUDRA FINCORP LIMITED ,Listed    ,12 MAY 2026,              10.00,          11391800,             73.25,      834449350.00   
12 MAY 2026,NACLIND,EQ,NACL INDUSTRIES LIMITED  ,Listed    ,12 MAY 2026,               1.00,         234013331,            165.30,    38684743747.60   
12 MAY 2026,NAGAFERT,BZ,NAGARJUN FERT AND CHE LTD,Listed    ,12 MAY 2026,               1.00,         598065003,              3.85,     2314511561.60  
12 MAY 2026,NAGREEKCAP,BE,NAGREEKA CAP & INFR.LTD  ,Listed    ,12 MAY 2026,               5.00,          12615300,             29.35,      370259055.00
12 MAY 2026,NAGREEKEXP,EQ,NAGREEKA EXPORTS LTD.    ,Listed    ,12 MAY 2026,               5.00,          31249250,             26.30,      822480260.00
12 MAY 2026,NAHARCAP,EQ,NAHAR CAP & FIN.         ,Listed    ,12 MAY 2026,               5.00,          16746167,            259.45,     4344793028.15  
12 MAY 2026,NAHARINDUS,EQ,NAHAR INDS ENT LTD       ,Listed    ,12 MAY 2026,              10.00,          43205581,            113.15,     4888279434.35
12 MAY 2026,NAHARPOLY,EQ,NAHAR POLY FILMS LIMITED ,Listed    ,12 MAY 2026,               5.00,          24587991,            247.00,     6073233777.00 
12 MAY 2026,NAHARSPING,BE,NAHAR SPINNING MILLS LTD.,Listed    ,12 MAY 2026,               5.00,          36065303,            265.00,     9557305295.00
12 MAY 2026,NAM-INDIA,EQ,NIPPON L I A M LTD       ,Listed    ,12 MAY 2026,              10.00,         637355305,           1038.10,   661638542120.50 
12 MAY 2026,NAMAN,SM,NAMAN INDUSTRE PRXIMA LTD,Listed    ,12 MAY 2026,              10.00,          13065980,             51.10,      667671578.00     
12 MAY 2026,NAMOEWASTE,SM,NAMO EWASTE MANAGEMENT L ,Listed    ,12 MAY 2026,              10.00,          22867515,            222.65,     5091452214.75
12 MAY 2026,NARMADA,EQ,NARMADA AGROBASE LIMITED ,Listed    ,12 MAY 2026,              10.00,          37936399,             36.65,     1389989659.35   
12 MAY 2026,NATCAPSUQ,EQ,NATURAL CAPSULES LIMITED ,Listed    ,12 MAY 2026,              10.00,          10386154,            161.65,     1678817932.55 
12 MAY 2026,NATCOPHARM,EQ,NATCO PHARMA LTD.        ,Listed    ,12 MAY 2026,               2.00,         179109870,           1181.90,   211689955353.00
12 MAY 2026,NATHBIOGEN,EQ,NATH BIO-GENES (I) LTD   ,Listed    ,12 MAY 2026,              10.00,          19004000,            163.35,     3104113360.00
12 MAY 2026,NATIONALUM,EQ,NATIONAL ALUMINIUM CO LTD,Listed    ,12 MAY 2026,               5.00,        1836631787,            394.05,   723724755667.35
12 MAY 2026,NATIONSTD,EQ,NATIONAL STAND (INDIA) L ,Permitted ,12 MAY 2026,              10.00,          20000000,           1312.70,    26254000000.00 
12 MAY 2026,NAUKRI,EQ,INFO EDGE (I) LTD        ,Listed    ,12 MAY 2026,               2.00,         648420600,            930.90,   603614736540.00    
12 MAY 2026,NAVA,EQ,NAVA LIMITED             ,Listed    ,12 MAY 2026,               1.00,         283001276,            697.50,   197393390010.00      
12 MAY 2026,NAVINFLUOR,EQ,NAVIN FLUORINE INT. LTD  ,Listed    ,12 MAY 2026,               2.00,          51231974,           6950.50,   356087835287.00
12 MAY 2026,NAVKARCORP,EQ,NAVKAR CORPORATION LTD.  ,Listed    ,12 MAY 2026,              10.00,         150519181,             95.35,    14350498716.55
12 MAY 2026,NAVKARURB,EQ,NAVKAR URBANSTRUCTURE LTD,Listed    ,12 MAY 2026,               1.00,        1122090422,              0.80,      908893241.80 
12 MAY 2026,NAVNETEDUL,EQ,NAVNEET EDUCATION LTD    ,Listed    ,12 MAY 2026,               2.00,         221213181,            141.70,    31341483484.10
12 MAY 2026,NAZARA,EQ,NAZARA TECHNOLOGIES LTD  ,Listed    ,12 MAY 2026,               2.00,         370465024,            263.10,    97469347814.40    
12 MAY 2026,NBCC,EQ,NBCC (INDIA) LIMITED     ,Listed    ,12 MAY 2026,               1.00,        2700000000,             92.65,   250182000000.00      
12 MAY 2026,NBIFIN,EQ,N.B.I. IND. FIN. CO. LTD ,Listed    ,12 MAY 2026,               5.00,           2954850,           2020.40,     5969978940.00    
12 MAY 2026,NCC,EQ,NCC LIMITED              ,Listed    ,12 MAY 2026,               2.00,         627846588,            161.75,   101560464074.90       
12 MAY 2026,NCLIND,EQ,NCL INDUSTRIES LIMITED   ,Listed    ,12 MAY 2026,              10.00,          45232790,            172.00,     7780039880.00    
12 MAY 2026,NDGL,EQ,NAGA DHUNSERI GROUP LTD  ,Listed    ,12 MAY 2026,              10.00,           1000000,           2678.20,     2678200000.00      
12 MAY 2026,NDL,EQ,NANDAN DENIM LIMITED     ,Listed    ,12 MAY 2026,               1.00,        1441471680,              2.65,     3848729385.60       
12 MAY 2026,NDLVENTURE,EQ,NDL VENTURES LIMITED     ,Listed    ,12 MAY 2026,              10.00,          33671621,            118.65,     3994801115.45
12 MAY 2026,NDRAUTO,EQ,NDR AUTO COMPONENTS LTD  ,Listed    ,12 MAY 2026,              10.00,          23785304,            821.15,    19531302379.60   
12 MAY 2026,NDRINVIT,IV,NDR INVIT TRUST          ,Listed    ,08 MAY 2026,             100.00,         396012214,            136.75,    54154670264.50  
12 MAY 2026,NDTV,EQ,NDTV LTD                 ,Listed    ,12 MAY 2026,               4.00,         112824717,             73.90,     8335490091.95      
12 MAY 2026,NEAGI,EQ,NEELAMALAI AGRO INDS. L  ,Permitted ,11 MAY 2026,              10.00,            622062,           3190.00,     1984377780.00     
12 MAY 2026,NECCLTD,EQ,NORTH EAST CARRY CORP LTD,Listed    ,12 MAY 2026,              10.00,         100000000,             15.55,     1557000000.00   
12 MAY 2026,NECLIFE,BE,NECTAR LIFESCIENCES LTD. ,Listed    ,12 MAY 2026,               1.00,         194260970,             12.95,     2517622171.20   
12 MAY 2026,NEELAM,SM,NEELAM LINENS & GAR (I) L,Listed    ,12 MAY 2026,              10.00,          20218000,             12.10,      244637800.00    
12 MAY 2026,NELCAST,EQ,NELCAST LIMITED          ,Listed    ,12 MAY 2026,               2.00,          87001200,            143.95,    12522952728.00   
12 MAY 2026,NELCO,EQ,NELCO LTD                ,Listed    ,12 MAY 2026,              10.00,          22818400,            675.80,    15420674720.00     
12 MAY 2026,NEOCHEM,SM,NEOCHEM BIO SOLUTIONS LTD,Listed    ,12 MAY 2026,              10.00,          17120753,             84.10,     1439855327.30   
12 MAY 2026,NEOGEN,EQ,NEOGEN CHEMICALS LIMITED ,Listed    ,12 MAY 2026,              10.00,          26381674,           1635.10,    43136675157.40    
12 MAY 2026,NEPHROCARE,SM,NEPHRO CARE INDIA LIMITED,Listed    ,12 MAY 2026,              10.00,          16486400,             85.00,     1401344000.00
12 MAY 2026,NEPHROPLUS,EQ,NEPHROCARE HEALTH SERV L ,Listed    ,12 MAY 2026,               2.00,         100340717,            573.20,    57515298984.40
12 MAY 2026,NEPTUNE,ST,NEPTUNE PETROCHEMICALS L ,Listed    ,12 MAY 2026,              10.00,          22653500,            209.00,     4734581500.00   
12 MAY 2026,NESCO,EQ,NESCO LTD.               ,Listed    ,12 MAY 2026,               2.00,          70459960,           1218.80,    85876599248.00     
12 MAY 2026,NESTLEIND,EQ,NESTLE INDIA LIMITED     ,Listed    ,12 MAY 2026,               1.00,        1928314320,           1468.60,  2831922410352.00 
12 MAY 2026,NETWEB,EQ,NETWEB TECH INDIA LTD    ,Listed    ,12 MAY 2026,               2.00,          56940687,           4016.00,   228673798992.00    
12 MAY 2026,NETWORK18,EQ,NETWORK18 MEDIA & INV LTD,Listed    ,12 MAY 2026,               5.00,        1542000018,             32.15,    49559880578.50 
12 MAY 2026,NEULANDLAB,EQ,NEULAND LAB LTD.         ,Listed    ,12 MAY 2026,              10.00,          12829889,          17003.00,   218146602667.00
12 MAY 2026,NEWGEN,EQ,NEWGEN SOFTWARE TECH LTD ,Listed    ,12 MAY 2026,              10.00,         142317787,            464.95,    66170655065.65    
12 MAY 2026,NEWJAISA,ST,NEWJAISA TECHNOLOGIES LTD,Listed    ,11 MAY 2026,               5.00,          35774694,             24.55,      878268737.70  
12 MAY 2026,NEXTMEDIA,EQ,NEXT MEDIAWORKS LIMITED  ,Listed    ,12 MAY 2026,              10.00,          66892908,              4.05,      270247348.30 
12 MAY 2026,NFL,EQ,NATIONAL FERT. LTD       ,Listed    ,12 MAY 2026,              10.00,         490578400,             74.00,    36292990032.00       
12 MAY 2026,NGIL,EQ,NAKODA GROUP OF IND. LTD ,Listed    ,12 MAY 2026,              10.00,          17538052,             36.55,      640840420.10      
12 MAY 2026,NGLFINE,EQ,NGL FINE CHEM LIMITED    ,Listed    ,12 MAY 2026,               5.00,           6178024,           2188.60,    13521223326.40   
12 MAY 2026,NH,EQ,NARAYANA HRUDAYALAYA LTD.,Listed    ,12 MAY 2026,              10.00,         204360804,           1846.60,   377372660666.40        
12 MAY 2026,NHIT,IV,NATIONAL HIGHW INFRA TRUS,Listed    ,11 MAY 2026,             100.00,        1936850600,            161.10,   312026631660.00      
12 MAY 2026,NHPC,EQ,NHPC LTD                 ,Listed    ,12 MAY 2026,              10.00,       10045034805,             76.75,   771157321979.85      
12 MAY 2026,NIACL,EQ,THE NEW INDIA ASSU CO LTD,Listed    ,12 MAY 2026,               5.00,        1648000000,            159.65,   263086720000.00     
12 MAY 2026,NIBE,EQ,NIBE LIMITED             ,Listed    ,12 MAY 2026,              10.00,          14501273,            981.40,    14231549322.20      
12 MAY 2026,NIBL,EQ,NRB INDUS. BEARINGS LTD. ,Listed    ,12 MAY 2026,               2.00,          24230650,             30.70,      743396342.00      
12 MAY 2026,NIDAN,SM,NIDAN LABS AND HEALTH LTD,Listed    ,11 MAY 2026,              10.00,          13900000,             14.10,      195990000.00     
12 MAY 2026,NIITLTD,EQ,NIIT LIMITED             ,Listed    ,12 MAY 2026,               2.00,         136383759,             68.05,     9282278637.55   
12 MAY 2026,NIITMTS,EQ,NIIT LEARNING SYSTEMS LTD,Listed    ,12 MAY 2026,               2.00,         137520439,            272.40,    37460567583.60   
12 MAY 2026,NIKITA,SM,NIKITA GRENTEC RECYCL LTD,Listed    ,12 MAY 2026,              10.00,          24667900,             91.15,     2248479085.00    
12 MAY 2026,NILAINFRA,EQ,NILA INFRASTRUCTURES LTD ,Listed    ,12 MAY 2026,               1.00,         393889200,              8.55,     3359874876.00 
12 MAY 2026,NILASPACES,EQ,NILA SPACES LIMITED      ,Listed    ,12 MAY 2026,               1.00,         393889200,             14.00,     5506571016.00
12 MAY 2026,NILE,EQ,NILE LTD.                ,Permitted ,12 MAY 2026,              10.00,           3001900,           1728.00,     5187283200.00      
12 MAY 2026,NILKAMAL,EQ,NILKAMAL LIMITED         ,Listed    ,12 MAY 2026,              10.00,          14922525,           1318.60,    19676841465.00  
12 MAY 2026,NIMBSPROJ,EQ,NIMBUS PROJECTS LIMITED  ,Listed    ,12 MAY 2026,              10.00,          19318735,            225.00,     4346715375.00 
12 MAY 2026,NINSYS,BE,NINTEC SYSTEMS LIMITED   ,Listed    ,12 MAY 2026,              10.00,          18576000,            567.10,    10534449600.00    
12 MAY 2026,NIPPOBATRY,EQ,INDO-NATIONAL LIMITED    ,Listed    ,12 MAY 2026,               5.00,           7500000,            384.60,     2884500000.00
12 MAY 2026,NIRAJ,EQ,NIRAJ CEMENT STRUC LTD   ,Listed    ,12 MAY 2026,              10.00,          59694340,             32.55,     1942453823.60     
12 MAY 2026,NIRAJISPAT,BE,NIRAJ ISPAT IND LTD      ,Listed    ,12 MAY 2026,              10.00,            600000,            237.25,      142338000.00
12 MAY 2026,NIRLON,EQ,NIRLON LTD               ,Permitted ,12 MAY 2026,              10.00,          90118040,            593.55,    53489562642.00    
12 MAY 2026,NIRMAN,ST,NIRMAN AGRI GENTICS LTD  ,Listed    ,12 MAY 2026,              10.00,           8009676,             49.95,      400083316.20    
12 MAY 2026,NITCO,EQ,NITCO LIMITED            ,Listed    ,12 MAY 2026,              10.00,         229116105,             98.20,    22501492672.05     
12 MAY 2026,NITINSPIN,EQ,NITIN SPINNERS LIMITED   ,Listed    ,12 MAY 2026,              10.00,          56220000,            497.35,    27961017000.00 
12 MAY 2026,NITIRAJ,EQ,NITIRAJ ENGINEERS LTD    ,Listed    ,12 MAY 2026,              10.00,          10251000,            201.50,     2065371480.00   
12 MAY 2026,NITTAGELA,EQ,NITTA GELATIN INDIA LTD. ,Permitted ,12 MAY 2026,              10.00,           9079160,           1282.60,    11644930616.00 
12 MAY 2026,NIVABUPA,EQ,NIVA BUPA HEALTH INS CO L,Listed    ,12 MAY 2026,              10.00,        1847456771,             83.75,   154742979138.95  
12 MAY 2026,NKIND,EQ,NK INDUSTRIES LTD        ,Listed    ,12 MAY 2026,              10.00,           6009900,             67.20,      403925379.00     
12 MAY 2026,NLCINDIA,EQ,NLC INDIA LIMITED        ,Listed    ,12 MAY 2026,              10.00,        1386636609,            308.10,   427222739232.90  
12 MAY 2026,NMDC,EQ,NMDC LTD.                ,Listed    ,12 MAY 2026,               1.00,        8791817550,             86.60,   761547236181.00      
12 MAY 2026,NMSTEEL,SM,NEWMALAYALAM STEEL LTD   ,Listed    ,05 MAY 2026,              10.00,          17287600,             24.90,      430461240.00   
12 MAY 2026,NOCIL,EQ,NOCIL LIMITED            ,Listed    ,12 MAY 2026,              10.00,         167024930,            166.35,    27782926856.20     
12 MAY 2026,NOIDATOLL,EQ,NOIDA TOLL BRIDGE CO LTD ,Listed    ,12 MAY 2026,              10.00,         186195002,              3.75,      694507357.45 
12 MAY 2026,NORBTEAEXP,EQ,NORBEN TEA & EXPORTS LTD ,Listed    ,12 MAY 2026,              10.00,          15544100,             76.15,     1183838656.00
12 MAY 2026,NORTHARC,EQ,NORTHERN ARC CAPITAL LTD ,Listed    ,12 MAY 2026,              10.00,         161571875,            296.15,    47849510781.25  
12 MAY 2026,NOVAAGRI,EQ,NOVA AGRITECH LIMITED    ,Listed    ,12 MAY 2026,               2.00,          92519813,             27.80,     2572975999.55  
12 MAY 2026,NOVARTIND,EQ,NOVARTIS INDIA LIMITED   ,Permitted ,12 MAY 2026,               5.00,          24690797,           1263.00,    31184476611.00 
12 MAY 2026,NPST,EQ,NETWORK PEOPLE SRV TECH L,Listed    ,12 MAY 2026,              10.00,          20850650,           1128.50,    23529958525.00      
12 MAY 2026,NRAIL,EQ,N R AGARWAL INDS LTD     ,Listed    ,12 MAY 2026,              10.00,          17019100,            482.25,     8207460975.00     
12 MAY 2026,NRBBEARING,EQ,NRB BEARING LIMITED      ,Listed    ,12 MAY 2026,               2.00,          96922600,            330.60,    32042611560.00
12 MAY 2026,NRL,EQ,NUPUR RECYCLERS LIMITED  ,Listed    ,12 MAY 2026,              10.00,          69068995,             53.35,     3684830883.25       
12 MAY 2026,NRVANDANA,SM,N R VANDANA TEX IND LTD  ,Listed    ,12 MAY 2026,              10.00,          23294809,             66.00,     1537457394.00 
12 MAY 2026,NSIL,EQ,NALWA SONS INVESTMENT LTD,Listed    ,12 MAY 2026,              10.00,           5136163,           5571.50,    28616132154.50      
12 MAY 2026,NSLNISP,EQ,NMDC STEEL LIMITED       ,Listed    ,12 MAY 2026,              10.00,        2930605850,             41.90,   122792385115.00   
12 MAY 2026,NTPC,EQ,NTPC LTD                 ,Listed    ,12 MAY 2026,              10.00,        9696666134,            392.70,  3807880790821.80      
12 MAY 2026,NTPCGREEN,EQ,NTPC GREEN ENERGY LIMITED,Listed    ,12 MAY 2026,              10.00,        8426329669,            107.15,   903049750626.75 
12 MAY 2026,NUCLEUS,EQ,NUCLEUS SOFTWARE EXPORTS ,Listed    ,12 MAY 2026,              10.00,          26325306,            791.25,    20829898372.50   
12 MAY 2026,NURECA,EQ,NURECA LIMITED           ,Listed    ,12 MAY 2026,              10.00,           9541920,            271.75,     2593016760.00    
12 MAY 2026,NUVAMA,EQ,NUVAMA WEALTH MANAGE LTD ,Listed    ,12 MAY 2026,               2.00,         182041513,           1548.20,   281836670426.60    
12 MAY 2026,NUVOCO,EQ,NUVOCO VISTAS CORP LTD   ,Listed    ,12 MAY 2026,              10.00,         357156153,            316.95,   113200642693.35    
12 MAY 2026,NXST,RR,NEXUS SELECT TRUST       ,Listed    ,12 MAY 2026,             100.00,        1515000000,            157.40,   238476150000.00      
12 MAY 2026,NXT-INFRA,IV,NXT-INFRA TRUST          ,Listed    ,08 MAY 2026,             100.00,         285000000,             97.00,    27645000000.00 
12 MAY 2026,NYKAA,EQ,FSN E COMMERCE VENTURES  ,Listed    ,12 MAY 2026,               1.00,        2863058056,            260.65,   746256082296.40     
12 MAY 2026,OAL,EQ,ORIENTAL AROMATICS LTD   ,Listed    ,12 MAY 2026,               5.00,          33653576,            297.90,    10025400290.40       
12 MAY 2026,OBCL,EQ,ORISSA BENGAL CARRIER LTD,Listed    ,12 MAY 2026,              10.00,          21082790,             56.20,     1184431142.20      
12 MAY 2026,OBEROIRLTY,EQ,OBEROI REALTY LIMITED    ,Listed    ,12 MAY 2026,              10.00,         363602237,           1626.70,   591471758927.90
12 MAY 2026,OBSCP,SM,OBSC PERFECTION LIMITED  ,Listed    ,12 MAY 2026,              10.00,          24452400,            372.95,     9119522580.00     
12 MAY 2026,OCCLLTD,EQ,OCCL LIMITED             ,Listed    ,12 MAY 2026,               2.00,          49950460,             95.35,     4763775370.20   
12 MAY 2026,ODIGMA,BE,ODIGMA CONSULTANCY SOL L ,Listed    ,12 MAY 2026,               1.00,          31258450,             26.65,      832412523.50    
12 MAY 2026,OFSS,EQ,ORACLE FIN SERV SOFT LTD.,Listed    ,12 MAY 2026,               5.00,          87029204,           9010.50,   784176642642.00      
12 MAY 2026,OIL,EQ,OIL INDIA LTD            ,Listed    ,12 MAY 2026,              10.00,        1626607791,            490.95,   798583094991.45       
12 MAY 2026,OILCOUNTUB,BE,OIL COUNTRY TUBULAR LTD. ,Listed    ,12 MAY 2026,              10.00,          51989530,             62.25,     3236348242.50
12 MAY 2026,OLAELEC,EQ,OLA ELECTRIC MOBILITY LTD,Listed    ,12 MAY 2026,              10.00,        4410829885,             35.15,   154952453860.05   
12 MAY 2026,OLECTRA,EQ,OLECTRA GREENTECH LIMITED,Listed    ,12 MAY 2026,               4.00,          82080737,           1270.00,   104242535990.00   
12 MAY 2026,OLIL,ST,ONECLICK LOGISTICS IND L ,Listed    ,12 MAY 2026,              10.00,           6711796,            463.60,     3111588625.60      
12 MAY 2026,OMAXAUTO,BE,OMAX AUTOS LTD           ,Listed    ,12 MAY 2026,              10.00,          21371213,            218.30,     4665763222.15  
12 MAY 2026,OMAXE,EQ,OMAXE LIMITED            ,Listed    ,12 MAY 2026,              10.00,         182900540,             82.85,    15155138744.40     
12 MAY 2026,OMFREIGHT,EQ,OM FREIGHT FORWARDERS LTD,Listed    ,12 MAY 2026,              10.00,          33675442,             84.05,     2830084145.70 
12 MAY 2026,OMFURN,ST,OMFURN INDIA LIMITED     ,Listed    ,12 MAY 2026,              10.00,          11774400,             61.75,      727069200.00    
12 MAY 2026,OMINFRAL,EQ,OM INFRA LIMITED         ,Listed    ,12 MAY 2026,               1.00,          96303809,             88.90,     8563334696.30  
12 MAY 2026,OMNI,EQ,OMNITECH ENGINEERING LTD ,Listed    ,12 MAY 2026,               5.00,         123666020,            402.75,    49806489555.00      
12 MAY 2026,OMPOWER,EQ,OM POWER TRANSMISSION LTD,Listed    ,12 MAY 2026,              10.00,          34245000,            181.25,     6206906250.00   
12 MAY 2026,ONDOOR,ST,ON DOOR CONCEPTS LIMITED ,Listed    ,12 MAY 2026,              10.00,           5648612,            177.10,     1000369185.20    
12 MAY 2026,ONELIFECAP,EQ,ONELIFE CAP ADVISORS LTD ,Listed    ,12 MAY 2026,              10.00,          37360000,             19.10,      713202400.00
12 MAY 2026,ONEPOINT,EQ,ONE POINT ONE SOL LTD    ,Listed    ,12 MAY 2026,               2.00,         262920863,             60.35,    15864644873.40  
12 MAY 2026,ONESOURCE,EQ,ONESOURCE SPECL PHARMA L ,Listed    ,12 MAY 2026,               1.00,         114621201,           1830.20,   209779722070.20 
12 MAY 2026,ONGC,EQ,OIL AND NATURAL GAS CORP.,Listed    ,12 MAY 2026,               5.00,       12580279206,            294.50,  3704892226167.00      
12 MAY 2026,ONMOBILE,EQ,ONMOBILE GLOBAL LTD.     ,Listed    ,12 MAY 2026,              10.00,         106321351,             54.40,     5782818280.90  
12 MAY 2026,ONWARDTEC,EQ,ONWARD TECHNOLOGIES LTD  ,Listed    ,12 MAY 2026,              10.00,          22750370,            265.70,     6045000812.70 
12 MAY 2026,ONYX,SM,ONYX BIOTEC LIMITED      ,Listed    ,12 MAY 2026,              10.00,          18132200,             32.85,      595642770.00      
12 MAY 2026,OPTIEMUS,EQ,OPTIEMUS INFRACOM LTD    ,Listed    ,12 MAY 2026,              10.00,          88688783,            420.20,    37267026616.60  
12 MAY 2026,OPTIVALUE,SM,OPTIVALUE TEK CONSULT LTD,Listed    ,12 MAY 2026,              10.00,          23411400,             82.50,     1931440500.00 
12 MAY 2026,ORBTEXP,EQ,ORBIT EXPORTS LIMITED    ,Listed    ,12 MAY 2026,              10.00,          26511152,            158.30,     4196450250.10   
12 MAY 2026,ORCHASP,EQ,ORCHASP LIMITED          ,Listed    ,12 MAY 2026,               2.00,         346425366,              1.95,      682457971.00   
12 MAY 2026,ORCHPHARMA,EQ,ORCHID PHARMA LIMITED    ,Listed    ,12 MAY 2026,              10.00,          50719105,            708.65,    35942093758.25
12 MAY 2026,ORIANA,SM,ORIANA POWER LIMITED     ,Listed    ,12 MAY 2026,              10.00,          20319150,           1826.05,    37103783857.50    
12 MAY 2026,ORICONENT,EQ,ORICON ENTERPRISES LTD   ,Listed    ,12 MAY 2026,               2.00,         157047715,             64.00,    10052624237.15 
12 MAY 2026,ORIENTALTL,EQ,ORIENTAL TRIMEX LTD      ,Listed    ,12 MAY 2026,              10.00,          73507265,              6.85,      502054619.95
12 MAY 2026,ORIENTBELL,EQ,ORIENT BELL LIMITED      ,Listed    ,12 MAY 2026,              10.00,          14710476,            316.15,     4650716987.40
12 MAY 2026,ORIENTCEM,EQ,ORIENT CEMENT LTD.       ,Listed    ,12 MAY 2026,               1.00,         205459873,            135.00,    27741192052.45 
12 MAY 2026,ORIENTCER,EQ,ORIENT CERATECH LIMITED  ,Listed    ,12 MAY 2026,               1.00,         119639200,             40.00,     4785568000.00 
12 MAY 2026,ORIENTELEC,EQ,ORIENT ELECTRIC LIMITED  ,Listed    ,12 MAY 2026,               1.00,         213365899,            188.15,    40144793896.85
12 MAY 2026,ORIENTHOT,EQ,ORIENT HOTELS LTD        ,Listed    ,12 MAY 2026,               1.00,         178599180,             98.95,    17672388861.00 
12 MAY 2026,ORIENTLTD,EQ,ORIENT PRESS LIMITED     ,Listed    ,12 MAY 2026,              10.00,          10000000,             68.05,      680600000.00 
12 MAY 2026,ORIENTPPR,EQ,ORIENT PAPER AND INDS LTD,Listed    ,12 MAY 2026,               1.00,         212185822,             17.30,     3675058437.05 
12 MAY 2026,ORIENTTECH,EQ,ORIENT TECHNOLOGIES LTD  ,Listed    ,12 MAY 2026,              10.00,          45805916,            284.00,    13008880144.00
12 MAY 2026,ORISSAMINE,EQ,ORISSA MIN DEV CO LTD    ,Listed    ,12 MAY 2026,               1.00,           6000000,           4094.20,    24565200000.00
12 MAY 2026,ORKLAINDIA,EQ,ORKLA INDIA LIMITED      ,Listed    ,12 MAY 2026,               1.00,         136989230,            639.20,    87563515816.00
12 MAY 2026,ORTEL,BZ,ORTEL COMMUNICATIONS LTD ,Listed    ,12 MAY 2026,              10.00,          32976900,              1.70,       55401192.00     
12 MAY 2026,ORTINGLOBE,BE,ORTIN GLOBAL LIMITED     ,Listed    ,12 MAY 2026,              10.00,           8131392,             14.70,      119450148.50
12 MAY 2026,OSEINTRUST,IV,ORIENTAL INFRATRUST      ,Listed    ,Not Traded ,             100.00,         583483081,             82.80,    48306564276.00
12 MAY 2026,OSELDEVICE,SM,OSEL DEVICES LIMITED     ,Listed    ,12 MAY 2026,              10.00,          17694600,            522.45,     9244543770.00
12 MAY 2026,OSIAHYPER,BE,OSIA HYPER RETAIL LIMITED,Listed    ,12 MAY 2026,               1.00,         176958900,              4.80,      851172309.00 
12 MAY 2026,OSWALAGRO,BE,OSWAL AGRO MILLS LTD     ,Listed    ,12 MAY 2026,              10.00,         134234776,             46.45,     6232520649.70 
12 MAY 2026,OSWALGREEN,EQ,OSWAL GREENTECH LIMITED  ,Listed    ,12 MAY 2026,              10.00,         256809159,             25.65,     6584586836.75
12 MAY 2026,OSWALPUMPS,EQ,OSWAL PUMPS LIMITED      ,Listed    ,12 MAY 2026,               1.00,         113977414,            399.80,    45568170117.20
12 MAY 2026,OSWALSEEDS,EQ,SHREEOSWAL S AND CHE LTD ,Listed    ,12 MAY 2026,               2.00,          91470000,             12.00,     1098554700.00
12 MAY 2026,OWAIS,SM,OWAIS METAL & MINERAL    ,Listed    ,12 MAY 2026,              10.00,          18182398,            174.65,     3175555810.70     
12 MAY 2026,PACEDIGITK,EQ,PACE DIGITEK LIMITED     ,Listed    ,12 MAY 2026,               2.00,         215851327,            188.45,    40679341086.40
12 MAY 2026,PAGEIND,EQ,PAGE INDUSTRIES LTD      ,Listed    ,12 MAY 2026,              10.00,          11153874,          35085.00,   391333669290.00   
12 MAY 2026,PAISALO,EQ,PAISALO DIGITAL LIMITED  ,Listed    ,12 MAY 2026,               1.00,         909521874,             44.95,    40883008236.30   
12 MAY 2026,PAKKA,EQ,PAKKA LIMITED            ,Listed    ,12 MAY 2026,              10.00,          44948100,             92.75,     4169385756.00     
12 MAY 2026,PALASHSECU,EQ,PALASH SECURITIES LTD    ,Listed    ,12 MAY 2026,              10.00,          10003102,             95.95,      959797636.90
12 MAY 2026,PALREDTEC,BE,PALRED TECHNOLOGIES LTD  ,Listed    ,12 MAY 2026,              10.00,          12232566,             37.95,      464225879.70 
12 MAY 2026,PANACEABIO,EQ,PANACEA BIOTEC LTD       ,Listed    ,12 MAY 2026,               1.00,          61250746,            365.55,    22390210200.30
12 MAY 2026,PANACHE,BE,PANACHE DIGILIFE LIMITED ,Listed    ,12 MAY 2026,              10.00,          16014000,            362.60,     5806676400.00   
12 MAY 2026,PANAMAPET,EQ,PANAMA PETROCHEM LTD     ,Listed    ,12 MAY 2026,               2.00,          60493598,            286.90,    17355613266.20 
12 MAY 2026,PANSARI,EQ,PANSARI DEVELOPERS LTD   ,Listed    ,12 MAY 2026,              10.00,          17446800,            268.25,     4680104100.00   
12 MAY 2026,PAR,EQ,PAR DRUGS AND CHEM LTD   ,Listed    ,12 MAY 2026,              10.00,          12304636,             91.60,     1126858564.90       
12 MAY 2026,PARACABLES,EQ,PARAMOUNT COMM LTD       ,Listed    ,12 MAY 2026,               2.00,         305209814,             54.20,    16548476115.10
12 MAY 2026,PARADEEP,EQ,PARADEEP PHOSPHATES LTD  ,Listed    ,12 MAY 2026,              10.00,        1038170594,            127.65,   132501712912.20  
12 MAY 2026,PARAGMILK,EQ,PARAG MILK FOODS LTD.    ,Listed    ,12 MAY 2026,              10.00,         125109554,            218.45,    27330182071.30 
12 MAY 2026,PARAGON,SM,PARAGON FINE S.C. LTD.   ,Listed    ,12 MAY 2026,              10.00,          19566000,             43.50,      851121000.00   
12 MAY 2026,PARAMATRIX,SM,PARAMATRIX TECHNOLOGIES L,Listed    ,12 MAY 2026,              10.00,          11048000,             65.00,      718120000.00
12 MAY 2026,PARAMOUNT,SM,PARAMOUNT DYE TEC LIMITED,Listed    ,12 MAY 2026,              10.00,           6942651,             52.85,      366919105.35 
12 MAY 2026,PARAMPARA,ST,PARAMPARA DAIRY DLGHT LTD,Listed    ,20 APR 2026,              10.00,          10500000,             11.00,      115500000.00 
12 MAY 2026,PARAS,EQ,PARAS DEF AND SPCE TECH L,Listed    ,12 MAY 2026,               5.00,          80587330,            800.60,    64518216398.00     
12 MAY 2026,PARASPETRO,BE,PARAS PETROFILS LTD.     ,Listed    ,12 MAY 2026,               1.00,         334221000,              2.15,      711890730.00
12 MAY 2026,PARIN,SM,PARIN ENTERPRISES LIMITED,Listed    ,12 MAY 2026,              10.00,          11118000,            637.65,     7089392700.00     
12 MAY 2026,PARKHOSPS,EQ,PARK MEDI WORLD LIMITED  ,Listed    ,12 MAY 2026,               2.00,         431930864,            246.35,   106397529729.10 
12 MAY 2026,PARKHOTELS,EQ,PARKHOTELS               ,Listed    ,12 MAY 2026,               1.00,         213374246,            128.55,    27427125580.85
12 MAY 2026,PARSVNATH,BE,PARSVNATH DEVELOPER LTD  ,Listed    ,12 MAY 2026,               5.00,         435181170,              6.30,     2732937747.60 
12 MAY 2026,PARTH,ST,PARTH ELEC & ENG LTD     ,Listed    ,12 MAY 2026,              10.00,          13667955,            363.40,     4966934847.00     
12 MAY 2026,PARTYCRUS,SM,PARTY CRUISERS LIMITED   ,Listed    ,12 MAY 2026,              10.00,          11985113,             96.15,     1152368614.95 
12 MAY 2026,PASHUPATI,EQ,PASHUPATI COTSPIN LIMITED,Listed    ,12 MAY 2026,               1.00,         157840000,             86.90,    13714717600.00 
12 MAY 2026,PASUPTAC,EQ,PASUPATI ACRYLON LIMITED ,Listed    ,12 MAY 2026,              10.00,          89133121,             51.85,     4620660992.65  
12 MAY 2026,PATANJALI,EQ,PATANJALI FOODS LIMITED  ,Listed    ,12 MAY 2026,               2.00,        1088104195,            441.05,   479908355204.75 
12 MAY 2026,PATELENG,EQ,PATEL ENGINEERING LTD.   ,Listed    ,12 MAY 2026,               1.00,         992141937,             26.75,    26549718234.10  
12 MAY 2026,PATELRMART,EQ,PATEL RETAIL LIMITED     ,Listed    ,12 MAY 2026,              10.00,          33400528,            201.35,     6724862307.50
12 MAY 2026,PATILAUTOM,SM,PATIL AUTOMATION LIMITED ,Listed    ,12 MAY 2026,              10.00,          21820800,            201.55,     4397982240.00
12 MAY 2026,PATINTLOG,EQ,PATEL INT. LOG. LTD      ,Listed    ,12 MAY 2026,              10.00,          69585746,             11.95,      832245522.15 
12 MAY 2026,PATTECH,SM,PATTECH FITWELL TUB COM L,Listed    ,05 MAY 2026,              10.00,           9397187,            116.85,     1098061300.95   
12 MAY 2026,PAUSHAKLTD,EQ,PAUSHAK LIMITED          ,Listed    ,12 MAY 2026,               5.00,          24656912,            479.30,    11818057921.60
12 MAY 2026,PAVNAIND,BE,PAVNA INDUSTRIES LIMITED ,Listed    ,12 MAY 2026,               1.00,         139530000,             19.65,     2738973900.00  
12 MAY 2026,PAYTM,EQ,ONE 97 COMMUNICATIONS LTD,Listed    ,12 MAY 2026,               1.00,         640045681,           1154.60,   738996743282.60     
12 MAY 2026,PCBL,EQ,PCBL CHEMICAL LIMITED    ,Listed    ,12 MAY 2026,               1.00,         393462604,            277.95,   109362930781.80      
12 MAY 2026,PCCL,SM,PETRO CARBON AND CHEMI L ,Listed    ,12 MAY 2026,              10.00,          24700000,            289.60,     7153120000.00      
12 MAY 2026,PCJEWELLER,EQ,PC JEWELLER LTD          ,Listed    ,12 MAY 2026,               1.00,        8016750455,              8.45,    67901876353.85
12 MAY 2026,PDMJEPAPER,EQ,PUDUMJEE PAPER PRO. LTD  ,Listed    ,12 MAY 2026,               1.00,          94950000,             81.50,     7736526000.00
12 MAY 2026,PDSL,EQ,PDS LIMITED              ,Listed    ,12 MAY 2026,               2.00,         141442133,            285.00,    40311007905.00      
12 MAY 2026,PEARLPOLY,BE,PEARL POLYMERS LTD       ,Listed    ,12 MAY 2026,              10.00,          16834932,             19.95,      336193592.05 
12 MAY 2026,PELATRO,SM,PELATRO LIMITED          ,Listed    ,12 MAY 2026,              10.00,          10597399,            271.30,     2875074348.70   
12 MAY 2026,PENIND,EQ,PENNAR INDUSTRIES LTD    ,Listed    ,12 MAY 2026,               5.00,         134946231,            161.15,    21746585125.65    
12 MAY 2026,PENINLAND,BE,PENINSULA LAND LIMITED   ,Listed    ,12 MAY 2026,               2.00,         331728220,             17.10,     5669235279.80 
12 MAY 2026,PENTAGON,SM,PENTAGON RUBBER LIMITED  ,Listed    ,08 MAY 2026,              10.00,           7710000,             65.00,      501150000.00  
12 MAY 2026,PERSISTENT,EQ,PERSISTENT SYSTEMS LTD   ,Listed    ,12 MAY 2026,               5.00,         157750000,           4877.10,   769362525000.00
12 MAY 2026,PETRONET,EQ,PETRONET LNG LIMITED     ,Listed    ,12 MAY 2026,              10.00,        1500000088,            271.15,   406725023861.20  
12 MAY 2026,PFC,EQ,POWER FIN CORP LTD.      ,Listed    ,12 MAY 2026,              10.00,        3300101760,            440.70,  1454354845632.00       
12 MAY 2026,PFIZER,EQ,PFIZER LTD               ,Listed    ,12 MAY 2026,              10.00,          45747732,           4725.90,   216199206658.80    
12 MAY 2026,PFOCUS,EQ,PRIME FOCUS LIMITED      ,Listed    ,12 MAY 2026,               1.00,         775990547,            288.80,   224106069973.60    
12 MAY 2026,PFS,EQ,PTC INDIA FIN SERV LTD   ,Listed    ,12 MAY 2026,              10.00,         642283335,             30.20,    19396956717.00       
12 MAY 2026,PGEL,EQ,PG ELECTROPLAST LTD      ,Listed    ,12 MAY 2026,               1.00,         285342658,            493.90,   140930738786.20      
12 MAY 2026,PGHH,EQ,P&G HYGIENE & HEALTH CARE,Listed    ,12 MAY 2026,              10.00,          32460736,           9705.00,   315031442880.00      
12 MAY 2026,PGHL,EQ,PROCTER & GAMBLE HEALTH L,Listed    ,12 MAY 2026,              10.00,          16599382,           5099.00,    84640248818.00      
12 MAY 2026,PGIL,EQ,PEARL GLOBAL IND LIMITED ,Listed    ,12 MAY 2026,               5.00,          46141467,           1497.90,    69115303419.30      
12 MAY 2026,PGINVIT,IV,POWERGRID INFRA. INVITS  ,Listed    ,12 MAY 2026,             100.00,         909999200,             92.85,    84484325728.00   
12 MAY 2026,PHANTOMFX,SM,PHANTOM DIGITAL EFF LTD  ,Listed    ,12 MAY 2026,              10.00,          15922800,            197.20,     3139976160.00 
12 MAY 2026,PHOENIXLTD,EQ,THE PHOENIX MILLS LTD    ,Listed    ,12 MAY 2026,               2.00,         357633581,           1731.00,   619063728711.00
12 MAY 2026,PHOGLOBAL,SM,PHOENIX OVERSEAS LIMITED ,Listed    ,11 MAY 2026,              10.00,          19346018,             18.45,      356934032.10 
12 MAY 2026,PICCADIL,EQ,PICCADILY AGRO INDUSTRI L,Listed    ,12 MAY 2026,              10.00,          98497711,            591.00,    58212147201.00  
12 MAY 2026,PIDILITIND,EQ,PIDILITE INDUSTRIES LTD  ,Listed    ,12 MAY 2026,               1.00,        1017766288,           1453.00,  1478814416464.00
12 MAY 2026,PIGL,EQ,POWER INSTRUMENT (G) LTD ,Listed    ,12 MAY 2026,              10.00,          19122900,            111.40,     2130291060.00      
12 MAY 2026,PIIND,EQ,PI INDUSTRIES LTD        ,Listed    ,12 MAY 2026,               1.00,         151718118,           2997.60,   454790230516.80     
12 MAY 2026,PILANIINVS,EQ,PILANI INV & IND COR LTD ,Listed    ,12 MAY 2026,              10.00,          11072250,           4563.50,    50528212875.00
12 MAY 2026,PILITA,EQ,PIL ITALICA LIFESTYLE LTD,Listed    ,12 MAY 2026,               1.00,         235000000,              8.30,     1955200000.00    
12 MAY 2026,PINELABS,EQ,PINE LABS LIMITED        ,Listed    ,12 MAY 2026,               1.00,        1148276377,            188.00,   215887441639.75  
12 MAY 2026,PIONEEREMB,EQ,PIONEER EMBROIDERIES LTD ,Listed    ,12 MAY 2026,              10.00,          30807192,             25.75,      792977122.10
12 MAY 2026,PIONRINV,EQ,PIONEER INVESTCORP LTD.  ,Permitted ,12 MAY 2026,              10.00,          12296908,            109.95,     1352168003.70  
12 MAY 2026,PIRAMALFIN,EQ,PIRAMAL FINANCE LIMITED  ,Listed    ,12 MAY 2026,               2.00,         226677700,           1909.70,   432886403690.00
12 MAY 2026,PITTIENG,EQ,PITTI ENGINEERING LIMITED,Listed    ,12 MAY 2026,               5.00,          37653588,            921.45,    34695898662.60  
12 MAY 2026,PIXTRANS,EQ,PIX TRANSMISSIONS LIMITED,Listed    ,12 MAY 2026,              10.00,          13625200,           1525.50,    20785242600.00  
12 MAY 2026,PKTEA,EQ,THE P K TEA PROD CO LTD  ,Listed    ,12 MAY 2026,              10.00,           3095879,            860.00,     2662455940.00     
12 MAY 2026,PLADAINFO,SM,PLADA INFOTECH SERVICES L,Listed    ,08 MAY 2026,              10.00,           8574000,             11.20,       96028800.00 
12 MAY 2026,PLASTIBLEN,EQ,PLASTIBLENDS INDIA LTD   ,Listed    ,12 MAY 2026,               5.00,          25989200,            168.35,     4375541712.00
12 MAY 2026,PLATIND,EQ,PLATINUM INDUSTRIES LTD  ,Listed    ,12 MAY 2026,              10.00,          54924873,            251.00,    13787241620.45   
12 MAY 2026,PLAZACABLE,BE,PLAZA WIRES LIMITED      ,Listed    ,12 MAY 2026,              10.00,          43752078,             54.65,     2391488583.50
12 MAY 2026,PML,EQ,PAUL MERCHANTS LTD.      ,Permitted ,12 MAY 2026,              10.00,           3084000,            584.90,     1803831600.00       
12 MAY 2026,PNB,EQ,PUNJAB NATIONAL BANK     ,Listed    ,12 MAY 2026,               2.00,       11492943268,            102.80,  1181244709085.05       
12 MAY 2026,PNBGILTS,EQ,PNB GILTS LIMITED        ,Listed    ,12 MAY 2026,              10.00,         180010134,             68.85,    12390097523.20  
12 MAY 2026,PNBHOUSING,EQ,PNB HOUSING FIN LTD.     ,Listed    ,12 MAY 2026,              10.00,         260508563,           1057.70,   275539907085.10
12 MAY 2026,PNC,BE,PRITISH NANDY COMMUNICATI,Listed    ,12 MAY 2026,              10.00,          14467000,             20.10,      290497360.00       
12 MAY 2026,PNCINFRA,EQ,PNC INFRATECH LTD.       ,Listed    ,12 MAY 2026,               2.00,         256539165,            218.75,    56117942343.75  
12 MAY 2026,PNGJL,EQ,P N GADGIL JEWELLERS LTD ,Listed    ,12 MAY 2026,              10.00,         135708333,            627.30,    85129837290.90     
12 MAY 2026,PNGSREVA,EQ,PNGS REVA DIAMOND JEWEL L,Listed    ,12 MAY 2026,              10.00,          31698400,            396.00,    12552566400.00  
12 MAY 2026,POCL,EQ,PONDY OXIDES & CHEM LTD  ,Listed    ,12 MAY 2026,               5.00,          30511279,           1320.40,    40287092791.60      
12 MAY 2026,PODDARMENT,EQ,PODDAR PIGMENTS LIMITED  ,Listed    ,12 MAY 2026,              10.00,          10610000,            252.65,     2680616500.00
12 MAY 2026,POKARNA,EQ,POKARNA LIMITED          ,Listed    ,12 MAY 2026,               2.00,          31004000,            828.95,    25700765800.00   
12 MAY 2026,POLICYBZR,EQ,PB FINTECH LIMITED       ,Listed    ,12 MAY 2026,               2.00,         462693070,           1603.30,   741835799131.00 
12 MAY 2026,POLYCAB,EQ,POLYCAB INDIA LIMITED    ,Listed    ,12 MAY 2026,              10.00,         150550508,           9021.50,  1358191407922.00   
12 MAY 2026,POLYMED,EQ,POLY MEDICURE LIMITED    ,Listed    ,12 MAY 2026,               5.00,         101359490,           1671.10,   169381843739.00   
12 MAY 2026,POLYPLEX,EQ,POLYPLEX CORPORATION LTD ,Listed    ,12 MAY 2026,              10.00,          31392462,            896.75,    28151190298.50  
12 MAY 2026,POLYSIL,ST,POLYSIL IRRIGATION SYST L,Listed    ,12 MAY 2026,              10.00,          22505090,            153.85,     3462408096.50   
12 MAY 2026,PONNIERODE,EQ,PONNIE SUGARS (ERODE) LTD,Listed    ,12 MAY 2026,              10.00,           8598418,            313.60,     2696463884.80
12 MAY 2026,POONAWALLA,EQ,POONAWALLA FINCORP LTD   ,Listed    ,12 MAY 2026,               2.00,         880248541,            422.05,   371508896729.05
12 MAY 2026,POSITRON,ST,POSITRON ENERGY LIMITED  ,Listed    ,12 MAY 2026,              10.00,           7600400,            220.30,     1674368120.00  
12 MAY 2026,POWERGRID,EQ,POWER GRID CORP. LTD.    ,Listed    ,12 MAY 2026,              10.00,        9300603819,            306.30,  2848774949759.70 
12 MAY 2026,POWERICA,EQ,POWERICA LIMITED         ,Listed    ,12 MAY 2026,               5.00,         126551877,            494.65,    62598885958.05  
12 MAY 2026,POWERINDIA,EQ,HITACHI ENERGY INDIA LTD ,Listed    ,12 MAY 2026,               2.00,          44572363,          32265.00,  1438127292195.00
12 MAY 2026,POWERMECH,EQ,POWER MECH PROJECTS LTD. ,Listed    ,12 MAY 2026,              10.00,          31616292,           2396.90,    75781090294.80 
12 MAY 2026,PPAP,EQ,PPAP AUTOMOTIVE LIMITED  ,Listed    ,12 MAY 2026,              10.00,          14115070,            213.15,     3008627170.50      
12 MAY 2026,PPL,EQ,PRAKASH PIPES LIMITED    ,Listed    ,12 MAY 2026,              10.00,          23918354,            193.10,     4618634157.40       
12 MAY 2026,PPLPHARMA,EQ,PIRAMAL PHARMA LIMITED   ,Listed    ,12 MAY 2026,              10.00,        1329248130,            176.55,   234692049832.80 
12 MAY 2026,PPSL,ST,PICTUREPOST STUDIOS LTD  ,Listed    ,12 MAY 2026,               1.00,          29300000,              6.70,      196310000.00      
12 MAY 2026,PRABHA,EQ,PRABHA ENERGY LIMITED    ,Listed    ,12 MAY 2026,               1.00,         136905531,            168.35,    23045308033.25    
12 MAY 2026,PRADPME,EQ,PRADEEP METALS LTD.      ,Permitted ,12 MAY 2026,              10.00,          17270000,            374.65,     6470205500.00   
12 MAY 2026,PRAENG,EQ,PRAJAY ENG. SYN. LTD.    ,Listed    ,12 MAY 2026,              10.00,          69935791,             22.45,     1570058507.95    
12 MAY 2026,PRAJIND,EQ,PRAJ INDUSTRIES LTD      ,Listed    ,12 MAY 2026,               2.00,         183813088,            391.70,    71999586569.60   
12 MAY 2026,PRAKASH,EQ,PRAKASH INDUSTRIES LTD   ,Listed    ,12 MAY 2026,              10.00,         179081839,            142.15,    25452901777.05   
12 MAY 2026,PRAKASHSTL,EQ,PRAKASH STEELAGE LTD     ,Listed    ,12 MAY 2026,               1.00,         175000390,              4.30,      752501677.00
12 MAY 2026,PRAMARA,SM,PRAMARA PROMOTIONS LTD   ,Listed    ,12 MAY 2026,              10.00,          13944168,            340.50,     4747989204.00   
12 MAY 2026,PRANIK,SM,PRANIK LOGISTICS LIMITED ,Listed    ,11 MAY 2026,              10.00,          11010150,             56.00,      616568400.00    
12 MAY 2026,PRATHAM,SM,PRATHAM EPC PROJECTS LTD ,Listed    ,12 MAY 2026,              10.00,          18212489,            146.00,     2659023394.00   
12 MAY 2026,PRAVEG,EQ,PRAVEG LTD.              ,Permitted ,12 MAY 2026,              10.00,          26140695,            267.10,     6982179634.50    
12 MAY 2026,PRAXIS,BE,PRAXIS HOME RETAIL LTD   ,Listed    ,12 MAY 2026,               5.00,         185812210,              7.50,     1393591575.00    
12 MAY 2026,PRECAM,EQ,PRECISION CAMSHAFTS LTD. ,Listed    ,12 MAY 2026,              10.00,          94985835,            158.15,    15021059946.90    
12 MAY 2026,PRECISION,SM,PRECISION METALIKS LTD   ,Listed    ,11 MAY 2026,              10.00,          22959066,              8.30,      190560247.80 
12 MAY 2026,PRECOT,BE,PRECOT LIMITED           ,Listed    ,12 MAY 2026,              10.00,          12000000,            619.80,     7437600000.00    
12 MAY 2026,PRECWIRE,EQ,PRECISION WIRES INDIA LTD,Listed    ,12 MAY 2026,               1.00,         182807975,            389.05,    71121442673.75  
12 MAY 2026,PREMCO,EQ,PREMCO GLOBAL LTD.       ,Permitted ,12 MAY 2026,              10.00,           3304800,            396.95,     1311840360.00    
12 MAY 2026,PREMEXPLN,EQ,PREMIER EXPLOSIVES LTD   ,Listed    ,12 MAY 2026,               2.00,          53761195,            498.70,    26810707946.50 
12 MAY 2026,PREMIER,BE,PREMIER LIMITED          ,Listed    ,12 MAY 2026,              10.00,          30372570,              2.85,       86258098.80   
12 MAY 2026,PREMIERENE,EQ,PREMIER ENERGIES LIMITED ,Listed    ,12 MAY 2026,               1.00,         452994368,            966.80,   437954954982.40
12 MAY 2026,PREMIERPOL,BE,PREMIER POLYFILMS LTD    ,Listed    ,12 MAY 2026,               1.00,         104742475,             54.85,     5746172178.50
12 MAY 2026,PREMIUM,SM,PREMIUM PLAST LIMITED    ,Listed    ,11 MAY 2026,              10.00,          19097100,             38.20,      729509220.00   
12 MAY 2026,PRESSTONIC,ST,PRESSTONIC ENGINEERING L ,Listed    ,12 MAY 2026,              10.00,          15241080,             38.30,      583733364.00
12 MAY 2026,PRESTIGE,EQ,PRESTIGE ESTATE LTD      ,Listed    ,12 MAY 2026,              10.00,         430730232,           1380.80,   594752304345.60  
12 MAY 2026,PRICOLLTD,EQ,PRICOL LIMITED           ,Listed    ,12 MAY 2026,               1.00,         121881498,            592.45,    72208693490.10 
12 MAY 2026,PRIMECAB,SM,PRIME CABLE INDUSTRIES L ,Listed    ,12 MAY 2026,               5.00,          18324060,            125.50,     2299669530.00  
12 MAY 2026,PRIMESECU,EQ,PRIME SECURITIES LIMITED ,Listed    ,12 MAY 2026,               5.00,          33900325,            275.20,     9329369440.00 
12 MAY 2026,PRIMO,EQ,PRIMO CHEMICALS LIMITED  ,Listed    ,12 MAY 2026,               2.00,         242343220,             25.65,     6216103593.00     
12 MAY 2026,PRINCEPIPE,EQ,PRINCE PIPES FITTINGS LTD,Listed    ,12 MAY 2026,              10.00,         110561079,            241.10,    26656276146.90
12 MAY 2026,PRITI,BE,PRITI INTERNATIONAL LTD  ,Listed    ,12 MAY 2026,              10.00,          13353328,             44.10,      589148831.35     
12 MAY 2026,PRITIKA,SM,PRITIKA ENG COMPO LTD    ,Listed    ,12 MAY 2026,               5.00,          26365030,             73.35,     1933874950.50   
12 MAY 2026,PRITIKAUTO,EQ,PRITIKA AUTO INDUS LTD   ,Listed    ,12 MAY 2026,               2.00,         166512667,             13.70,     2281223537.90
12 MAY 2026,PRIVISCL,EQ,PRIVI SPECIALITY CHE LTD ,Listed    ,12 MAY 2026,              10.00,          39062706,           3198.70,   124949877682.20  
12 MAY 2026,PRIZOR,ST,PRIZOR VIZTECH LIMITED   ,Listed    ,12 MAY 2026,              10.00,          10691203,            657.60,     7030535092.80    
12 MAY 2026,PRLIND,SM,PREMIER ROADLINES LIMITED,Listed    ,12 MAY 2026,              10.00,          22862547,             61.95,     1416334786.65    
12 MAY 2026,PROFX,SM,PRO FX TECH LIMITED      ,Listed    ,12 MAY 2026,              10.00,          17503686,             71.00,     1242761706.00     
12 MAY 2026,PROLIFE,SM,PROLIFE INDUSTRIES LTD   ,Listed    ,11 MAY 2026,              10.00,           4094080,             58.55,      239708384.00   
12 MAY 2026,PROPEQUITY,SM,P. E. ANALYTICS LIMITED  ,Listed    ,12 MAY 2026,              10.00,          10482104,            218.00,     2285098672.00
12 MAY 2026,PROSTARM,EQ,PROSTARM INFO SYSTEMS LTD,Listed    ,12 MAY 2026,              10.00,          58874592,            150.85,     8880643457.30  
12 MAY 2026,PROTEAN,EQ,PROTEAN EGOV TECHNO LTD  ,Listed    ,12 MAY 2026,              10.00,          40616731,            533.25,    21658871805.75   
12 MAY 2026,PROV,SM,PROVENTUS AGROCOM LIMITED,Listed    ,12 MAY 2026,              10.00,           3453416,           1345.00,     4644844520.00      
12 MAY 2026,PROZONER,EQ,PROZONE REALTY LIMITED   ,Listed    ,12 MAY 2026,               2.00,         152602883,             49.80,     7601149602.25  
12 MAY 2026,PRSMJOHNSN,EQ,PRISM JOHNSON LIMITED    ,Listed    ,12 MAY 2026,              10.00,         503356580,            125.50,    63176284355.80
12 MAY 2026,PRUDENT,EQ,PRUDENT CORP ADV SER LTD ,Listed    ,12 MAY 2026,               5.00,          41406680,           2740.10,   113458443868.00   
12 MAY 2026,PRUDMOULI,EQ,PRUDENTIAL SUGAR CORPORAT,Listed    ,12 MAY 2026,              10.00,          32252000,             16.50,      532158000.00 
12 MAY 2026,PSB,EQ,PUNJAB & SIND BANK       ,Listed    ,12 MAY 2026,              10.00,        7095585220,             23.80,   168803972383.80       
12 MAY 2026,PSFL,SM,PARAMOUNT SPECIALI FORG L,Listed    ,12 MAY 2026,              10.00,          19682000,             31.00,      610142000.00      
12 MAY 2026,PSPPROJECT,EQ,PSP PROJECTS LIMITED     ,Listed    ,12 MAY 2026,              10.00,          39641791,            776.75,    30791761159.25
12 MAY 2026,PSRAJ,SM,P S RAJ STEELS LIMITED   ,Listed    ,12 MAY 2026,              10.00,           7538314,            357.00,     2691178098.00     
12 MAY 2026,PTC,EQ,PTC INDIA LIMITED        ,Listed    ,12 MAY 2026,              10.00,         296008321,            201.95,    59772960259.55       
12 MAY 2026,PTCIL,EQ,PTC INDUSTRIES LIMITED   ,Listed    ,12 MAY 2026,              10.00,          14992549,          17142.00,   257002274958.00     
12 MAY 2026,PTL,EQ,PTL ENTERPRISES LTD      ,Listed    ,12 MAY 2026,               1.00,         132377000,             39.75,     5259338210.00       
12 MAY 2026,PULZ,SM,PULZ ELECTRONICS LIMITED ,Listed    ,12 MAY 2026,              10.00,          21808000,             24.50,      534296000.00      
12 MAY 2026,PUNJABCHEM,EQ,PUNJAB CHEM & CROP PROT L,Listed    ,12 MAY 2026,              10.00,          12262185,           1095.50,    13433223667.50
12 MAY 2026,PURPLEUTED,SM,PURPLE UNITED SALES LTD  ,Listed    ,12 MAY 2026,              10.00,           9609800,            361.95,     3478267110.00
12 MAY 2026,PURVA,EQ,PURAVANKARA LIMITED      ,Listed    ,12 MAY 2026,               5.00,         237149686,            211.10,    50064670211.45     
12 MAY 2026,PURVFLEXI,ST,PURV FLEXIPACK LIMITED   ,Listed    ,12 MAY 2026,              10.00,          20982750,             61.75,     1295684812.50 
12 MAY 2026,PUSHPA,SM,PUSHPA JEWELLERS LIMITED ,Listed    ,12 MAY 2026,              10.00,          24222912,            126.30,     3059353785.60    
12 MAY 2026,PVP,EQ,PVP VENTURES LIMITED     ,Listed    ,12 MAY 2026,              10.00,         260403681,             30.80,     8015225301.20       
12 MAY 2026,PVRINOX,EQ,PVR INOX LIMITED         ,Listed    ,12 MAY 2026,              10.00,          98199962,           1014.60,    99633681445.20   
12 MAY 2026,PVSL,EQ,POPULAR VEHICLES N SER L ,Listed    ,12 MAY 2026,               2.00,          71198198,            103.70,     7383253132.60      
12 MAY 2026,PWL,EQ,PHYSICSWALLAH LIMITED    ,Listed    ,12 MAY 2026,               1.00,        2859692500,            107.65,   307845897625.00       
12 MAY 2026,PYRAMID,EQ,PYRAMID TECHNOPLAST LTD  ,Listed    ,12 MAY 2026,              10.00,          36784800,            175.25,     6446168352.00   
12 MAY 2026,QFIL,SM,QUALITY FOILS (INDIA) LTD,Listed    ,24 APR 2026,              10.00,           2854000,             39.90,      113874600.00      
12 MAY 2026,QMSMEDI,SM,QMS MEDICAL ALLIED S LTD ,Listed    ,12 MAY 2026,              10.00,          19337500,             85.00,     1643687500.00   
12 MAY 2026,QPOWER,EQ,QUALITY POWER ELEC EQUP L,Listed    ,12 MAY 2026,              10.00,          77444100,           1217.60,    94295936160.00    
12 MAY 2026,QUADFUTURE,EQ,QUADRANT FUTURE TEK LTD  ,Listed    ,12 MAY 2026,              10.00,          40000000,            302.90,    12116000000.00
12 MAY 2026,QUADPRO,SM,QUADPRO ITES LIMITED     ,Listed    ,12 MAY 2026,               2.00,          50550000,              2.00,      101100000.00   
12 MAY 2026,QUESS,EQ,QUESS CORP LIMITED       ,Listed    ,12 MAY 2026,              10.00,         149217607,            208.60,    31128284996.25     
12 MAY 2026,QUESTLAB,ST,QUEST LABORATORIES LTD   ,Listed    ,12 MAY 2026,              10.00,          16387200,            117.25,     1921399200.00  
12 MAY 2026,QUICKHEAL,EQ,QUICK HEAL TECH LTD      ,Listed    ,12 MAY 2026,              10.00,          54233090,            207.45,    11250654520.50 
12 MAY 2026,QUICKTOUCH,SM,QUICKTOUCH TECHNOLOGIES L,Listed    ,12 MAY 2026,              10.00,          12815996,             25.25,      323603899.00
12 MAY 2026,QUINT,EQ,QUINT DIGITAL LTD.       ,Permitted ,12 MAY 2026,              10.00,          47208008,             39.90,     1884071599.30     
12 MAY 2026,QVCEL,SM,QVC EXPORTS LIMITED      ,Listed    ,12 MAY 2026,              10.00,          10451292,             26.30,      274868979.60     
12 MAY 2026,RACE,BE,RACE ECO CHAIN LIMITED   ,Listed    ,12 MAY 2026,              10.00,          17257200,            123.60,     2133335064.00      
12 MAY 2026,RACLGEAR,EQ,RACL GEARTECH LIMITED    ,Listed    ,12 MAY 2026,              10.00,          11788080,           1249.90,    14733921192.00  
12 MAY 2026,RADAAN,EQ,RADAAN MEDIAWORKS (I) LTD,Listed    ,12 MAY 2026,               2.00,          54161540,              3.10,      166817543.20    
12 MAY 2026,RADHIKAJWE,EQ,RADHIKA JEWELTECH LIMITED,Listed    ,12 MAY 2026,               2.00,         118000000,             57.75,     6816860000.00
12 MAY 2026,RADIANTCMS,EQ,RADIANT CASH MGMT SER LTD,Listed    ,12 MAY 2026,               1.00,         106707906,             42.45,     4527616451.60
12 MAY 2026,RADICO,EQ,RADICO KHAITAN LTD       ,Listed    ,12 MAY 2026,               2.00,         133897933,           3428.60,   459082453083.80    
12 MAY 2026,RADIOCITY,BE,MUSIC BROADCAST LIMITED  ,Listed    ,12 MAY 2026,               2.00,         345685625,              6.00,     2077570606.25 
12 MAY 2026,RADIOWALLA,SM,RADIOWALLA NETWORK LTD   ,Listed    ,12 MAY 2026,              10.00,           7048236,             33.20,      234001435.20
12 MAY 2026,RAILTEL,EQ,RAILTEL CORP OF IND LTD  ,Listed    ,12 MAY 2026,              10.00,         320938407,            318.50,   102218882629.50   
12 MAY 2026,RAIN,EQ,RAIN INDUSTRIES LIMITED  ,Listed    ,12 MAY 2026,               2.00,         336345679,            157.70,    53045077035.10      
12 MAY 2026,RAINBOW,EQ,RAINBOW CHILDRENS MED LTD,Listed    ,12 MAY 2026,              10.00,         101559156,           1263.20,   128289525859.20   
12 MAY 2026,RAJESHEXPO,BZ,RAJESH EXPORTS LTD       ,Listed    ,12 MAY 2026,               1.00,         295259959,            111.25,    32850623038.35
12 MAY 2026,RAJINDLTD,SM,RAJPUTANA INDUSTRIES LTD ,Listed    ,12 MAY 2026,              10.00,          22215000,             72.50,     1610587500.00 
12 MAY 2026,RAJMET,BE,RAJNANDINI METAL LIMITED ,Listed    ,12 MAY 2026,               1.00,         276480000,              3.95,     1097625600.00    
12 MAY 2026,RAJOOENG,EQ,RAJOO ENGINEERS LIMITED  ,Listed    ,12 MAY 2026,               1.00,         178675293,             57.20,    10222013512.55  
12 MAY 2026,RAJPALAYAM,EQ,RAJAPALAYAM MILLS LTD.   ,Permitted ,12 MAY 2026,              10.00,           9220200,            794.10,     7321760820.00
12 MAY 2026,RAJPUTANA,SM,RAJPUTANA BIODIESEL LTD  ,Listed    ,11 MAY 2026,              10.00,           7033500,            234.00,     1645839000.00 
12 MAY 2026,RAJRATAN,EQ,RAJRATAN GLOBAL WIRE LTD ,Listed    ,12 MAY 2026,               2.00,          50771000,            406.05,    20615564550.00  
12 MAY 2026,RAJRILTD,BE,RAJ RAYON INDUSTRIES LTD ,Listed    ,12 MAY 2026,               1.00,         556082495,             20.35,    11321839598.20  
12 MAY 2026,RAJSREESUG,EQ,RAJSHREE SUGAR & CHEMICAL,Listed    ,12 MAY 2026,              10.00,          33135606,             33.40,     1106397884.35
12 MAY 2026,RAJTV,EQ,RAJ TV NETWORK LTD       ,Listed    ,12 MAY 2026,               5.00,          51913344,             22.70,     1177394641.90     
12 MAY 2026,RALLIS,EQ,RALLIS INDIA LTD         ,Listed    ,12 MAY 2026,               1.00,         194468890,            266.85,    51894023296.50    
12 MAY 2026,RAMANEWS,EQ,SHREE RAMA NEWSPRINT LTD ,Listed    ,12 MAY 2026,              10.00,         147522032,             30.65,     4518599840.15  
12 MAY 2026,RAMAPHO,EQ,RAMA PHOSPHATES LIMITED  ,Listed    ,12 MAY 2026,               5.00,          35386426,            132.25,     4680208702.75   
12 MAY 2026,RAMASTEEL,EQ,RAMA STEEL TUBES LIMITED ,Listed    ,12 MAY 2026,               1.00,        1636040979,              5.35,     8752819237.65 
12 MAY 2026,RAMCOCEM,EQ,THE RAMCO CEMENTS LIMITED,Listed    ,12 MAY 2026,               1.00,         236292380,            943.25,   222882787435.00  
12 MAY 2026,RAMCOIND,EQ,RAMCO INDUSTRIES LIMITED ,Listed    ,12 MAY 2026,               1.00,          86841560,            282.20,    24506688232.00  
12 MAY 2026,RAMCOSYS,EQ,RAMCO SYSTEMS LTD.       ,Listed    ,12 MAY 2026,              10.00,          37461644,            381.80,    14302855679.20  
12 MAY 2026,RAMKY,EQ,RAMKY INFRA LTD          ,Listed    ,12 MAY 2026,              10.00,          69197791,            465.90,    32239250826.90     
12 MAY 2026,RAMRAT,EQ,RAM RATNA WIRES LIMITED  ,Listed    ,12 MAY 2026,               5.00,          93349072,            423.35,    39519329631.20    
12 MAY 2026,RANASUG,EQ,RANA SUGARS LTD.         ,Listed    ,12 MAY 2026,              10.00,         153567820,             13.25,     2031702258.60   
12 MAY 2026,RANEHOLDIN,EQ,RANE HOLDINGS LIMITED    ,Listed    ,12 MAY 2026,              10.00,          14277809,           1109.00,    15834090181.00
12 MAY 2026,RAPIDFLEET,SM,RAPID FLEET MGT SERVICE L,Listed    ,11 MAY 2026,              10.00,           7434800,            197.00,     1464655600.00
12 MAY 2026,RAPPID,SM,RAPPID VALVES (INDIA) LTD,Listed    ,12 MAY 2026,              10.00,           5191984,            260.00,     1349915840.00    
12 MAY 2026,RATEGAIN,EQ,RATEGAIN TRAVEL TECHN LTD,Listed    ,12 MAY 2026,               1.00,         118124117,            618.95,    73112922217.15  
12 MAY 2026,RATNAMANI,EQ,RATNAMANI MET & TUB LTD. ,Listed    ,12 MAY 2026,               2.00,          70092000,           2859.80,   200449101600.00 
12 MAY 2026,RATNAVEER,EQ,RATNAVEER PRECISION ENG L,Listed    ,12 MAY 2026,              10.00,          67870463,            167.30,    11356085869.15 
12 MAY 2026,RAYMOND,EQ,RAYMOND LTD              ,Listed    ,12 MAY 2026,              10.00,          66573731,            479.70,    31935418760.70   
12 MAY 2026,RAYMONDLSL,EQ,RAYMOND LIFESTYLE LIMITED,Listed    ,12 MAY 2026,               2.00,          60923629,            780.05,    47523476801.45
12 MAY 2026,RAYMONDREL,EQ,RAYMOND REALTY LIMITED   ,Listed    ,12 MAY 2026,              10.00,          66573731,            567.20,    37760620223.20
12 MAY 2026,RBA,EQ,RESTAURANT BRAND ASIA LTD,Listed    ,12 MAY 2026,              10.00,         582817735,             66.40,    38687441249.30       
12 MAY 2026,RBLBANK,EQ,RBL BANK LIMITED         ,Listed    ,12 MAY 2026,              10.00,         618111404,            325.25,   201040734151.00   
12 MAY 2026,RBMINFRA,SM,RBM INFRACON LIMITED     ,Listed    ,12 MAY 2026,              10.00,          10633000,            366.00,     3891678000.00  
12 MAY 2026,RBS,ST,RAMDEVBABA SOLVENT LTD   ,Listed    ,12 MAY 2026,              10.00,          22861350,             99.00,     2263273650.00       
12 MAY 2026,RBZJEWEL,EQ,RBZ JEWELLERS LIMITED    ,Listed    ,12 MAY 2026,              10.00,          40000000,            133.80,     5352000000.00  
12 MAY 2026,RCDL,SM,RAJGOR CASTOR DERIVATI L ,Listed    ,11 MAY 2026,              10.00,          23915852,             22.05,      527344536.60      
12 MAY 2026,RCF,EQ,RASHTRIYA CHEMICALS & FER,Listed    ,12 MAY 2026,              10.00,         551688100,            123.05,    67896254467.00       
12 MAY 2026,RCOM,BE,RELIANCE COMMUNICATIONS L,Listed    ,12 MAY 2026,               5.00,        2765533050,              0.90,     2516635075.50      
12 MAY 2026,READYMIX,SM,READYMIX CONSTRU MACHI L ,Listed    ,12 MAY 2026,              10.00,          10958500,             90.20,      988456700.00  
12 MAY 2026,RECLTD,EQ,REC LIMITED              ,Listed    ,12 MAY 2026,              10.00,        2633224000,            344.35,   906750684400.00    
12 MAY 2026,REDINGTON,EQ,REDINGTON LIMITED        ,Listed    ,12 MAY 2026,               2.00,         781774431,            210.70,   164712054867.40 
12 MAY 2026,REDTAPE,EQ,REDTAPE LIMITED          ,Listed    ,12 MAY 2026,               2.00,         552807600,            135.00,    74629026000.00   
12 MAY 2026,REFEX,EQ,REFEX INDUSTRIES LIMITED ,Listed    ,12 MAY 2026,               2.00,         137199391,            255.45,    35047584430.95     
12 MAY 2026,REFRACTORY,SM,REFRACTORY SHAPES LIMITED,Listed    ,12 MAY 2026,              10.00,          21800000,             39.90,      869820000.00
12 MAY 2026,REGAAL,EQ,REGAAL RESOURCES LIMITED ,Listed    ,12 MAY 2026,               5.00,         102723460,             85.90,     8825999683.20    
12 MAY 2026,REGENCERAM,EQ,REGENCY CERAMICS LTD.    ,Listed    ,12 MAY 2026,              10.00,          26441586,             42.10,     1113190770.60
12 MAY 2026,RELAXO,EQ,RELAXO FOOT LTD.         ,Listed    ,12 MAY 2026,               1.00,         248938586,            289.40,    72042826788.40    
12 MAY 2026,RELCHEMQ,EQ,RELIANCE CHEMOTEX IND LTD,Listed    ,12 MAY 2026,              10.00,           7543563,            117.75,      888329978.90  
12 MAY 2026,RELIABLE,EQ,RELIABLE DATA SERVICE LTD,Listed    ,12 MAY 2026,              10.00,          10320000,            116.95,     1207027200.00  
12 MAY 2026,RELIANCE,EQ,RELIANCE INDUSTRIES LTD  ,Listed    ,12 MAY 2026,              10.00,       13532472634,           1364.00, 18458292672776.00  
12 MAY 2026,RELIGARE,EQ,RELIGARE ENTER. LTD.     ,Listed    ,12 MAY 2026,              10.00,         332890479,            222.30,    74001553481.70  
12 MAY 2026,RELTD,EQ,RAVINDRA ENERGY LIMITED  ,Listed    ,12 MAY 2026,              10.00,         178624463,            127.85,    22837137594.55     
12 MAY 2026,REMSONSIND,EQ,REMSONS INDUSTRIES LTD   ,Listed    ,12 MAY 2026,               2.00,          34878785,            108.00,     3767257567.85
12 MAY 2026,REMUS,SM,REMUS PHARMACEUTICALS L  ,Listed    ,12 MAY 2026,              10.00,          11784000,            733.50,     8643564000.00     
12 MAY 2026,RENUKA,EQ,SHREE RENUKA SUGARS LTD  ,Listed    ,12 MAY 2026,               1.00,        2128489773,             25.10,    53467663097.75    
12 MAY 2026,REPCOHOME,EQ,REPCO HOME FINANCE LTD   ,Listed    ,12 MAY 2026,              10.00,          62561362,            392.30,    24542822312.60 
12 MAY 2026,REPL,BE,RUDRABHISHEK ENTERP LTD  ,Listed    ,12 MAY 2026,              10.00,          18122500,             75.85,     1374772850.00      
12 MAY 2026,REPRO,EQ,REPRO INDIA LIMITED      ,Listed    ,12 MAY 2026,              10.00,          14345338,            382.70,     5489960852.60     
12 MAY 2026,RESPONIND,EQ,RESPONSIVE INDUSTRIES LTD,Listed    ,12 MAY 2026,               1.00,         266608544,            163.75,    43657149080.00 
12 MAY 2026,RETAIL,EQ,JHS SVENDGAARD RETAIL V L,Listed    ,12 MAY 2026,              10.00,           8204600,             19.50,      159907654.00    
12 MAY 2026,REXPIPES,SM,REX PIPES AND CABLES LTD ,Listed    ,04 MAY 2026,              10.00,           9450000,            202.00,     1908900000.00  
12 MAY 2026,REXPRO,SM,REXPRO ENTERPRISES LTD   ,Listed    ,12 MAY 2026,              10.00,          11206460,             41.95,      470110997.00    
12 MAY 2026,RGL,EQ,RENAISSANCE GLOBAL LTD   ,Listed    ,12 MAY 2026,               2.00,         107325471,            108.35,    11628714782.85       
12 MAY 2026,RHETAN,EQ,RHETAN TMT LIMITED       ,Listed    ,12 MAY 2026,               1.00,         796875000,             26.15,    20854218750.00    
12 MAY 2026,RHFL,BZ,RELIANCE HOME FINANCE LTD,Listed    ,12 MAY 2026,              10.00,         484555683,              2.30,     1104786957.25      
12 MAY 2026,RHIM,EQ,RHI MAGNESITA INDIA LTD  ,Listed    ,12 MAY 2026,               1.00,         206501426,            386.35,    79781825935.10      
12 MAY 2026,RHL,EQ,ROBUST HOTELS LIMITED    ,Listed    ,12 MAY 2026,              10.00,          17291696,            177.55,     3070313541.75       
12 MAY 2026,RICHA,SM,RICHA INFO SYSTEMS LTD   ,Listed    ,12 MAY 2026,              10.00,          13502220,             78.00,     1053173160.00     
12 MAY 2026,RICOAUTO,EQ,RICO AUTO INDUSTRIES LTD ,Listed    ,12 MAY 2026,               1.00,         135285000,            114.70,    15517189500.00  
12 MAY 2026,RIIL,EQ,RELIANCE INDUSTRIAL INFRA,Listed    ,12 MAY 2026,              10.00,          15100000,            766.90,    11580190000.00      
12 MAY 2026,RIIT,IV,RAAJMARG INFRA INVEST T  ,Listed    ,12 MAY 2026,             100.00,         600000000,            110.65,    66390000000.00      
12 MAY 2026,RILINFRA,SM,RACHANA INFRA LTD        ,Listed    ,12 MAY 2026,              10.00,          18605000,             33.10,      615825500.00  
12 MAY 2026,RISHABH,EQ,RISHABH INSTRUMENTS LTD  ,Listed    ,12 MAY 2026,              10.00,          38497348,            486.25,    18719335465.00   
12 MAY 2026,RITCO,EQ,RITCO LOGISTICS LIMITED  ,Listed    ,12 MAY 2026,              10.00,          28622757,            234.90,     6722913164.15     
12 MAY 2026,RITES,EQ,RITES LIMITED            ,Listed    ,12 MAY 2026,              10.00,         480603774,            211.80,   101791879333.20     
12 MAY 2026,RITEZONE,ST,RITE ZONE CHEMCON IND LTD,Listed    ,08 MAY 2026,              10.00,           4230270,             27.30,      115486371.00  
12 MAY 2026,RKDL,EQ,RAVI KUMAR DIST. LTD.    ,Listed    ,12 MAY 2026,              10.00,          24000000,             20.80,      498720000.00      
12 MAY 2026,RKEC,EQ,RKEC PROJECTS LIMITED    ,Listed    ,12 MAY 2026,              10.00,          25820600,             33.15,      855952890.00      
12 MAY 2026,RKFORGE,EQ,RAMKRISHNA FORGINGS LTD  ,Listed    ,12 MAY 2026,               2.00,         181030604,            582.00,   105359811528.00   
12 MAY 2026,RKSWAMY,EQ,R K SWAMY LIMITED        ,Listed    ,12 MAY 2026,               5.00,          50477241,             88.80,     4481874228.40   
12 MAY 2026,RMC,BE,RMC SWITCHGEARS LIMITED  ,Listed    ,12 MAY 2026,              10.00,          10576850,            460.30,     4868524055.00       
12 MAY 2026,RMDRIP,EQ,R M DRIP & SPRINK SYS LTD,Listed    ,12 MAY 2026,               1.00,         428228571,             19.00,     8140625134.70    
12 MAY 2026,RML,EQ,RANE (MADRAS) LIMITED    ,Listed    ,12 MAY 2026,              10.00,          27637137,            892.15,    24656471774.55       
12 MAY 2026,RNBDENIMS,BE,R&B DENIMS LIMITED       ,Listed    ,12 MAY 2026,               1.00,         269920320,             12.90,     3476573721.60 
12 MAY 2026,RNFI,SM,RNFI SERVICES LIMITED    ,Listed    ,12 MAY 2026,              10.00,          25060651,            279.75,     7010717117.25      
12 MAY 2026,RNPL,SM,RENOL POLYCHEM LIMITED   ,Listed    ,12 MAY 2026,              10.00,          11398462,            136.90,     1560449447.80      
12 MAY 2026,ROADSTAR,IV,ROADSTAR INFRA INVT TRUST,Listed    ,Not Traded ,             100.00,         455477143,            100.00,    45547714300.00  
12 MAY 2026,ROCKINGDCE,SM,ROCKINGDEALS CIRCU ECO L ,Listed    ,12 MAY 2026,              10.00,           5659000,            205.90,     1165188100.00
12 MAY 2026,ROHLTD,EQ,ROYAL ORCHID HOTELS LTD  ,Listed    ,12 MAY 2026,              10.00,          27425215,            326.65,     8958446479.75    
12 MAY 2026,ROLEXRINGS,EQ,ROLEX RINGS LIMITED      ,Listed    ,12 MAY 2026,               1.00,         272333120,            145.65,    39665318928.00
12 MAY 2026,ROLLT,BE,ROLLATAINERS LIMITED     ,Listed    ,12 MAY 2026,               1.00,         250130000,              2.30,      575299000.00     
12 MAY 2026,ROML,EQ,RAJ OIL MILLS LIMITED    ,Listed    ,12 MAY 2026,              10.00,          14988684,             45.55,      682434782.50      
12 MAY 2026,ROSSARI,EQ,ROSSARI BIOTECH LIMITED  ,Listed    ,12 MAY 2026,               2.00,          55383366,            507.25,    28093212403.50   
12 MAY 2026,ROSSELLIND,EQ,ROSSELL INDIA LIMITED    ,Listed    ,12 MAY 2026,               2.00,          62428270,             56.05,     3500353098.90
12 MAY 2026,ROSSTECH,EQ,ROSSELL TECHSYS LIMITED  ,Listed    ,12 MAY 2026,               2.00,          37696475,            827.95,    31210796476.25  
12 MAY 2026,ROTO,EQ,ROTO PUMPS LIMITED       ,Listed    ,12 MAY 2026,               1.00,         188445660,             56.20,    10592530548.60      
12 MAY 2026,ROUTE,EQ,ROUTE MOBILE LIMITED     ,Listed    ,12 MAY 2026,              10.00,          63003082,            509.65,    32109520741.30     
12 MAY 2026,ROXHITECH,ST,ROX HI TECH LIMITED      ,Listed    ,11 MAY 2026,              10.00,          22937688,             34.00,      779881392.00 
12 MAY 2026,ROYALARC,SM,ROYAL ARC ELECTRODES LTD ,Listed    ,11 MAY 2026,              10.00,          11100200,            160.00,     1776032000.00  
12 MAY 2026,RPEL,EQ,RAGHAV PRODUCTIVITY ENH L,Listed    ,12 MAY 2026,              10.00,          45911960,            743.50,    34135542260.00      
12 MAY 2026,RPGLIFE,EQ,RPG LIFE SCIENCES LTD    ,Listed    ,12 MAY 2026,               8.00,          16539015,           2311.10,    38223317566.50   
12 MAY 2026,RPOWER,EQ,RELIANCE POWER LTD.      ,Listed    ,12 MAY 2026,              10.00,        4135770966,             27.30,   112906547371.80    
12 MAY 2026,RPPINFRA,EQ,R.P.P INFRA PROJECTS LTD ,Listed    ,12 MAY 2026,              10.00,          49585918,             72.85,     3613325844.65  
12 MAY 2026,RPPL,EQ,RAJSHREE POLYPACK LTD    ,Listed    ,12 MAY 2026,               5.00,          74244000,             17.85,     1325255400.00      
12 MAY 2026,RPSGVENT,EQ,RPSG VENTURES LIMITED    ,Listed    ,12 MAY 2026,              10.00,          33086409,            998.65,    33041742347.85  
12 MAY 2026,RPTECH,EQ,RASHI PERIPHERALS LIMITED,Listed    ,12 MAY 2026,               5.00,          65899665,            518.10,    34142616436.50    
12 MAY 2026,RRIL,EQ,R R I L LTD.             ,Permitted ,12 MAY 2026,               5.00,         121214290,             19.25,     2333375082.50      
12 MAY 2026,RRKABEL,EQ,R R KABEL LIMITED        ,Listed    ,12 MAY 2026,               5.00,         113101057,           1938.80,   219280329311.60   
12 MAY 2026,RSDFIN,EQ,R S D FINANCE LTD.       ,Permitted ,11 MAY 2026,               5.00,          12946480,             82.00,     1061611360.00    
12 MAY 2026,RSL,EQ,RAJPUTANA STAINLESS LTD  ,Listed    ,12 MAY 2026,              10.00,          83567658,            138.40,    11566599543.80       
12 MAY 2026,RSSOFTWARE,BE,R. S. SOFTWARE (INDIA) LI,Listed    ,12 MAY 2026,               5.00,          25831211,             31.85,      823240694.55
12 MAY 2026,RSWM,EQ,RSWM LIMITED             ,Listed    ,12 MAY 2026,              10.00,          47101684,            160.30,     7550870962.05      
12 MAY 2026,RSYSTEMS,EQ,R SYS INTERNATIONAL LTD  ,Listed    ,12 MAY 2026,               1.00,         118482061,            294.75,    34922587479.75  
12 MAY 2026,RTL,ST,RAMA TELECOM LIMITED     ,Listed    ,12 MAY 2026,              10.00,          13199349,             87.50,     1154943037.50       
12 MAY 2026,RTNINDIA,EQ,RATTANINDIA ENT LIMITED  ,Listed    ,12 MAY 2026,               2.00,        1382269592,             34.30,    47425669701.50  
12 MAY 2026,RTNPOWER,EQ,RATTANINDIA POWER LIMITED,Listed    ,12 MAY 2026,              10.00,        5370105860,              9.30,    49941984498.00  
12 MAY 2026,RUBFILA,EQ,RUBFILA INTERNATIONAL LTD,Listed    ,12 MAY 2026,               5.00,          54267529,             72.10,     3912146165.60   
12 MAY 2026,RUBICON,EQ,RUBICON RESEARCH LIMITED ,Listed    ,12 MAY 2026,               1.00,         164750309,            927.90,   152871811721.10   
12 MAY 2026,RUBYMILLS,EQ,THE RUBY MILLS LTD       ,Listed    ,12 MAY 2026,               5.00,          33440000,            230.05,     7692537600.00 
12 MAY 2026,RUCHINFRA,EQ,RUCHI INFRASTRUCTURE LTD ,Listed    ,12 MAY 2026,               1.00,         236024942,              6.45,     1517640377.05 
12 MAY 2026,RUCHIRA,EQ,RUCHIRA PAPERS LIMITED   ,Listed    ,12 MAY 2026,              10.00,          29844985,            117.45,     3505890387.95   
12 MAY 2026,RUDRA,BE,RUDRA GLOBAL INFRA PROD L,Listed    ,12 MAY 2026,               5.00,         100343828,             20.15,     2020924695.90     
12 MAY 2026,RULKA,SM,RULKA ELECTRICALS LIMITED,Listed    ,12 MAY 2026,              10.00,           4258400,            105.90,      450964560.00     
12 MAY 2026,RUPA,EQ,RUPA & COMPANY LTD       ,Listed    ,12 MAY 2026,               1.00,          79524560,            142.35,    11318730624.80      
12 MAY 2026,RUSHIL,EQ,RUSHIL DECOR LIMITED     ,Listed    ,12 MAY 2026,               1.00,         293416820,             15.80,     4635985756.00    
12 MAY 2026,RUSTOMJEE,EQ,KEYSTONE REALTORS LIMITED,Listed    ,12 MAY 2026,              10.00,         126233335,            414.85,    52367899024.75 
12 MAY 2026,RVHL,EQ,RAVINDER HEIGHTS LIMITED ,Listed    ,12 MAY 2026,               1.00,          61325746,             39.25,     2405809015.60      
12 MAY 2026,RVNL,EQ,RAIL VIKAS NIGAM LIMITED ,Listed    ,12 MAY 2026,              10.00,        2085020100,            283.30,   590686194330.00      
12 MAY 2026,RVTH,EQ,REVATHI EQUIPMENT INDIA L,Listed    ,12 MAY 2026,              10.00,           3066943,            705.95,     2165108410.85      
12 MAY 2026,S&SPOWER,BE,S&S POWER SWITCHGEARS    ,Listed    ,12 MAY 2026,              10.00,          12341550,            381.30,     4705833015.00  
12 MAY 2026,SAAKSHI,SM,SAAKSHI MEDTEC N PANELS L,Listed    ,12 MAY 2026,              10.00,          17656000,            237.25,     4188886000.00   
12 MAY 2026,SAATVIKGL,EQ,SAATVIK GREEN ENERGY LTD ,Listed    ,12 MAY 2026,               2.00,         127105004,            445.75,    56657055533.00 
12 MAY 2026,SABAR,ST,SABAR FLEX INDIA LIMITED ,Listed    ,06 MAY 2026,              10.00,          19219364,              4.90,       94174883.60     
12 MAY 2026,SACHEEROME,SM,SACHEEROME LIMITED       ,Listed    ,12 MAY 2026,              10.00,          22372800,            336.05,     7518379440.00
12 MAY 2026,SADBHAV,BE,SADBHAV ENGINEERING LTD  ,Listed    ,12 MAY 2026,               1.00,         171570800,              8.55,     1468646048.00   
12 MAY 2026,SADBHIN,EQ,SADBHAV INFRA PROJ LTD.  ,Listed    ,12 MAY 2026,              10.00,         352225216,              2.70,      958052587.50   
12 MAY 2026,SADHAV,SM,SADHAV SHIPPING LIMITED  ,Listed    ,12 MAY 2026,              10.00,          16133043,            112.35,     1812547381.05    
12 MAY 2026,SADHNANIQ,BE,SADHANA NITROCHEM LIMITED,Listed    ,12 MAY 2026,               1.00,        2964699513,              2.60,     7648924743.55 
12 MAY 2026,SAFARI,EQ,SAFARI IND (INDIA) LTD   ,Listed    ,12 MAY 2026,               2.00,          48993927,           1478.80,    72452219247.60    
12 MAY 2026,SAFEENTP,SM,SAFE ENTER RETAIL FIX LTD,Listed    ,12 MAY 2026,               5.00,          46604478,            258.25,    12035606443.50  
12 MAY 2026,SAGARDEEP,EQ,SAGARDEEP ALLOYS LIMITED ,Listed    ,12 MAY 2026,              10.00,          17057400,             23.50,      401190048.00 
12 MAY 2026,SAGCEM,EQ,SAGAR CEMENTS LIMITED    ,Listed    ,12 MAY 2026,               2.00,         130707548,            179.30,    23434556280.90    
12 MAY 2026,SAGILITY,EQ,SAGILITY LIMITED         ,Listed    ,12 MAY 2026,              10.00,        4681328413,             43.10,   201718441316.15  
12 MAY 2026,SAHAJSOLAR,SM,SAHAJ SOLAR LIMITED      ,Listed    ,12 MAY 2026,              10.00,          21972020,            145.65,     3200224713.00
12 MAY 2026,SAHANA,SM,SAHANA SYSTEM LIMITED    ,Listed    ,12 MAY 2026,              10.00,           8837104,            856.05,     7565002879.20    
12 MAY 2026,SAHASRA,SM,SAHASRA ELECTRONIC SOLU L,Listed    ,12 MAY 2026,              10.00,          24992763,            304.95,     7621543076.85   
12 MAY 2026,SAHLIBHFI,EQ,SHALIBHADRA FINANCE LTD  ,Listed    ,12 MAY 2026,              10.00,          30888400,             73.85,     2280799456.00 
12 MAY 2026,SAHYADRI,EQ,SAHYADRI INDUSTRIES LTD  ,Listed    ,12 MAY 2026,              10.00,          10946300,            309.90,     3392258370.00  
12 MAY 2026,SAIFL,SM,SAMEERA AGRO AND INFRA L ,Listed    ,12 MAY 2026,              10.00,          26949800,              7.50,      202123500.00     
12 MAY 2026,SAIL,EQ,STEEL AUTHORITY OF INDIA ,Listed    ,12 MAY 2026,              10.00,        4130525289,            176.10,   727344198140.00      
12 MAY 2026,SAILIFE,EQ,SAI LIFE SCIENCES LIMITED,Listed    ,12 MAY 2026,               1.00,         211768134,           1083.80,   229514303629.20   
12 MAY 2026,SAIPARENT,EQ,SAI PARENTERALS LIMITED  ,Listed    ,12 MAY 2026,               5.00,          44179231,            473.25,    20907821070.75 
12 MAY 2026,SAJHOTELS,SM,SAJ HOTELS LIMITED       ,Listed    ,12 MAY 2026,              10.00,          16125000,             38.15,      615168750.00 
12 MAY 2026,SAKAR,EQ,SAKAR HEALTHCARE LIMITED ,Listed    ,12 MAY 2026,              10.00,          22249910,            569.65,    12674661231.50     
12 MAY 2026,SAKHTISUG,EQ,SAKTHI SUGARS LTD        ,Listed    ,12 MAY 2026,              10.00,         118849036,             18.00,     2136905667.30 
12 MAY 2026,SAKSOFT,EQ,SAKSOFT LIMITED          ,Listed    ,12 MAY 2026,               1.00,         132551250,            141.10,    18705632400.00   
12 MAY 2026,SAKUMA,BE,SAKUMA EXPORTS LIMITED   ,Listed    ,12 MAY 2026,               1.00,        1567718640,              1.80,     2821893552.00    
12 MAY 2026,SALASAR,EQ,SALASAR TECHNO ENGG. LTD.,Listed    ,12 MAY 2026,               1.00,        1747950290,              7.15,    12480365070.60   
12 MAY 2026,SALONA,EQ,SALONA COTSPIN LTD.      ,Listed    ,12 MAY 2026,              10.00,           5262400,            284.20,     1495574080.00    
12 MAY 2026,SALSTEEL,BE,S.A.L. STEEL LTD.        ,Listed    ,12 MAY 2026,              10.00,         104216700,             58.05,     6051863769.00  
12 MAY 2026,SALZERELEC,EQ,SALZER ELECTRONICS LTD   ,Listed    ,12 MAY 2026,              10.00,          17682737,            715.00,    12643156955.00
12 MAY 2026,SAMAY,SM,SAMAY PROJECT SERVICES L ,Listed    ,12 MAY 2026,              10.00,          15349320,             41.40,      635461848.00     
12 MAY 2026,SAMBHAAV,BE,SAMBHAAV MEDIA LTD       ,Listed    ,12 MAY 2026,               1.00,         191110840,              6.75,     1288087061.60  
12 MAY 2026,SAMBHV,EQ,SAMBHV STEEL TUBES LTD   ,Listed    ,12 MAY 2026,              10.00,         294671429,            113.80,    33539502048.80    
12 MAY 2026,SAMHI,EQ,SAMHI HOTELS LIMITED     ,Listed    ,12 MAY 2026,               1.00,         221206154,            153.90,    34039202977.50     
12 MAY 2026,SAMMAANCAP,EQ,SAMMAAN CAPITAL LIMITED  ,Listed    ,12 MAY 2026,               2.00,        1158666851,            139.40,   161529745697.90
12 MAY 2026,SAMPANN,EQ,SAMPANN UTPADAN INDIA LTD,Listed    ,12 MAY 2026,              10.00,          48810000,             27.30,     1332513000.00   
12 MAY 2026,SANATHAN,EQ,SANATHAN TEXTILES LIMITED,Listed    ,12 MAY 2026,              10.00,          84404059,            444.40,    37509163819.60  
12 MAY 2026,SANCO,BZ,SANCO INDUSTRIES LIMITED ,Listed    ,12 MAY 2026,              10.00,          13082000,              3.20,       42124040.00     
12 MAY 2026,SANDESH,EQ,SANDESH LTD              ,Listed    ,12 MAY 2026,              10.00,           7569421,           1073.00,     8121988733.00   
12 MAY 2026,SANDHAR,EQ,SANDHAR TECHNOLOGIES LTD ,Listed    ,12 MAY 2026,              10.00,          60190708,            505.95,    30453488712.60   
12 MAY 2026,SANDUMA,EQ,SANDUR MANG & IRON ORES L,Listed    ,12 MAY 2026,              10.00,         486104814,            223.60,   108702758506.70   
12 MAY 2026,SANGAMIND,EQ,SANGAM (INDIA) LTD       ,Listed    ,12 MAY 2026,              10.00,          50246559,            492.35,    24738893323.65 
12 MAY 2026,SANGANI,SM,SANGANI HOSPITALS LIMITED,Listed    ,12 MAY 2026,              10.00,          13776990,             54.80,      754979052.00   
12 MAY 2026,SANGHVIMOV,EQ,SANGHVI MOVERS LTD       ,Listed    ,12 MAY 2026,               1.00,          86576000,            312.35,    27042013600.00
12 MAY 2026,SANGINITA,BE,SANGINITA CHEMICALS LTD  ,Listed    ,12 MAY 2026,              10.00,          25901550,             25.10,      649610874.00 
12 MAY 2026,SANOFI,EQ,SANOFI INDIA LIMITED     ,Listed    ,12 MAY 2026,              10.00,          23030622,           3235.80,    74522486667.60    
12 MAY 2026,SANOFICONR,EQ,SANOFI CONS HEALTHC IND L,Listed    ,12 MAY 2026,              10.00,          23030622,           4611.90,   106214925601.80
12 MAY 2026,SANSERA,EQ,SANSERA ENGINEERING LTD  ,Listed    ,12 MAY 2026,               2.00,          62224268,           2386.90,   148523105289.20   
12 MAY 2026,SANSTAR,EQ,SANSTAR LIMITED          ,Listed    ,12 MAY 2026,               2.00,         182244250,             98.70,    17991152360.00   
12 MAY 2026,SANWARIA,BZ,SANWARIA CONSUMER LIMITED,Listed    ,12 MAY 2026,               1.00,         736100000,              0.25,      169303000.00  
12 MAY 2026,SAPPHIRE,EQ,SAPPHIRE FOODS INDIA LTD ,Listed    ,12 MAY 2026,               2.00,         321382905,            172.80,    55534965984.00  
12 MAY 2026,SAPPL,EQ,SHREE AJIT PULP & PAPER L,Permitted ,12 MAY 2026,              10.00,           8850744,            290.95,     2575123966.80     
12 MAY 2026,SARDAEN,EQ,SARDA ENERGY & MIN LTD   ,Listed    ,12 MAY 2026,               1.00,         352381270,            562.15,   198091130930.50   
12 MAY 2026,SAREGAMA,EQ,SAREGAMA INDIA LIMITED   ,Listed    ,12 MAY 2026,               1.00,         192809490,            332.80,    64166998272.00  
12 MAY 2026,SARLAPOLY,EQ,SARLA PERF. FIBERS LTD   ,Listed    ,12 MAY 2026,               1.00,          83503000,             92.95,     7762438880.00 
12 MAY 2026,SAROJA,SM,SAROJA PHARMA INDUS IND L,Listed    ,28 APR 2026,              10.00,           4020486,             33.00,      132676038.00    
12 MAY 2026,SARTELE,SM,SAR TELEVENTURE LIMITED  ,Listed    ,12 MAY 2026,               2.00,          49078000,            146.75,     7202196500.00   
12 MAY 2026,SARVESHWAR,BE,SARVESHWAR FOODS LIMITED ,Listed    ,12 MAY 2026,               1.00,        1228726469,              3.75,     4620011523.45
12 MAY 2026,SASKEN,EQ,SASKEN TECHNOLOGIES LTD  ,Listed    ,12 MAY 2026,              10.00,          15186471,           1840.50,    27950699875.50    
12 MAY 2026,SATECH,ST,S A TECH SOFTWARE INDIA L,Listed    ,12 MAY 2026,              10.00,          13057281,             45.00,      587577645.00    
12 MAY 2026,SATIA,EQ,SATIA INDUSTRIES LIMITED ,Listed    ,12 MAY 2026,               1.00,         100000000,             67.15,     6716000000.00     
12 MAY 2026,SATIN,EQ,SATIN CREDIT NET LTD     ,Listed    ,12 MAY 2026,              10.00,         110470965,            225.10,    24864804802.20     
12 MAY 2026,SATIPOLY,SM,SATI POLY PLAST LIMITED  ,Listed    ,12 MAY 2026,              10.00,           4947000,             39.50,      195406500.00  
12 MAY 2026,SATKARTAR,ST,SAT KARTAR LIFE LIMITED  ,Listed    ,12 MAY 2026,              10.00,          15744876,            192.00,     3023016192.00 
12 MAY 2026,SATTVAENGG,SM,SATTVA ENGINEERING CSTN L,Listed    ,12 MAY 2026,              10.00,          17468616,             68.95,     1204461073.20
12 MAY 2026,SAURASHCEM,EQ,SAURASHTRA CEMENT LIMITED,Listed    ,12 MAY 2026,              10.00,         111287280,             61.40,     6830813246.40
12 MAY 2026,SAVY,SM,SAVY INFRA AND LOGI LTD  ,Listed    ,12 MAY 2026,              10.00,          20808480,            136.90,     2848680912.00      
12 MAY 2026,SAWALIYA,SM,SAWALIYA FOOD PRODUCTS L ,Listed    ,12 MAY 2026,              10.00,           9918220,            277.35,     2750818317.00  
12 MAY 2026,SAYAJIHOTL,EQ,SAYAJI HOTELS LTD.       ,Permitted ,12 MAY 2026,              10.00,          17517977,            277.40,     4859486819.80
12 MAY 2026,SBC,EQ,SBC EXPORTS LIMITED      ,Listed    ,12 MAY 2026,               1.00,         476190000,             34.60,    16480935900.00       
12 MAY 2026,SBCL,EQ,SHIVALIK BIMETAL CON. LTD,Listed    ,12 MAY 2026,               2.00,          57604200,            583.10,    33589009020.00      
12 MAY 2026,SBFC,EQ,SBFC FINANCE LIMITED     ,Listed    ,12 MAY 2026,              10.00,        1106414229,             92.75,   102630983882.05      
12 MAY 2026,SBGLP,EQ,SURATWWALA BUS GROUP LTD ,Listed    ,12 MAY 2026,               1.00,         173416440,             26.40,     4579928180.40     
12 MAY 2026,SBICARD,EQ,SBI CARDS & PAY SER LTD  ,Listed    ,12 MAY 2026,              10.00,         951594721,            625.10,   594841860097.10   
12 MAY 2026,SBILIFE,EQ,SBI LIFE INSURANCE CO LTD,Listed    ,12 MAY 2026,              10.00,        1003016796,           1833.90,  1839432502184.40   
12 MAY 2026,SBIN,EQ,STATE BANK OF INDIA      ,Listed    ,12 MAY 2026,               1.00,        9230617586,            974.60,  8996159899315.60      
12 MAY 2026,SCANSTL,EQ,SCAN STEELS LTD.         ,Permitted ,12 MAY 2026,              10.00,          58602295,             38.05,     2229231301.80   
12 MAY 2026,SCHAEFFLER,EQ,SCHAEFFLER INDIA LIMITED ,Listed    ,12 MAY 2026,               2.00,         156303670,           4082.30,   638078472041.00
12 MAY 2026,SCHAND,EQ,S CHAND AND COMPANY LTD  ,Listed    ,12 MAY 2026,               5.00,          35272192,            168.55,     5944775239.70    
12 MAY 2026,SCHNEIDER,BE,SCHNEIDER ELECTRIC INFRA ,Listed    ,12 MAY 2026,               2.00,         239104035,           1265.20,   302514425082.00 
12 MAY 2026,SCI,EQ,SHIPPING CORP OF INDIA LT,Listed    ,12 MAY 2026,              10.00,         465799010,            325.35,   151547707903.50       
12 MAY 2026,SCILAL,EQ,SHIPPING CORP OF ILA LTD ,Listed    ,12 MAY 2026,              10.00,         465799010,             48.30,    22493434192.90    
12 MAY 2026,SCML,SM,SHARP CHUCKS N MACHINES L,Listed    ,12 MAY 2026,              10.00,          11509792,            134.85,     1552095451.20      
12 MAY 2026,SCODATUBES,EQ,SCODA TUBES LIMITED      ,Listed    ,12 MAY 2026,              10.00,          59908900,            151.55,     9078594706.00
12 MAY 2026,SCPL,BE,SHEETAL COOL PRODUCTS LTD,Listed    ,12 MAY 2026,              10.00,          10500000,            425.80,     4470900000.00      
12 MAY 2026,SDBL,EQ,SOM DIST & BREW LTD      ,Listed    ,12 MAY 2026,               2.00,         194988432,             85.70,    16708558738.10      
12 MAY 2026,SDREAMS,SM,S D RETAIL LIMITED       ,Listed    ,12 MAY 2026,              10.00,          18722386,             89.00,     1666292354.00   
12 MAY 2026,SEAMECLTD,EQ,SEAMEC LIMITED           ,Listed    ,12 MAY 2026,              10.00,          25425000,           1480.10,    37631542500.00 
12 MAY 2026,SECMARK,BE,SECMARK CONSULTANCY LTD  ,Listed    ,12 MAY 2026,              10.00,          10447000,            133.00,     1389451000.00   
12 MAY 2026,SECURKLOUD,BE,SECUREKLOUD TECH LIMITED ,Listed    ,12 MAY 2026,               5.00,          33410605,             22.85,      763098218.20
12 MAY 2026,SEDEMAC,EQ,SEDEMAC MECHATRONICS LTD ,Listed    ,12 MAY 2026,              10.00,          44161500,           1974.40,    87192465600.00   
12 MAY 2026,SEIL,EQ,SHANTI EDU INITIATIVES L ,Permitted ,12 MAY 2026,               1.00,         161000000,            202.05,    32533270000.00      
12 MAY 2026,SEITINVIT,IV,SUSTAINABLE ENERGY INFRA ,Listed    ,24 APR 2026,             100.00,         324000000,            119.00,    38556000000.00 
12 MAY 2026,SEJALLTD,BE,SEJAL GLASS LIMITED      ,Listed    ,12 MAY 2026,              10.00,          11400000,            755.90,     8617260000.00  
12 MAY 2026,SEL,ST,SUNGARNER ENERGIES LTD   ,Listed    ,12 MAY 2026,              10.00,           2318750,            222.95,      516965312.50       
12 MAY 2026,SELLOWRAP,SM,SELLOWRAP INDUSTRIES LTD ,Listed    ,12 MAY 2026,              10.00,          13744220,             69.20,      951100024.00 
12 MAY 2026,SELMC,EQ,SEL MANUFACTURING CO LTD ,Listed    ,12 MAY 2026,              10.00,          33134700,             29.90,      990064836.00     
12 MAY 2026,SEMAC,EQ,SEMAC CONSTRUCTION LTD   ,Listed    ,12 MAY 2026,              10.00,           3117308,            373.00,     1162755884.00     
12 MAY 2026,SENCO,EQ,SENCO GOLD LIMITED       ,Listed    ,12 MAY 2026,               5.00,         163806672,            312.75,    51230536668.00     
12 MAY 2026,SENORES,EQ,SENORES PHARMACEUTICALS L,Listed    ,12 MAY 2026,              10.00,          46053588,            932.90,    42963392245.20   
12 MAY 2026,SEPC,EQ,SEPC LIMITED             ,Listed    ,12 MAY 2026,              10.00,        1893220335,              7.30,    13858372852.20      
12 MAY 2026,SERVICE,ST,SERVICE CARE LIMITED     ,Listed    ,11 MAY 2026,              10.00,          13328500,             52.00,      693082000.00   
12 MAY 2026,SERVOTECH,EQ,SERVOTECH REN POW SYS LTD,Listed    ,12 MAY 2026,               1.00,         225845348,             89.60,    20235743180.80 
12 MAY 2026,SESHAPAPER,EQ,SESHASAYEE PAPER & BOARDS,Listed    ,12 MAY 2026,               2.00,          63068140,            254.15,    16028767781.00
12 MAY 2026,SETCO,BE,SETCO AUTOMOTIVE LTD     ,Listed    ,12 MAY 2026,               2.00,         133767275,             25.50,     3408390167.00     
12 MAY 2026,SETL,EQ,STANDARD ENGNG TCNLGY LTD,Listed    ,12 MAY 2026,              10.00,         199491662,            132.35,    26404716382.30      
12 MAY 2026,SEYAIND,BE,SEYA INDUSTRIES LIMITED  ,Listed    ,12 MAY 2026,              10.00,          26570540,             15.90,      423002996.80   
12 MAY 2026,SFL,EQ,SHEELA FOAM LIMITED      ,Listed    ,12 MAY 2026,               5.00,         109198924,            556.65,    60785581044.60       
12 MAY 2026,SFML,SM,SUPREME FACILITY MGMT LTD,Listed    ,12 MAY 2026,              10.00,          24829200,             24.00,      595900800.00      
12 MAY 2026,SGFIN,EQ,SG FINSERVE LIMITED      ,Listed    ,12 MAY 2026,              10.00,          55895000,            575.60,    32173162000.00     
12 MAY 2026,SGIL,EQ,SYNERGY GREEN IND. LTD   ,Listed    ,12 MAY 2026,              10.00,          15543000,            571.85,     8888264550.00      
12 MAY 2026,SGL,EQ,STL GLOBAL LIMITED       ,Listed    ,12 MAY 2026,              10.00,          26990914,             11.75,      317413148.65       
12 MAY 2026,SGMART,EQ,SG MART LIMITED          ,Listed    ,12 MAY 2026,               1.00,         126000000,            594.80,    74944800000.00    
12 MAY 2026,SHADOWFAX,EQ,SHADOWFAX TECHNOLOGIES L ,Listed    ,12 MAY 2026,              10.00,         581326619,            163.70,    95168980796.50 
12 MAY 2026,SHAH,EQ,SHAH METACORP LIMITED    ,Listed    ,12 MAY 2026,               1.00,         885210866,              5.60,     4957180849.60      
12 MAY 2026,SHAHALLOYS,EQ,SHAH ALLOYS LIMITED      ,Listed    ,12 MAY 2026,              10.00,          19797540,             67.80,     1342075236.60
12 MAY 2026,SHAILY,EQ,SHAILY ENG PLASTICS LTD  ,Listed    ,12 MAY 2026,               2.00,          45955093,           2693.60,   123784638504.80    
12 MAY 2026,SHAIVAL,ST,SHAIVAL REALITY LIMITED  ,Listed    ,20 MAR 2026,              10.00,          11574000,             33.00,      381942000.00   
12 MAY 2026,SHAKTIPUMP,EQ,SHAKTI PUMPS (I) LTD     ,Listed    ,12 MAY 2026,              10.00,         123397965,            528.15,    65172635214.75
12 MAY 2026,SHALBY,EQ,SHALBY LIMITED           ,Listed    ,12 MAY 2026,              10.00,         108009770,            158.05,    17070944148.50    
12 MAY 2026,SHALPAINTS,EQ,SHALIM PAINTS LTD        ,Listed    ,12 MAY 2026,               2.00,          83711178,             52.25,     4374746162.30
12 MAY 2026,SHANKARA,BE,SHANKARA BLDG PRODUCT LTD,Listed    ,12 MAY 2026,              10.00,          24249326,            107.25,     2601225200.00  
12 MAY 2026,SHANTHALA,SM,SHANTHALA FMCG PRODUCTS L,Listed    ,11 MAY 2026,              10.00,           6698064,             25.00,      167451600.00 
12 MAY 2026,SHANTI,EQ,SHANTI OVERSEAS INDIA LTD,Listed    ,12 MAY 2026,              10.00,          11106000,              6.50,       72189000.00    
12 MAY 2026,SHANTIGEAR,EQ,SHANTHI GEARS LTD        ,Listed    ,12 MAY 2026,               1.00,          76715853,            441.50,    33870049099.50
12 MAY 2026,SHANTIGOLD,EQ,SHANTI GOLD INTERNATION L,Listed    ,12 MAY 2026,              10.00,          72096000,            207.00,    14925313920.00
12 MAY 2026,SHARDACROP,EQ,SHARDA CROPCHEM LTD.     ,Listed    ,12 MAY 2026,              10.00,          90220495,           1149.80,   103735525151.00
12 MAY 2026,SHARDAMOTR,EQ,SHARDA MOTOR INDS LTD    ,Listed    ,12 MAY 2026,               2.00,          57407706,            868.15,    49838499963.90
12 MAY 2026,SHARDUL,EQ,SHARDUL SECURITIES LTD.  ,Permitted ,12 MAY 2026,               2.00,          87492165,             29.55,     2585393475.75   
12 MAY 2026,SHAREINDIA,EQ,SHARE IND. SECURITIES LTD,Listed    ,12 MAY 2026,               2.00,         217492050,            138.00,    30018252741.00
12 MAY 2026,SHBAJRG,EQ,SHRI BAJRANG ALLIANCE L  ,Permitted ,12 MAY 2026,              10.00,           9000000,            169.80,     1528020000.00   
12 MAY 2026,SHEEL,SM,SHEEL BIOTECH LIMITED    ,Listed    ,12 MAY 2026,              10.00,          20352550,             46.00,      936217300.00     
12 MAY 2026,SHEETAL,SM,SHEETAL UNIVERSAL LIMITED,Listed    ,12 MAY 2026,              10.00,          11455999,            275.00,     3150399725.00   
12 MAY 2026,SHEKHAWATI,BE,SHEKHAWATI INDUSTRIES LTD,Listed    ,12 MAY 2026,              10.00,          34470000,             13.55,      467068500.00
12 MAY 2026,SHEMAROO,EQ,SHEMAROO ENTER. LTD.     ,Listed    ,12 MAY 2026,              10.00,          27320299,            100.15,     2735854741.85  
12 MAY 2026,SHERA,SM,SHERA ENERGY LIMITED     ,Listed    ,12 MAY 2026,              10.00,          24439347,            149.30,     3648794507.10     
12 MAY 2026,SHETHJI,SM,SHREEJI GLOBAL FMCG LTD  ,Listed    ,12 MAY 2026,              10.00,          22760000,            124.30,     2829068000.00   
12 MAY 2026,SHIGAN,ST,SHIGAN QUANTUM TECH LTD  ,Listed    ,12 MAY 2026,              10.00,          20327400,             77.15,     1568258910.00    
12 MAY 2026,SHILCTECH,EQ,SHILCHAR TECHNOLOGIES LTD,Listed    ,12 MAY 2026,              10.00,          11440200,           4182.00,    47842916400.00 
12 MAY 2026,SHILPAMED,EQ,SHILPA MEDICARE LTD      ,Listed    ,12 MAY 2026,               1.00,         195581816,            438.65,    85791963588.40 
12 MAY 2026,SHINDL,EQ,SHARAT INDUSTRIES LTD.   ,Permitted ,12 MAY 2026,              10.00,          39214451,            145.85,     5719819822.85    
12 MAY 2026,SHIVALIK,EQ,SHIVALIK RASAYAN LIMITED ,Listed    ,12 MAY 2026,               5.00,          15750365,            257.75,     4059656578.75  
12 MAY 2026,SHIVAMAUTO,BE,SHIVAM AUTO.LTD          ,Listed    ,12 MAY 2026,               2.00,         131495219,             19.25,     2532597917.95
12 MAY 2026,SHIVAMILLS,EQ,SHIVA MILLS LIMITED      ,Listed    ,12 MAY 2026,              10.00,           8641808,             66.60,      575630830.90
12 MAY 2026,SHIVASHRIT,SM,SHIVASHRIT FOODS LIMITED ,Listed    ,12 MAY 2026,              10.00,          18269000,            125.55,     2293672950.00
12 MAY 2026,SHIVATEX,EQ,SHIVA TEXYARN LIMITED    ,Listed    ,12 MAY 2026,              10.00,          12962713,            167.60,     2172680325.95  
12 MAY 2026,SHIVAUM,BE,SHIV AUM STEELS LIMITED  ,Listed    ,12 MAY 2026,              10.00,          13600400,            330.00,     4488132000.00   
12 MAY 2026,SHK,EQ,S H KELKAR AND CO. LTD.  ,Listed    ,12 MAY 2026,              10.00,         138420801,            144.50,    20000421536.50       
12 MAY 2026,SHKSIL,SM,SHRI HARE-KRI SPO IRON L ,Listed    ,08 MAY 2026,              10.00,          19191050,             45.00,      863597250.00    
12 MAY 2026,SHOPERSTOP,EQ,SHOPPERS STOP LIMITED    ,Listed    ,12 MAY 2026,               5.00,         110117329,            331.50,    36503894563.50
12 MAY 2026,SHRADHA,EQ,SHRADHA REALTY LIMITED   ,Listed    ,12 MAY 2026,               2.00,          80997568,             36.00,     2915102472.30   
12 MAY 2026,SHREDIGCEM,EQ,SHREE DIGVIJAY CEM CO LTD,Listed    ,12 MAY 2026,              10.00,         147869278,             71.80,    10618492853.20
12 MAY 2026,SHREECEM,EQ,SHREE CEMENT LIMITED     ,Listed    ,12 MAY 2026,              10.00,          36080748,          24860.00,   896967395280.00  
12 MAY 2026,SHREEJISPG,EQ,SHREEJI SHIPPING GLOBAL L,Listed    ,12 MAY 2026,              10.00,         162918254,            412.10,    67138612473.40
12 MAY 2026,SHREEKARNI,SM,SHREE KARNI FABCOM LTD   ,Listed    ,12 MAY 2026,              10.00,           7228750,            442.00,     3195107500.00
12 MAY 2026,SHREEOSFM,SM,SHREE OSFM E-MOBILITY LTD,Listed    ,12 MAY 2026,              10.00,          15403400,             69.90,     1076697660.00 
12 MAY 2026,SHREEPUSHK,EQ,SHRE PUSH CHEM & FERT LTD,Listed    ,12 MAY 2026,              10.00,          32337691,            368.25,    11908354710.75
12 MAY 2026,SHREERAMA,EQ,SHREE RAMA MULTI TECH LTD,Listed    ,12 MAY 2026,               5.00,         133468005,             44.00,     5872592220.00 
12 MAY 2026,SHREMINVIT,IV,SHREM INVIT              ,Listed    ,12 MAY 2026,             100.00,         610844160,            100.10,    61145500416.00
12 MAY 2026,SHRENIK,BZ,SHRENIK LIMITED          ,Listed    ,12 MAY 2026,               1.00,         612000000,              0.40,      238680000.00   
12 MAY 2026,SHREYANIND,EQ,SHREYANS INDUSTRIES LTD  ,Listed    ,12 MAY 2026,              10.00,          13825000,            163.55,     2261355250.00
12 MAY 2026,SHRIAHIMSA,SM,SHRI AHIMSA NATURALS LTD ,Listed    ,12 MAY 2026,              10.00,          23430900,            270.70,     6342744630.00
12 MAY 2026,SHRIKANHA,ST,SHRI KANHA STAINLESS LTD ,Listed    ,12 MAY 2026,              10.00,          15582400,             24.20,      377094080.00 
12 MAY 2026,SHRIKRISH,EQ,SHRI KRISHNA DEVCON LTD. ,Permitted ,12 MAY 2026,              10.00,          28000000,             42.35,     1186360000.00 
12 MAY 2026,SHRINGARMS,EQ,SHRINGAR HOU OF MANGALS L,Listed    ,12 MAY 2026,              10.00,          96432080,            209.55,    20209271005.60
12 MAY 2026,SHRIPISTON,EQ,SHRIRAM PIST. & RING LTD ,Listed    ,12 MAY 2026,              10.00,          44049824,           3489.60,   153716265830.40
12 MAY 2026,SHRIRAMFIN,EQ,SHRIRAM FINANCE LIMITED  ,Listed    ,12 MAY 2026,               2.00,        2352686426,            930.45,  2189057085071.70
12 MAY 2026,SHRIRAMPPS,EQ,SHRIRAM PROPERTIES LTD   ,Listed    ,12 MAY 2026,              10.00,         170654392,             85.65,    14618255218.70
12 MAY 2026,SHRITECH,SM,SHRI TECHTEX LIMITED     ,Listed    ,07 MAY 2026,              10.00,          24950000,             66.20,     1651690000.00  
12 MAY 2026,SHUBHLAXMI,SM,SHUBHLAXMI JEWEL ART LTD ,Listed    ,12 MAY 2026,              10.00,          10604000,             22.65,      240180600.00
12 MAY 2026,SHUBHSHREE,SM,SHUBHSHREE BIOFUELS ENE L,Listed    ,12 MAY 2026,              10.00,           5242000,            320.00,     1677440000.00
12 MAY 2026,SHYAMCENT,EQ,SHYAM CENTURY FERROUS LTD,Listed    ,12 MAY 2026,               1.00,         212172990,              5.50,     1169073174.90 
12 MAY 2026,SHYAMDHANI,SM,SHYAM DHANI INDUSTRIES L ,Listed    ,12 MAY 2026,              10.00,          20656000,             65.50,     1352968000.00
12 MAY 2026,SHYAMMETL,EQ,SHYAM METALICS AND ENGY L,Listed    ,12 MAY 2026,              10.00,         279131853,            843.65,   235489587783.45 
12 MAY 2026,SHYAMTEL,BE,SHYAM TELECOM LIMITED    ,Listed    ,12 MAY 2026,              10.00,          11270000,             23.10,      260562400.00  
12 MAY 2026,SICAGEN,EQ,SICAGEN INDIA LIMITED    ,Permitted ,12 MAY 2026,              10.00,          39571684,             53.45,     2114315076.10   
12 MAY 2026,SICALLOG,BE,SICAL LOGISTICS LIMITED  ,Listed    ,12 MAY 2026,              10.00,         208797056,             64.50,    13471586053.10  
12 MAY 2026,SIDDHICOTS,ST,SIDDHI COTSPIN LIMITED   ,Listed    ,12 MAY 2026,              10.00,          24406491,             30.65,      748058949.15
12 MAY 2026,SIDDHIKA,SM,SIDDHIKA COATINGS LIMITED,Listed    ,11 MAY 2026,              10.00,           6179000,            241.00,     1489139000.00  
12 MAY 2026,SIEMENS,EQ,SIEMENS LTD              ,Listed    ,12 MAY 2026,               2.00,         356120505,           3574.40,  1272917133072.00   
12 MAY 2026,SIGACHI,BE,SIGACHI INDUSTRIES LTD   ,Listed    ,12 MAY 2026,               1.00,         382117010,             21.10,     8055026570.80   
12 MAY 2026,SIGIND,EQ,SIGNET INDUSTRIES LIMITED,Listed    ,12 MAY 2026,              10.00,          29437000,             49.15,     1447122920.00    
12 MAY 2026,SIGMA,EQ,SIGMA SOLVE LIMITED      ,Listed    ,12 MAY 2026,               1.00,         102774980,             43.00,     4417268640.40     
12 MAY 2026,SIGMAADV,BE,SIGMA ADVANCED SYSTEM LTD,Listed    ,12 MAY 2026,              10.00,         176239705,            336.45,    59295848747.25  
12 MAY 2026,SIGNATURE,EQ,SIGNATUREGLOBAL INDIA LTD,Listed    ,12 MAY 2026,               1.00,         140510691,            858.95,   120691658034.45 
12 MAY 2026,SIGNORIA,SM,SIGNORIA CREATION LIMITED,Listed    ,12 MAY 2026,              10.00,           4758000,             61.10,      290713800.00  
12 MAY 2026,SIGNPOST,EQ,SIGNPOST INDIA LIMITED   ,Listed    ,12 MAY 2026,               2.00,          53450000,            281.85,    15064882500.00  
12 MAY 2026,SIKA,EQ,SIKA INTERPLANT SYSTEMS L,Permitted ,12 MAY 2026,               2.00,          21200875,            932.00,    19759215500.00      
12 MAY 2026,SIKKO,EQ,SIKKO INDUSTRIES LIMITED ,Listed    ,12 MAY 2026,               1.00,         436800000,              4.50,     1956864000.00     
12 MAY 2026,SIL,EQ,STANDARD INDUSTRIES LTD. ,Listed    ,12 MAY 2026,               5.00,          64328941,             16.20,     1042772133.60       
12 MAY 2026,SILGO,EQ,SILGO RETAIL LIMITED     ,Listed    ,12 MAY 2026,              10.00,          24604529,             76.10,     1872158611.60     
12 MAY 2026,SILINV,EQ,SIL INVESTMENTS LIMITED  ,Listed    ,12 MAY 2026,              10.00,          10595860,            465.35,     4930783451.00    
12 MAY 2026,SILKFLEX,ST,SILKFLEX POLYMERS INDIA L,Listed    ,12 MAY 2026,              10.00,          11607000,            213.60,     2479255200.00  
12 MAY 2026,SILKY,SM,SILKY OVERSEAS LIMITED   ,Listed    ,08 MAY 2026,              10.00,           6367623,            134.00,      853261482.00     
12 MAY 2026,SILLYMONKS,EQ,SILLY MONKS ENTERTAIN LTD,Listed    ,12 MAY 2026,              10.00,          12460837,             16.20,      201865559.40
12 MAY 2026,SILVERTUC,EQ,SILVER TOUCH TECHNO LTD  ,Listed    ,12 MAY 2026,               2.00,         126810000,            147.70,    18727300800.00 
12 MAY 2026,SIMPLEXINF,EQ,SIMPLEX INFRASTRUCTURES L,Listed    ,12 MAY 2026,               2.00,          79095346,            204.00,    16136241537.45
12 MAY 2026,SINCLAIR,EQ,SINCLAIRS HOTELS LIMITED ,Listed    ,12 MAY 2026,               2.00,          51260000,             77.35,     3964448400.00  
12 MAY 2026,SINDHUTRAD,EQ,SINDHU TRADE LINKS LTD   ,Listed    ,12 MAY 2026,               1.00,        1541928780,             23.00,    35479781227.80
12 MAY 2026,SINGERIND,EQ,SINGER INDIA LIMITED     ,Listed    ,12 MAY 2026,               2.00,          62219117,             70.15,     4364048866.40 
12 MAY 2026,SINTERCOM,EQ,SINTERCOM INDIA LIMITED  ,Listed    ,12 MAY 2026,              10.00,          27527822,             77.70,     2138636491.20 
12 MAY 2026,SIRCA,EQ,SIRCA PAINT INDIA LIMITED,Listed    ,12 MAY 2026,              10.00,          56792800,            427.05,    24253365240.00     
12 MAY 2026,SIS,EQ,SIS LIMITED              ,Listed    ,12 MAY 2026,               5.00,         141272159,            373.45,    52758087778.55       
12 MAY 2026,SITINET,BZ,SITI NETWORKS LIMITED    ,Listed    ,12 MAY 2026,               1.00,         872053848,              0.35,      296498308.30   
12 MAY 2026,SIYSIL,EQ,SIYARAM SILK MILLS LTD   ,Listed    ,12 MAY 2026,               2.00,          45370088,            560.75,    25441276846.00    
12 MAY 2026,SJLOGISTIC,SM,S J LOGISTICS (INDIA) LTD,Listed    ,12 MAY 2026,              10.00,          15293130,            293.45,     4487768998.50
12 MAY 2026,SJS,EQ,SJS ENTERPRISES LIMITED  ,Listed    ,12 MAY 2026,              10.00,          31976279,           1968.60,    62948502839.40       
12 MAY 2026,SJVN,EQ,SJVN LTD                 ,Listed    ,12 MAY 2026,              10.00,        3929795175,             74.25,   291787291743.75      
12 MAY 2026,SKFINDIA,EQ,SKF INDIA LTD            ,Listed    ,12 MAY 2026,              10.00,          49437963,           1669.70,    82546566821.10  
12 MAY 2026,SKFINDUS,EQ,SKF IND (INDUSTRIAL) LTD ,Listed    ,12 MAY 2026,              10.00,          49437963,           2038.20,   100764456186.60  
12 MAY 2026,SKIPPER,EQ,SKIPPER LIMITED          ,Listed    ,12 MAY 2026,               1.00,         112904035,            436.05,    49231804461.75   
12 MAY 2026,SKMEGGPROD,EQ,SKM EGG PROD EXPORT(I) LT,Listed    ,12 MAY 2026,               5.00,          52660000,            168.00,     8845826800.00
12 MAY 2026,SKP,SM,SKP BEARING INDUSTRI. LTD,Listed    ,12 MAY 2026,              10.00,          16600000,            156.20,     2592920000.00       
12 MAY 2026,SKYGOLD,EQ,SKY GOLD AND DIAMONDS LTD,Listed    ,12 MAY 2026,              10.00,         154873884,            475.80,    73688994007.20   
12 MAY 2026,SLONE,SM,SLONE INFOSYSTEMS LIMITED,Listed    ,12 MAY 2026,              10.00,           5269013,            173.25,      912856502.25     
12 MAY 2026,SMARTEN,SM,SMARTEN POWER SYSTEMS LTD,Listed    ,12 MAY 2026,              10.00,          19000800,             50.65,      962390520.00   
12 MAY 2026,SMARTLINK,EQ,SMARTLINK HOLDINGS LTD   ,Listed    ,12 MAY 2026,               2.00,           9975000,            148.50,     1481187750.00 
12 MAY 2026,SMARTWORKS,EQ,SMARTWORKS COWORKING SP L,Listed    ,12 MAY 2026,              10.00,         114262076,            428.40,    48949873358.40
12 MAY 2026,SMCGLOBAL,EQ,SMC GLOBAL SECURITIES LTD,Listed    ,12 MAY 2026,               2.00,         209400000,             61.10,    12790152000.00 
12 MAY 2026,SMLMAH,EQ,SML MAHINDRA LIMITED     ,Listed    ,12 MAY 2026,              10.00,          14471646,           3614.20,    52303422973.20    
12 MAY 2026,SMLT,EQ,SARTHAK METALS LIMITED   ,Listed    ,12 MAY 2026,              10.00,          13689750,             70.40,      964032195.00      
12 MAY 2026,SMSPHARMA,EQ,SMS PHARMACEUTICALS LTD. ,Listed    ,12 MAY 2026,               1.00,          93652030,            402.00,    37648116060.00 
12 MAY 2026,SMVD,ST,SMVD POLY PACK LIMITED   ,Listed    ,12 MAY 2026,              10.00,          10030108,             11.00,      110331188.00      
12 MAY 2026,SNEHAA,ST,SNEHAA ORGANICS LIMITED  ,Listed    ,12 MAY 2026,              10.00,          10179000,             45.35,      461617650.00    
12 MAY 2026,SNOWMAN,EQ,SNOWMAN LOGISTICS LTD.   ,Listed    ,12 MAY 2026,              10.00,         167087995,             38.45,     6422862527.80   
12 MAY 2026,SOBHA,EQ,SOBHA LIMITED            ,Listed    ,12 MAY 2026,              10.00,         106932806,           1394.30,   149096411405.80     
12 MAY 2026,SOCL,ST,SUNDREX OIL COMPANY LTD  ,Listed    ,12 MAY 2026,              10.00,          13393552,             30.85,      413191079.20      
12 MAY 2026,SOFTTECH,BE,SOFTTECH ENGINEERS LTD   ,Listed    ,12 MAY 2026,              10.00,          13842138,            437.05,     6049706412.90  
12 MAY 2026,SOLARA,EQ,SOLARA ACTIVE PHA SCI LTD,Listed    ,12 MAY 2026,              10.00,          36172807,            508.60,    18397489640.20    
12 MAY 2026,SOLARINDS,EQ,SOLAR INDUSTRIES (I) LTD ,Listed    ,12 MAY 2026,               2.00,          90490055,          15585.00,  1410287507175.00 
12 MAY 2026,SOLARWORLD,EQ,SOLARWORLD ENERGY SOL LTD,Listed    ,12 MAY 2026,               5.00,          86672654,            217.55,    18853902424.60
12 MAY 2026,SOLEX,EQ,SOLEX ENERGY LIMITED     ,Listed    ,12 MAY 2026,              10.00,          10802489,           1251.20,    13516074236.80     
12 MAY 2026,SOMANYCERA,EQ,SOMANY CERAMICS LIMITED  ,Listed    ,12 MAY 2026,               2.00,          41012806,            442.30,    18139964093.80
12 MAY 2026,SOMATEX,EQ,SOMA TEXTILES & INDUST LT,Listed    ,12 MAY 2026,              10.00,          33033000,            108.20,     3573509940.00   
12 MAY 2026,SOMICONVEY,EQ,SOMI CONVEYOR BELT. LTD. ,Listed    ,12 MAY 2026,              10.00,          11779656,            112.40,     1323797741.30
12 MAY 2026,SONACOMS,EQ,SONA BLW PRECISION FRGS L,Listed    ,12 MAY 2026,              10.00,         621846890,            584.10,   363220768449.00  
12 MAY 2026,SONAL,EQ,SONAL MERCANTILE LTD.    ,Permitted ,12 MAY 2026,              10.00,          14738525,             92.25,     1359628931.25     
12 MAY 2026,SONAMAC,ST,SONA MACHINERY LIMITED   ,Listed    ,12 MAY 2026,              10.00,          13724000,             37.25,      511219000.00   
12 MAY 2026,SONAMLTD,EQ,SONAM LIMITED            ,Listed    ,12 MAY 2026,               5.00,          40032000,             50.35,     2014810560.00  
12 MAY 2026,SONATSOFTW,EQ,SONATA SOFTWARE LTD      ,Listed    ,12 MAY 2026,               1.00,         280424816,            273.15,    76598038490.40
12 MAY 2026,SONUINFRA,SM,SONU INFRATECH LIMITED   ,Listed    ,12 MAY 2026,              10.00,          11764764,             54.80,      644709067.20 
12 MAY 2026,SOTAC,SM,SOTAC PHARMACEUTICALS LTD,Listed    ,12 MAY 2026,              10.00,          11050000,            111.30,     1229865000.00     
12 MAY 2026,SOTL,EQ,SAVITA OIL TECHNOLO. LTD ,Listed    ,12 MAY 2026,               2.00,          68560415,            419.95,    28791946279.25      
12 MAY 2026,SOUTHBANK,EQ,THE SOUTH INDIAN BANK LTD,Listed    ,12 MAY 2026,               1.00,        2617495416,             38.20,   100014499845.35 
12 MAY 2026,SOUTHWEST,EQ,SOUTH WEST PINNACLE LTD  ,Listed    ,12 MAY 2026,              10.00,          29830011,            220.85,     6587361329.15 
12 MAY 2026,SPAL,EQ,S. P. APPARELS LIMITED   ,Listed    ,12 MAY 2026,              10.00,          25092600,            811.70,    20367663420.00      
12 MAY 2026,SPANDANA,EQ,SPANDANA SPHOORTY FIN LTD,Listed    ,12 MAY 2026,              10.00,          71305144,            258.90,    18461614833.05  
12 MAY 2026,SPARC,EQ,SUN PHARMA ADV.RES.CO.LTD,Listed    ,12 MAY 2026,               1.00,         324499558,            166.45,    54006461437.95     
12 MAY 2026,SPCENET,EQ,SPACENET ENTERS IND LTD  ,Listed    ,12 MAY 2026,               1.00,         567735736,              3.80,     2157395796.80   
12 MAY 2026,SPCL,SM,SHIVALIC POWER CONTROL L ,Listed    ,12 MAY 2026,              10.00,          24115754,             78.85,     1901527202.90      
12 MAY 2026,SPCON,SM,SRINIBAS PRADHAN CONST L ,Listed    ,07 MAY 2026,              10.00,           7860997,            123.10,      967688730.70     
12 MAY 2026,SPEB,SM,SPEB ADHESIVES LIMITED   ,Listed    ,12 MAY 2026,              10.00,          22464570,             78.45,     1762345516.50      
12 MAY 2026,SPECIALITY,EQ,SPECIALITY REST LTD      ,Listed    ,12 MAY 2026,              10.00,          48235657,            101.50,     4896883898.65
12 MAY 2026,SPECTRUM,EQ,SPECTRUM ELECTRIC IND LTD,Listed    ,12 MAY 2026,              10.00,          15713840,           1417.80,    22279082352.00  
12 MAY 2026,SPECTSTM,ST,SPECTRUM TALENT MGMT LTD ,Listed    ,12 MAY 2026,              10.00,          23093096,             57.95,     1338244913.20  
12 MAY 2026,SPENCERS,EQ,SPENCER S RETAIL LIMITED ,Listed    ,12 MAY 2026,               5.00,          90138789,             36.25,     3269333877.05  
12 MAY 2026,SPIC,EQ,SPIC LTD                 ,Listed    ,12 MAY 2026,              10.00,         203640336,             65.60,    13362878848.30      
12 MAY 2026,SPLIL,EQ,SPL INDUSTRIES LIMITED   ,Listed    ,12 MAY 2026,              10.00,          29000004,             30.90,      896680123.70     
12 MAY 2026,SPLPETRO,EQ,SUPREME PETROCHEM LIMITED,Listed    ,12 MAY 2026,               2.00,         188041342,            696.80,   131027207105.60  
12 MAY 2026,SPMLINFRA,EQ,SPML INFRA LIMITED       ,Listed    ,12 MAY 2026,               2.00,          76601335,            200.35,    15347077467.25 
12 MAY 2026,SPORTKING,EQ,SPORTKING INDIA LIMITED  ,Listed    ,12 MAY 2026,               1.00,         132872000,            147.05,    19538827600.00 
12 MAY 2026,SPPPOLY,SM,SPP POLYMER LIMITED      ,Listed    ,12 MAY 2026,              10.00,          15391160,             13.30,      204702428.00   
12 MAY 2026,SPRL,SM,SP REFRACTORIES LIMITED  ,Listed    ,12 MAY 2026,              10.00,           1789500,             94.00,      168213000.00      
12 MAY 2026,SPUNWEB,SM,SPUNWEB NONWOVEN LIMITED ,Listed    ,12 MAY 2026,              10.00,          24103409,            123.00,     2964719307.00   
12 MAY 2026,SRD,EQ,SHANKAR LAL RAMPAL LTD   ,Listed    ,12 MAY 2026,              10.00,          63966780,             42.80,     2737138516.20       
12 MAY 2026,SREEL,EQ,SREELEATHERS LIMITED     ,Listed    ,12 MAY 2026,              10.00,          23155012,            180.35,     4175543313.95     
12 MAY 2026,SRF,EQ,SRF LTD                  ,Listed    ,12 MAY 2026,              10.00,         296424825,           2721.20,   806631233790.00       
12 MAY 2026,SRGHFL,EQ,SRG HOUSING FINANCE L    ,Listed    ,12 MAY 2026,              10.00,          15701838,            294.15,     4618695647.70    
12 MAY 2026,SRHHYPOLTD,EQ,SREE RAYALSEEMA HHP LTD. ,Listed    ,12 MAY 2026,              10.00,          17164821,            510.40,     8760924638.40
12 MAY 2026,SRIVASAVI,SM,SRIVASAVI ADHESIVE TAPE L,Listed    ,12 MAY 2026,              10.00,          14174166,             57.00,      807927462.00 
12 MAY 2026,SRM,EQ,SRM CONTRACTORS LIMITED  ,Listed    ,12 MAY 2026,              10.00,          22944200,            477.30,    10951266660.00       
12 MAY 2026,SRTL,EQ,SHREE RAM TWISTEX LIMITED,Listed    ,12 MAY 2026,              10.00,          39975000,             45.85,     1832054250.00      
12 MAY 2026,SSDL,EQ,SARASWATI SAREE DEPOT LTD,Listed    ,12 MAY 2026,              10.00,          39599800,             61.05,     2418359786.00      
12 MAY 2026,SSEGL,SM,SATHLOKHAR SYN E&C GLOB L,Listed    ,12 MAY 2026,              10.00,          25978592,            371.60,     9653644787.20     
12 MAY 2026,SSFL,SM,SRIVARI SPICES N FOODS L ,Listed    ,12 MAY 2026,              10.00,           8570400,             93.25,      799189800.00      
12 MAY 2026,SSWL,EQ,STEEL STRIPS WHEELS LTD. ,Listed    ,12 MAY 2026,               1.00,         157180425,            205.65,    32325726205.50      
12 MAY 2026,STALLION,EQ,STALLION IND FLUOROCHEM L,Listed    ,12 MAY 2026,              10.00,         116085737,            147.30,    17098268202.75  
12 MAY 2026,STANLEY,EQ,STANLEY LIFESTYLES LTD   ,Listed    ,12 MAY 2026,               2.00,          57125663,            155.75,     8897322012.25   
12 MAY 2026,STAR,EQ,STRIDES PHARMA SCI LTD   ,Listed    ,12 MAY 2026,              10.00,          92172714,           1151.80,   106164531985.20      
12 MAY 2026,STARCEMENT,EQ,STAR CEMENT LIMITED      ,Listed    ,12 MAY 2026,               1.00,         412428997,            220.00,    90730255050.05
12 MAY 2026,STARHEALTH,EQ,STAR HEALTH & AL INS CO L,Listed    ,12 MAY 2026,              10.00,         588398801,            511.20,   300789467071.20
12 MAY 2026,STARPAPER,EQ,STAR PAPER MILLS LTD     ,Listed    ,12 MAY 2026,              10.00,          15608350,            140.35,     2190319755.50 
12 MAY 2026,STARTECK,EQ,STARTECK FINANCE LIMITED ,Listed    ,12 MAY 2026,              10.00,           9910330,            255.15,     2528521596.20  
12 MAY 2026,STCINDIA,EQ,THE STATE TRADING CORPN  ,Listed    ,12 MAY 2026,              10.00,          60000000,            114.25,     6856200000.00  
12 MAY 2026,STEELCAS,EQ,STEELCAST LIMITED        ,Listed    ,12 MAY 2026,               1.00,         101200000,            278.60,    28194320000.00  
12 MAY 2026,STEELCITY,EQ,STEEL CITY SECURITIES LTD,Listed    ,12 MAY 2026,              10.00,          15107095,             80.20,     1211589019.00 
12 MAY 2026,STEELXIND,EQ,STEEL EXCHANGE INDIA LTD ,Listed    ,12 MAY 2026,               1.00,        1247220542,             10.00,    12484677625.40 
12 MAY 2026,STEL,EQ,STEL HOLDINGS LIMITED    ,Listed    ,12 MAY 2026,              10.00,          18455405,            460.50,     8498714002.50      
12 MAY 2026,STERTOOLS,EQ,STERLING TOOLS LIMITED   ,Listed    ,12 MAY 2026,               2.00,          36344426,            233.00,     8468251258.00 
12 MAY 2026,STLNETWORK,EQ,STL NETWORKS LIMITED     ,Listed    ,12 MAY 2026,               2.00,         487986306,             25.45,    12414371624.65
12 MAY 2026,STLTECH,EQ,STERLITE TECHNOLOGIES LTD,Listed    ,12 MAY 2026,               2.00,         488132538,            398.30,   194423189885.40   
12 MAY 2026,STOVEKRAFT,EQ,STOVE KRAFT LIMITED      ,Listed    ,12 MAY 2026,              10.00,          33107321,            563.45,    18654320017.45
12 MAY 2026,STRIDERS,SM,STRIDERS IMPEX LIMITED   ,Listed    ,12 MAY 2026,              10.00,          18616880,             66.70,     1241745896.00  
12 MAY 2026,STUDDS,EQ,STUDDS ACCESSORIES LTD   ,Listed    ,12 MAY 2026,               5.00,          39353400,            456.20,    17953021080.00    
12 MAY 2026,STUDIOLSD,ST,STUDIO LSD LIMITED       ,Listed    ,12 MAY 2026,               2.00,          51891755,             10.95,      568214717.25 
12 MAY 2026,STYL,EQ,SESHAASAI TECHNOLOGIES L ,Listed    ,12 MAY 2026,              10.00,         161805826,            255.90,    41409346989.90      
12 MAY 2026,STYLAMIND,EQ,STYLAM INDUSTRIES LIMITED,Listed    ,12 MAY 2026,               5.00,          16948060,           2460.60,    41702396436.00 
12 MAY 2026,STYLEBAAZA,EQ,BAAZAR STYLE RETAIL LTD  ,Listed    ,12 MAY 2026,               5.00,          74617353,            391.15,    29186577625.95
12 MAY 2026,STYRENIX,EQ,STYRENIX PERFORMANCE LTD ,Listed    ,12 MAY 2026,              10.00,          17585625,           2224.40,    39117464250.00  
12 MAY 2026,SUBAHOTELS,SM,SUBA HOTELS LIMITED      ,Listed    ,12 MAY 2026,              10.00,          24242516,            133.80,     3243648640.80
12 MAY 2026,SUBEXLTD,EQ,SUBEX LTD                ,Listed    ,12 MAY 2026,               5.00,         562002935,             10.95,     6165172196.95  
12 MAY 2026,SUBROS,EQ,SUBROS LIMITED           ,Listed    ,12 MAY 2026,               2.00,          65235750,            750.70,    48972477525.00    
12 MAY 2026,SUDARCOLOR,EQ,SUDARSHAN COLORNT IND LTD,Listed    ,12 MAY 2026,              10.00,          23081798,            343.10,     7919364893.80
12 MAY 2026,SUDARSCHEM,EQ,SUDARSHAN CHEMICAL INDS L,Listed    ,12 MAY 2026,               2.00,          78611936,            874.70,    68761860419.20
12 MAY 2026,SUDEEPPHRM,EQ,SUDEEP PHARMA LIMITED    ,Listed    ,12 MAY 2026,               1.00,         112948625,            631.00,    71270582375.00
12 MAY 2026,SUKHJITS,EQ,SUKHJIT STARCH & CHEM LTD,Listed    ,12 MAY 2026,               5.00,          31244000,            194.70,     6083519240.00  
12 MAY 2026,SULA,EQ,SULA VINEYARDS LIMITED   ,Listed    ,12 MAY 2026,               2.00,          84447229,            165.60,    13986150067.00      
12 MAY 2026,SUMEETINDS,EQ,SUMEET IND LIMITED       ,Listed    ,12 MAY 2026,               2.00,         526325680,             30.00,    15789770400.00
12 MAY 2026,SUMICHEM,EQ,SUMITOMO CHEM INDIA LTD  ,Listed    ,12 MAY 2026,              10.00,         499145736,            444.85,   222044980659.60  
12 MAY 2026,SUMIT,BE,SUMIT WOODS LIMITED      ,Listed    ,12 MAY 2026,              10.00,          47858753,             46.25,     2213467326.25     
12 MAY 2026,SUMMITSEC,EQ,SUMMIT SECURITIES LTD    ,Listed    ,12 MAY 2026,              10.00,          10901781,           1557.60,    16980614085.60 
12 MAY 2026,SUNCLAY,EQ,SUNDARAM CLAYTON LIMITED ,Listed    ,12 MAY 2026,               5.00,          22046162,           1430.10,    31528216276.20   
12 MAY 2026,SUNDARAM,EQ,SUNDARAM MULTI PAP LTD   ,Listed    ,12 MAY 2026,               1.00,         473877773,              1.40,      663428882.20  
12 MAY 2026,SUNDARMFIN,EQ,SUNDARAM FINANCE LTD     ,Listed    ,12 MAY 2026,              10.00,         111103860,           4599.20,   510988872912.00
12 MAY 2026,SUNDRMBRAK,EQ,SUNDARAM BRAK LININGS LTD,Listed    ,12 MAY 2026,              10.00,           3934575,            634.50,     2496487837.50
12 MAY 2026,SUNDRMFAST,EQ,SUNDRAM FASTENERS LTD    ,Listed    ,12 MAY 2026,               1.00,         210128370,            826.45,   173660591386.50
12 MAY 2026,SUNDROP,EQ,SUNDROP BRANDS LIMITED   ,Listed    ,12 MAY 2026,              10.00,          37696853,            670.25,    25266315723.25   
12 MAY 2026,SUNFLAG,EQ,SUNFLAG IRON AND STEEL CO,Listed    ,12 MAY 2026,              10.00,         180219448,            365.70,    65906252133.60   
12 MAY 2026,SUNLITE,ST,SUNLITE RECYCLING IND LTD,Listed    ,12 MAY 2026,              10.00,          13805848,            491.10,     6780051952.80   
12 MAY 2026,SUNPHARMA,EQ,SUN PHARMACEUTICAL IND L ,Listed    ,12 MAY 2026,               1.00,        2399334970,           1845.70,  4428452554129.00 
12 MAY 2026,SUNREST,SM,SUNREST LIFESCIENCE LTD  ,Listed    ,11 MAY 2026,              10.00,           8582400,             40.30,      345870720.00   
12 MAY 2026,SUNTECH,SM,SUNTECH INFRA SOLUTIONS L,Listed    ,12 MAY 2026,              10.00,          19362600,             40.00,      774504000.00   
12 MAY 2026,SUNTECK,EQ,SUNTECK REALTY LIMITED   ,Listed    ,12 MAY 2026,               1.00,         146842025,            304.95,    44779475523.75   
12 MAY 2026,SUNTV,EQ,SUN TV NETWORK LIMITED   ,Listed    ,12 MAY 2026,               5.00,         394084620,            560.20,   220766204124.00     
12 MAY 2026,SUPERHOUSE,EQ,SUPERHOUSE LIMITED       ,Listed    ,12 MAY 2026,              10.00,          11025000,            151.45,     1669515750.00
12 MAY 2026,SUPERSPIN,EQ,SUPER SPINNING MILLS LTD ,Listed    ,12 MAY 2026,               1.00,          55000000,              5.25,      289300000.00 
12 MAY 2026,SUPRAJIT,EQ,SUPRAJIT ENGINEERING LTD ,Listed    ,12 MAY 2026,               1.00,         137171147,            417.85,    57316963773.95  
12 MAY 2026,SUPREME,EQ,SUPREME HOLDIN N HOSP I L,Listed    ,12 MAY 2026,              10.00,          38646853,             49.85,     1926159153.50   
12 MAY 2026,SUPREMEENG,BZ,SUPREME ENGINEERING LTD  ,Listed    ,12 MAY 2026,               1.00,         249950000,              0.95,      242451500.00
12 MAY 2026,SUPREMEIND,EQ,SUPREME INDUSTRIES LTD   ,Listed    ,12 MAY 2026,               2.00,         127026870,           3534.10,   448925661267.00
12 MAY 2026,SUPREMEINF,EQ,SUPREME INFRA. LTD.      ,Listed    ,12 MAY 2026,              10.00,          96735760,             82.20,     7951679472.00
12 MAY 2026,SUPREMEPWR,ST,SUPREME POWER EQUIPMENT L,Listed    ,12 MAY 2026,              10.00,          24991135,            252.65,     6314010257.75
12 MAY 2026,SUPRIYA,EQ,SUPRIYA LIFESCIENCE LTD  ,Listed    ,12 MAY 2026,               2.00,          80482800,            675.80,    54390276240.00   
12 MAY 2026,SURAJEST,EQ,SURAJ ESTATE DEVELOPERS L,Listed    ,12 MAY 2026,               5.00,          47773388,            220.70,    10544542199.35  
12 MAY 2026,SURAJLTD,EQ,SURAJ LIMITED            ,Listed    ,12 MAY 2026,              10.00,          18364100,            235.40,     4322909140.00  
12 MAY 2026,SURAKSHA,EQ,SURAKSHA DIAGNOSTIC LTD  ,Listed    ,12 MAY 2026,               2.00,          52080758,            291.90,    15202373260.20  
12 MAY 2026,SURANASOL,EQ,SURANA SOLAR LIMITED     ,Listed    ,12 MAY 2026,               5.00,          49206600,             26.90,     1323165474.00 
12 MAY 2026,SURANAT&P,EQ,SURANA TELECOM AND POW LT,Listed    ,12 MAY 2026,               1.00,         135759963,             18.10,     2458612929.95 
12 MAY 2026,SURANI,ST,SURANI STEEL TUBES LTD.  ,Listed    ,12 MAY 2026,              10.00,          15548036,            135.80,     2111423288.80    
12 MAY 2026,SURYALA,EQ,SURYALATA SPINNING MILL L,Permitted ,12 MAY 2026,              10.00,           4267000,            357.80,     1526732600.00   
12 MAY 2026,SURYALAXMI,EQ,SURYALAKSHMI COT MIL LTD ,Listed    ,12 MAY 2026,              10.00,          18805290,             57.45,     1079987804.70
12 MAY 2026,SURYAROSNI,EQ,SURYA ROSHNI LTD         ,Listed    ,12 MAY 2026,               5.00,         217635896,            239.70,    52167324271.20
12 MAY 2026,SURYODAY,EQ,SURYODAY SMALL FIN BK LTD,Listed    ,12 MAY 2026,              10.00,         106289824,            172.65,    18349875215.35  
12 MAY 2026,SUTLEJTEX,EQ,SUTLEJ TEXT & INDUS LTD  ,Listed    ,12 MAY 2026,               1.00,         163828620,             36.50,     5981382916.20 
12 MAY 2026,SUVEN,EQ,SUVEN LIFE SCIENCES LTD  ,Listed    ,12 MAY 2026,               1.00,         263720583,            216.40,    57063859749.55     
12 MAY 2026,SUVIDHAA,BE,SUVIDHAA INFOSERVE LTD   ,Listed    ,12 MAY 2026,               1.00,         209806690,              2.85,      597949066.50  
12 MAY 2026,SUYOG,EQ,SUYOG TELEMATICS LIMITED ,Listed    ,12 MAY 2026,              10.00,          11717120,            784.50,     9192080640.00     
12 MAY 2026,SUZLON,EQ,SUZLON ENERGY LIMITED    ,Listed    ,12 MAY 2026,               2.00,       13714633135,             51.50,   706577899115.20    
12 MAY 2026,SVLL,EQ,SHREE VASU LOGISTICS LTD ,Listed    ,12 MAY 2026,              10.00,          11493700,            593.60,     6822660320.00      
12 MAY 2026,SVPGLOB,BE,SVP GLOBAL TEXTILES LTD  ,Listed    ,12 MAY 2026,               1.00,         126500000,              4.25,      537625000.00   
12 MAY 2026,SWANCORP,EQ,SWAN CORP LIMITED        ,Listed    ,12 MAY 2026,               1.00,         313456886,            322.55,   101105518579.30  
12 MAY 2026,SWANDEF,BE,SWAN DEFENCE N HEVY IND L,Listed    ,12 MAY 2026,              10.00,          52682150,           1908.10,   100522810415.00   
12 MAY 2026,SWARAJ,SM,SWARAJ SUITING LIMITED   ,Listed    ,12 MAY 2026,              10.00,          25389660,            280.70,     7126877562.00    
12 MAY 2026,SWARAJENG,EQ,SWARAJ ENGINES LTD       ,Listed    ,12 MAY 2026,              10.00,          12149865,           3805.10,    46231451311.50 
12 MAY 2026,SWASTIK,ST,SWASTIK PIPE LIMITED     ,Listed    ,08 MAY 2026,              10.00,          23231460,             23.55,      547100883.00   
12 MAY 2026,SWELECTES,EQ,SWELECT ENERGY SYS LTD   ,Listed    ,12 MAY 2026,              10.00,          15158760,            628.30,     9524248908.00 
12 MAY 2026,SWIGGY,EQ,SWIGGY LIMITED           ,Listed    ,12 MAY 2026,               1.00,        2760313555,            255.85,   706226223046.75    
12 MAY 2026,SWSOLAR,EQ,STRLNG & WIL REN ENE LTD ,Listed    ,12 MAY 2026,               1.00,         233531720,            202.50,    47287837982.80   
12 MAY 2026,SYLVANPLY,SM,SYLVAN PLYBOARD (INDIA) L,Listed    ,12 MAY 2026,              10.00,          19374830,             55.90,     1083052997.00 
12 MAY 2026,SYMPHONY,EQ,SYMPHONY LIMITED         ,Listed    ,12 MAY 2026,               2.00,          68671400,            764.85,    52523320290.00  
12 MAY 2026,SYNCOMF,EQ,SYNCOM FORMU (I) LTD     ,Listed    ,12 MAY 2026,               1.00,         940000000,             13.55,    12755800000.00   
12 MAY 2026,SYNGENE,EQ,SYNGENE INTERNATIONAL LTD,Listed    ,12 MAY 2026,              10.00,         402939420,            478.75,   192907247325.00   
12 MAY 2026,SYNOPTICS,SM,SYNOPTICS TECHNOLOGIES L ,Listed    ,12 MAY 2026,              10.00,           8480000,             59.00,      500320000.00 
12 MAY 2026,SYRMA,EQ,SYRMA SGS TECHNOLOGY LTD ,Listed    ,12 MAY 2026,              10.00,         192830485,           1075.20,   207331337472.00     
12 MAY 2026,SYSTANGO,SM,SYSTANGO TECHNOLOGIES LTD,Listed    ,12 MAY 2026,              10.00,          14668800,            272.00,     3989913600.00  
12 MAY 2026,SYSTMTXC,EQ,SYSTEMATIX CORP SERVICE L,Listed    ,12 MAY 2026,               1.00,         136538010,             67.15,     9171258131.70  
12 MAY 2026,TAALTECH,EQ,TAAL TECH LTD.           ,Permitted ,12 MAY 2026,              10.00,           3116342,           2851.70,     8886872481.40  
12 MAY 2026,TAC,SM,TAC INFOSEC LIMITED      ,Listed    ,12 MAY 2026,              10.00,          21026240,            514.10,    10809589984.00       
12 MAY 2026,TAINWALCHM,EQ,TAINWALA CHEMICAL AND PLA,Listed    ,12 MAY 2026,              10.00,           9363863,            201.00,     1882042824.35
12 MAY 2026,TAJGVK,EQ,TAJ GVK HOTELS & RESORTS ,Listed    ,12 MAY 2026,               2.00,          62701495,            310.70,    19481354496.50    
12 MAY 2026,TAKE,BE,TAKE SOLUTIONS LTD       ,Listed    ,12 MAY 2026,               1.00,         147934000,             29.85,     4414350560.00      
12 MAY 2026,TALBROAUTO,EQ,TALBROS AUTO. COMP. LTD  ,Listed    ,12 MAY 2026,               2.00,          61728150,            312.75,    19305478912.50
12 MAY 2026,TAMBOLIIN,EQ,TAMBOLI INDUSTRIES LTD.  ,Permitted ,12 MAY 2026,              10.00,           9920000,            180.60,     1791651200.00 
12 MAY 2026,TANKUP,SM,TANKUP ENGINEERS LIMITED ,Listed    ,12 MAY 2026,              10.00,           5295000,            630.00,     3335850000.00    
12 MAY 2026,TANLA,EQ,TANLA PLATFORMS LIMITED  ,Listed    ,12 MAY 2026,               1.00,         132617359,            523.00,    69358878757.00     
12 MAY 2026,TAPIFRUIT,SM,TAPI FRUIT PROCESSING LTD,Listed    ,07 MAY 2026,              10.00,           4300500,             60.00,      258030000.00 
12 MAY 2026,TARACHAND,EQ,TARA CHAND INFRA SOLN LTD,Listed    ,12 MAY 2026,               2.00,          78824900,             59.30,     4672740072.00 
12 MAY 2026,TARAPUR,EQ,TARAPUR TRANSFORMERS LTD ,Listed    ,12 MAY 2026,              10.00,          19500011,             22.50,      438750247.50   
12 MAY 2026,TARC,EQ,TARC LIMITED             ,Listed    ,12 MAY 2026,               2.00,         295096335,            132.25,    39029441267.10      
12 MAY 2026,TARIL,EQ,TRANS & RECTI. LTD       ,Listed    ,12 MAY 2026,               1.00,         300165834,            298.10,    89479435115.40     
12 MAY 2026,TARMAT,BE,TARMAT LIMITED           ,Listed    ,12 MAY 2026,              10.00,          25064255,             51.10,     1281034073.05    
12 MAY 2026,TARSONS,EQ,TARSONS PRODUCTS LIMITED ,Listed    ,12 MAY 2026,               2.00,          53206281,            214.70,    11423388530.70   
12 MAY 2026,TASTYBITE,EQ,TASTY BITE EATABLES LTD  ,Listed    ,12 MAY 2026,              10.00,           2566000,           7692.00,    19737672000.00 
12 MAY 2026,TATACAP,EQ,TATA CAPITAL LIMITED     ,Listed    ,12 MAY 2026,              10.00,        4244869037,            309.45,  1313574723499.65   
12 MAY 2026,TATACHEM,EQ,TATA CHEMICALS LTD       ,Listed    ,12 MAY 2026,              10.00,         254756278,            770.25,   196226023129.50  
12 MAY 2026,TATACOMM,EQ,TATA COMMUNICATIONS LTD  ,Listed    ,12 MAY 2026,              10.00,         285000000,           1539.90,   438871500000.00  
12 MAY 2026,TATACONSUM,EQ,TATA CONSUMER PRODUCT LTD,Listed    ,12 MAY 2026,               1.00,         989557956,           1253.00,  1239916118868.00
12 MAY 2026,TATAELXSI,EQ,TATA ELXSI LIMITED       ,Listed    ,12 MAY 2026,              10.00,          62296683,           4082.20,   254307519342.60 
12 MAY 2026,TATAINVEST,EQ,TATA INVESTMENT CORP LTD ,Listed    ,12 MAY 2026,               1.00,         505952960,            667.85,   337900684336.00
12 MAY 2026,TATAPOWER,EQ,TATA POWER CO LTD        ,Listed    ,12 MAY 2026,               1.00,        3195339547,            418.40,  1336930066464.80 
12 MAY 2026,TATASTEEL,EQ,TATA STEEL LIMITED       ,Listed    ,12 MAY 2026,               1.00,       12483527171,            212.00,  2646507760252.00 
12 MAY 2026,TATATECH,EQ,TATA TECHNOLOGIES LIMITED,Listed    ,12 MAY 2026,               2.00,         405979321,            615.90,   250042663803.90  
12 MAY 2026,TATVA,EQ,TATVA CHIN PHARM CHEM LTD,Listed    ,12 MAY 2026,              10.00,          23392055,           1268.70,    29677500178.50     
12 MAY 2026,TAURIAN,SM,TAURIAN MPS LIMITED      ,Listed    ,12 MAY 2026,              10.00,           8883200,            290.95,     2584567040.00   
12 MAY 2026,TBI,SM,TBI CORN LIMITED         ,Listed    ,12 MAY 2026,              10.00,          18158405,             65.15,     1183020085.75       
12 MAY 2026,TBOTEK,EQ,TBO TEK LIMITED          ,Listed    ,12 MAY 2026,               1.00,         108587787,           1169.40,   126982558117.80    
12 MAY 2026,TBZ,EQ,TRIB BHIMJI ZAVERI LTD   ,Listed    ,12 MAY 2026,              10.00,          66730620,            134.40,     8967928021.80       
12 MAY 2026,TCC,EQ,TCC CONCEPT LIMITED      ,Listed    ,12 MAY 2026,              10.00,          47528061,            360.55,    17136242393.55       
12 MAY 2026,TCI,EQ,TRANSPORT CORPN OF INDIA ,Listed    ,12 MAY 2026,               2.00,          76743797,            910.30,    69859878409.10       
12 MAY 2026,TCIEXP,EQ,TCI EXPRESS LIMITED      ,Listed    ,12 MAY 2026,               2.00,          38418990,            517.70,    19889511123.00    
12 MAY 2026,TCIFINANCE,EQ,TCI FINANCE LTD          ,Listed    ,12 MAY 2026,              10.00,          12872493,             14.10,      181630876.25
12 MAY 2026,TCL,SM,THAAI CASTING LIMITED    ,Listed    ,12 MAY 2026,              10.00,          24341437,             93.00,     2263753641.00       
12 MAY 2026,TCPLPACK,EQ,TCPL PACKAGING LIMITED   ,Listed    ,12 MAY 2026,              10.00,           9100000,           2697.20,    24544520000.00  
12 MAY 2026,TCS,EQ,TATA CONSULTANCY SERV LT ,Listed    ,12 MAY 2026,               1.00,        3618087518,           2300.30,  8322686717655.40       
12 MAY 2026,TDPOWERSYS,EQ,TD POWER SYSTEMS LTD.    ,Listed    ,12 MAY 2026,               2.00,         156214830,           1166.90,   182287085127.00
12 MAY 2026,TEAMGTY,EQ,TEAM INDIA GUARANTY LTD  ,Listed    ,12 MAY 2026,              10.00,           8993149,            249.55,     2244240332.95   
12 MAY 2026,TEAMLEASE,EQ,TEAMLEASE SERVICES LTD.  ,Listed    ,12 MAY 2026,              10.00,          16768900,           1374.70,    23052206830.00 
12 MAY 2026,TECHD,SM,TECHD CYBERSECURITY LTD  ,Listed    ,12 MAY 2026,              10.00,           7479733,            558.30,     4175934933.90     
12 MAY 2026,TECHERA,SM,TECHERA ENGINEER (IND) L ,Listed    ,12 MAY 2026,              10.00,          16520925,            193.45,     3195972941.25   
12 MAY 2026,TECHLABS,ST,TRIDENT TECHLABS LIMITED ,Listed    ,12 MAY 2026,              10.00,          17281064,            240.95,     4163872370.80  
12 MAY 2026,TECHM,EQ,TECH MAHINDRA LIMITED    ,Listed    ,12 MAY 2026,               5.00,         979779691,           1392.90,  1364735131593.90     
12 MAY 2026,TECHNOE,EQ,TECHNO ELEC & ENG CO. LTD,Listed    ,12 MAY 2026,               2.00,         116299574,           1200.10,   139571118757.40   
12 MAY 2026,TECHNVISN,EQ,TECHNVISION VENTURES LTD.,Permitted ,12 MAY 2026,              10.00,           6275000,           5350.00,    33571250000.00 
12 MAY 2026,TECILCHEM,EQ,TECIL CHEMICALS          ,Listed    ,12 MAY 2026,              10.00,          18963700,             12.00,      227185126.00 
12 MAY 2026,TEGA,EQ,TEGA INDUSTRIES LIMITED  ,Listed    ,12 MAY 2026,              10.00,          75127698,           1566.80,   117710077226.40      
12 MAY 2026,TEJASCARGO,SM,TEJAS CARGO INDIA LIMITED,Listed    ,11 MAY 2026,              10.00,          23892840,            359.00,     8577529560.00
12 MAY 2026,TEJASNET,EQ,TEJAS NETWORKS LIMITED   ,Listed    ,12 MAY 2026,              10.00,         177663437,            460.80,    81867311769.60  
12 MAY 2026,TEMBO,EQ,TEMBO GLOBAL IND LTD     ,Listed    ,12 MAY 2026,              10.00,          15467146,            569.30,     8805446217.80     
12 MAY 2026,TENNIND,EQ,TENNECO CLEAN AIR INDIA L,Listed    ,12 MAY 2026,              10.00,         403604309,            609.25,   245895925258.25   
12 MAY 2026,TERASOFT,EQ,TERA SOFTWARE LIMITED    ,Listed    ,12 MAY 2026,              10.00,          12511875,            333.10,     4167705562.50  
12 MAY 2026,TEXINFRA,EQ,TEXMACO INFRA & HOLDG LTD,Listed    ,12 MAY 2026,               1.00,         127426590,             99.65,    12699333959.40  
12 MAY 2026,TEXMOPIPES,EQ,TEXMO PIPE & PRODUCTS LTD,Listed    ,12 MAY 2026,              10.00,          29195000,             43.85,     1279908800.00
12 MAY 2026,TEXRAIL,EQ,TEXMACO RAIL & ENG. LTD. ,Listed    ,12 MAY 2026,               1.00,         406864572,            105.70,    43009653906.10   
12 MAY 2026,TFCILTD,EQ,TOURISM FINANCE CORP. OF ,Listed    ,12 MAY 2026,               2.00,         462977240,             75.85,    35116823654.00   
12 MAY 2026,TFL,EQ,TRANSWARRANTY FIN. LTD.  ,Listed    ,12 MAY 2026,              10.00,          55116194,             11.80,      649819927.25       
12 MAY 2026,TGBHOTELS,EQ,TGB BANQUETS&HOTELS LTD  ,Listed    ,12 MAY 2026,              10.00,          29286400,              9.40,      275292160.00 
12 MAY 2026,TGL,ST,TEERTH GOPICON LIMITED   ,Listed    ,12 MAY 2026,              10.00,          11999600,             23.70,      284390520.00       
12 MAY 2026,THACKER,EQ,THACKER & CO. LTD.       ,Permitted ,11 MAY 2026,               1.00,           1087719,           1168.20,     1270673335.80   
12 MAY 2026,THAKDEV,EQ,THAKKERS DEVELOPERS LTD. ,Permitted ,11 MAY 2026,              10.00,           9000000,            141.10,     1270080000.00   
12 MAY 2026,THANGAMAYL,EQ,THANGAMAYIL JEWELLERY LTD,Listed    ,12 MAY 2026,              10.00,          31082021,           3670.00,   114071017070.00
12 MAY 2026,THEINVEST,EQ,THE INVEST TRUST OF IND L,Listed    ,12 MAY 2026,              10.00,          52242217,            113.85,     5947253983.30 
12 MAY 2026,THEJO,EQ,THEJO ENGINEERING LIMITED,Listed    ,12 MAY 2026,              10.00,          10847454,           1756.30,    19051383460.20     
12 MAY 2026,THELEELA,EQ,LEELA PALACES HOTEL LTD  ,Listed    ,12 MAY 2026,              10.00,         333957878,            411.20,   137323479433.60  
12 MAY 2026,THEMISMED,EQ,THEMIS MEDICARE LTD.     ,Listed    ,12 MAY 2026,               1.00,          92100120,             96.75,     8912528612.40 
12 MAY 2026,THERMAX,EQ,THERMAX LTD              ,Listed    ,12 MAY 2026,               2.00,         119156300,           4483.00,   534177692900.00   
12 MAY 2026,THESL,SM,THINKING HATS ENTER SOL L,Listed    ,12 MAY 2026,              10.00,          12487150,             14.25,      177941887.50     
12 MAY 2026,THOMASCOOK,EQ,THOMAS COOK (INDIA) LTD  ,Listed    ,12 MAY 2026,               1.00,         470380562,             93.45,    43947655907.65
12 MAY 2026,THOMASCOTT,EQ,THOMAS SCOTT (INDIA) LTD ,Listed    ,12 MAY 2026,              10.00,          14670380,            278.70,     4088634906.00
12 MAY 2026,THYROCARE,EQ,THYROCARE TECH LTD       ,Listed    ,12 MAY 2026,              10.00,         159165315,            475.00,    75603524625.00 
12 MAY 2026,TI,EQ,TILAKNAGAR INDUSTRIES LTD,Listed    ,12 MAY 2026,              10.00,         246838750,            442.35,   109189121062.50        
12 MAY 2026,TICL,EQ,TWAMEV CONS AND INFRA LTD,Listed    ,12 MAY 2026,               1.00,         155000000,             23.35,     3616150000.00      
12 MAY 2026,TIGERLOGS,EQ,TIGER LOGISTICS (INDIA) L,Listed    ,12 MAY 2026,               1.00,         105725000,             38.05,     4023893500.00 
12 MAY 2026,TIIL,EQ,TECHNOCRAFT IND LTD      ,Listed    ,12 MAY 2026,              10.00,          22672798,           2479.70,    56221737200.60      
12 MAY 2026,TIINDIA,EQ,TUBE INVEST OF INDIA LTD ,Listed    ,12 MAY 2026,               1.00,         193544928,           2954.00,   571731717312.00   
12 MAY 2026,TIJARIA,BE,TIJARIA POLYPIPES LTD    ,Listed    ,12 MAY 2026,              10.00,          28626579,              4.45,      127960808.15   
12 MAY 2026,TIL,EQ,TIL LTD                  ,Listed    ,12 MAY 2026,              10.00,          70352056,            196.70,    13837545894.65       
12 MAY 2026,TIMESCAN,SM,TIMESCAN LOGISTICS IND L ,Listed    ,12 MAY 2026,              10.00,           6988000,             40.10,      280218800.00  
12 MAY 2026,TIMETECHNO,EQ,TIME TECHNOPLAST LTD.    ,Listed    ,12 MAY 2026,               1.00,         493635379,            177.40,    87570916234.60
12 MAY 2026,TIMEX,EQ,TIMEX GROUP INDIA LTD.   ,Permitted ,12 MAY 2026,               1.00,         100950000,            342.25,    34550137500.00     
12 MAY 2026,TIMKEN,EQ,TIMKEN INDIA LTD.        ,Listed    ,12 MAY 2026,              10.00,          75218734,           3611.10,   271622370347.40    
12 MAY 2026,TINNARUBR,EQ,TINNA RUBBER AND INFR LTD,Listed    ,12 MAY 2026,              10.00,          18015757,            759.80,    13688372168.60 
12 MAY 2026,TIPSFILMS,EQ,TIPS FILMS LIMITED       ,Listed    ,12 MAY 2026,              10.00,           4322886,            364.15,     1574178936.90 
12 MAY 2026,TIPSMUSIC,EQ,TIPS MUSIC LIMITED       ,Listed    ,12 MAY 2026,               1.00,         128426590,            641.80,    82424185462.00 
12 MAY 2026,TIRUMALCHM,EQ,THIRUMALAI CHEMICALS LTD ,Listed    ,12 MAY 2026,               1.00,         120552774,            203.50,    24530078453.50
12 MAY 2026,TIRUPATI,SM,SHREE TIRUPATI BALAJEE   ,Listed    ,11 MAY 2026,              10.00,          10130040,            489.50,     4958654580.00  
12 MAY 2026,TIRUPATIFL,BE,TIRUPATI FORGE LIMITED   ,Listed    ,12 MAY 2026,               2.00,         125530000,             40.55,     5088986200.00
12 MAY 2026,TITAGARH,EQ,TITAGARH RAIL SYSTEMS LTD,Listed    ,12 MAY 2026,               2.00,         134673768,            774.20,   104264431185.60  
12 MAY 2026,TITAN,EQ,TITAN COMPANY LIMITED    ,Listed    ,12 MAY 2026,               1.00,         887786160,           4055.30,  3600239214648.00     
12 MAY 2026,TMB,EQ,TAMILNAD MERCA BANK LTD  ,Listed    ,12 MAY 2026,              10.00,         158351454,            663.50,   105066189729.00       
12 MAY 2026,TMCV,EQ,TATA MOTORS LIMITED      ,Listed    ,12 MAY 2026,               2.00,        3682331373,            387.05,  1425246357919.65      
12 MAY 2026,TMPV,EQ,TATA MOTORS PASS VEH LTD ,Listed    ,12 MAY 2026,               2.00,        3682625572,            336.85,  1240492423928.20      
12 MAY 2026,TNPETRO,EQ,TAMILNADU PETROPRODUCTS L,Listed    ,12 MAY 2026,              10.00,          89971474,             86.60,     7789730218.90   
12 MAY 2026,TNPL,EQ,TAMILNADU NEWSPRT & PAPER,Listed    ,12 MAY 2026,              10.00,          69210600,            152.85,    10578840210.00      
12 MAY 2026,TNTELE,EQ,TAMILNADU TELECOMMUNICATI,Listed    ,12 MAY 2026,              10.00,          45671400,              9.25,      421547022.00    
12 MAY 2026,TOKYOPLAST,BE,TOKYO PLAST  INTL LTD.   ,Listed    ,12 MAY 2026,              10.00,           9501400,             84.35,      801348076.00
12 MAY 2026,TOLINS,EQ,TOLINS TYRES LIMITED     ,Listed    ,12 MAY 2026,               5.00,          39508831,            102.50,     4050445354.10    
12 MAY 2026,TORNTPHARM,EQ,TORRENT PHARMACEUTICALS L,Listed    ,12 MAY 2026,               5.00,         338445440,           4381.90,  1483034073536.00
12 MAY 2026,TORNTPOWER,EQ,TORRENT POWER LTD        ,Listed    ,12 MAY 2026,              10.00,         503903543,           1597.60,   805036300296.80
12 MAY 2026,TOTAL,EQ,TOTAL TRANSPORT SYS LTD  ,Listed    ,12 MAY 2026,              10.00,          16126973,             56.00,      903110488.00     
12 MAY 2026,TOUCHWOOD,EQ,TOUCHWOOD ENTERTAIN LTD. ,Listed    ,12 MAY 2026,              10.00,          11081245,             73.50,      814360695.05 
12 MAY 2026,TPHQ,EQ,TEAMO PRODUCTIONS HQ LTD ,Listed    ,12 MAY 2026,               1.00,        1096219600,              0.55,      613882976.00      
12 MAY 2026,TPLPLASTEH,EQ,TPL PLASTECH LIMITED     ,Listed    ,12 MAY 2026,               2.00,          78003000,             63.30,     4939149960.00
12 MAY 2026,TRACXN,EQ,TRACXN TECHNOLOGIES LTD  ,Listed    ,12 MAY 2026,               1.00,         106736380,             33.40,     3567129819.60    
12 MAY 2026,TRANSPEK,EQ,TRANSPEK INDUSTRY LTD    ,Permitted ,12 MAY 2026,              10.00,           5585569,           1177.70,     6578124611.30  
12 MAY 2026,TRANSRAILL,EQ,TRANSRAIL LIGHTING LTD   ,Listed    ,12 MAY 2026,               2.00,         134256025,            531.35,    71336938883.75
12 MAY 2026,TRANSTEEL,SM,TRANSTEEL SEATING TECH L ,Listed    ,12 MAY 2026,              10.00,          22092010,            130.35,     2879693503.50 
12 MAY 2026,TRANSWIND,SM,TRANSWIND INFRA LIMITED  ,Listed    ,08 MAY 2026,              10.00,           7649000,             14.50,      110910500.00 
12 MAY 2026,TRANSWORLD,EQ,TRANSWORLD SHIP LINES LTD,Listed    ,12 MAY 2026,              10.00,          21957533,            157.60,     3460287625.45
12 MAY 2026,TRAVELFOOD,EQ,TRAVEL FOOD SERVICES LTD ,Listed    ,12 MAY 2026,               1.00,         131679484,           1139.90,   150101443811.60
12 MAY 2026,TREEHOUSE,BE,TREE HOUSE EDU LTD       ,Listed    ,12 MAY 2026,              10.00,          42310724,              7.75,      328331218.25 
12 MAY 2026,TREJHARA,EQ,TREJHARA SOLUTIONS LTD   ,Listed    ,12 MAY 2026,              10.00,          23505642,            162.70,     3824367953.40  
12 MAY 2026,TREL,EQ,TRANSINDIA REAL ESTATE L ,Listed    ,12 MAY 2026,               2.00,         245695524,             25.60,     6284891503.90      
12 MAY 2026,TRENT,EQ,TRENT LTD                ,Listed    ,12 MAY 2026,               1.00,         355487461,           4050.60,  1439937509526.60     
12 MAY 2026,TRF,EQ,TRF LIMITED              ,Listed    ,12 MAY 2026,              10.00,          11004412,            259.55,     2856195134.60       
12 MAY 2026,TRIDENT,EQ,TRIDENT LIMITED          ,Listed    ,12 MAY 2026,               1.00,        5095955670,             25.05,   127755608646.90   
12 MAY 2026,TRIDHYA,SM,TRIDHYA TECH LIMITED     ,Listed    ,12 MAY 2026,              10.00,          23288000,              9.35,      217742800.00   
12 MAY 2026,TRIGYN,EQ,TRIGYN TECHNOLOGIES LTD  ,Listed    ,12 MAY 2026,              10.00,          30785736,             54.80,     1687674047.50    
12 MAY 2026,TRITURBINE,EQ,TRIVENI TURBINE LIMITED  ,Listed    ,12 MAY 2026,               1.00,         317892029,            560.70,   178242060660.30
12 MAY 2026,TRIVENI,EQ,TRIVENI ENGG. & INDS. LTD,Listed    ,12 MAY 2026,               1.00,         218897968,            379.90,    83159338043.20   
12 MAY 2026,TROM,ST,TROM INDUSTRIES LIMITED  ,Listed    ,12 MAY 2026,              10.00,           9194866,             62.35,      573299895.10      
12 MAY 2026,TRU,EQ,TRUCAP FINANCE LIMITED   ,Listed    ,12 MAY 2026,               2.00,         118861871,              6.35,      752395643.45       
12 MAY 2026,TRUALT,EQ,TRUALT BIOENERGY LIMITED ,Listed    ,12 MAY 2026,              10.00,          85752591,            457.65,    39244673271.15    
12 MAY 2026,TRUST,SM,TRUST FINTECH LIMITED    ,Listed    ,12 MAY 2026,              10.00,          23825200,             36.75,      875576100.00     
12 MAY 2026,TSC,SM,TSC INDIA LIMITED        ,Listed    ,07 MAY 2026,              10.00,          14048000,             35.00,      491680000.00       
12 MAY 2026,TSFINV,EQ,TSF INVESTMENTS LIMITED  ,Listed    ,12 MAY 2026,               5.00,         222103860,            391.60,    86975871576.00    
12 MAY 2026,TTKHLTCARE,EQ,TTK HEALTHCARE LIMITED   ,Listed    ,12 MAY 2026,              10.00,          14130333,            907.35,    12821157647.55
12 MAY 2026,TTKPRESTIG,EQ,TTK PRESTIGE LTD         ,Listed    ,12 MAY 2026,               1.00,         136950984,            528.70,    72405985240.80
12 MAY 2026,TTL,BE,T T LIMITED              ,Listed    ,12 MAY 2026,               1.00,         258310944,              7.70,     1991577378.25       
12 MAY 2026,TTML,EQ,TATA TELESERV(MAHARASTRA),Listed    ,12 MAY 2026,              10.00,        1954927727,             41.20,    80562571629.65      
12 MAY 2026,TUNWAL,SM,TUNWAL E-MOTORS LIMITED  ,Listed    ,12 MAY 2026,               2.00,          57692384,             33.85,     1952887198.40    
12 MAY 2026,TVSELECT,EQ,TVS ELECTRONICS LTD      ,Listed    ,12 MAY 2026,              10.00,          18650318,            479.70,     8946557544.60  
12 MAY 2026,TVSHLTD,EQ,TVS HOLDINGS LIMITED     ,Listed    ,12 MAY 2026,               5.00,          20232104,          13996.00,   283168527584.00   
12 MAY 2026,TVSINVIT,IV,TVS INFRASTRUCTURE TRUST ,Listed    ,30 APR 2026,             100.00,         197200000,            117.00,    23072400000.00  
12 MAY 2026,TVSMOTOR,EQ,TVS MOTOR COMPANY  LTD   ,Listed    ,12 MAY 2026,               1.00,         475087114,           3561.00,  1691785212954.00  
12 MAY 2026,TVSSCS,BE,TVS SUPPLY CHAIN SOL L   ,Listed    ,12 MAY 2026,               1.00,         441180027,            113.15,    49910696454.50    
12 MAY 2026,TVSSRICHAK,EQ,TVS SRICHAKRA LIMITED    ,Listed    ,12 MAY 2026,              10.00,           7657050,           3722.30,    28501837215.00
12 MAY 2026,TVTODAY,EQ,TV TODAY NETWORK LTD     ,Listed    ,12 MAY 2026,               5.00,          59668615,            114.40,     6827282928.30   
12 MAY 2026,TVVISION,EQ,TV VISION LIMITED        ,Listed    ,12 MAY 2026,              10.00,          38744500,              5.15,      199534175.00  
12 MAY 2026,UBL,EQ,UNITED BREWERIES LTD     ,Listed    ,12 MAY 2026,               1.00,         264405149,           1410.50,   372943462664.50       
12 MAY 2026,UCAL,EQ,UCAL LIMITED             ,Listed    ,12 MAY 2026,              10.00,          22113625,            103.15,     2280799282.50      
12 MAY 2026,UCL,ST,USHANTI COLOUR CHEM LTD  ,Listed    ,12 MAY 2026,              10.00,          11236700,            137.80,     1548417260.00       
12 MAY 2026,UCOBANK,EQ,UCO BANK                 ,Listed    ,12 MAY 2026,              10.00,       12539558979,             25.50,   319507962784.90   
12 MAY 2026,UDS,EQ,UPDATER SERVICES LIMITED ,Listed    ,12 MAY 2026,              10.00,          66953241,            167.65,    11225380386.05       
12 MAY 2026,UEL,EQ,UJAAS ENERGY LIMITED     ,Listed    ,12 MAY 2026,               1.00,         333397890,            144.05,    48032634012.30       
12 MAY 2026,UFBL,EQ,UNITED FOODBRANDS LIMITED,Listed    ,12 MAY 2026,               5.00,          39086387,            347.05,    13564930608.35      
12 MAY 2026,UFLEX,EQ,UFLEX LIMITED            ,Listed    ,12 MAY 2026,              10.00,          72211486,            421.50,    30437141349.00     
12 MAY 2026,UFO,EQ,UFO MOVIEZ INDIA LTD.    ,Listed    ,12 MAY 2026,              10.00,          38814757,             72.80,     2824938014.45       
12 MAY 2026,UGARSUGAR,EQ,THE UGAR SUGAR WORKS LTD ,Listed    ,12 MAY 2026,               1.00,         112500000,             41.50,     4666500000.00 
12 MAY 2026,UGROCAP,EQ,UGRO CAPITAL LIMITED     ,Listed    ,12 MAY 2026,              10.00,         155095936,             99.65,    15456860981.75   
12 MAY 2026,UHTL,SM,UNITED HEAT TRANSFER LTD ,Listed    ,12 MAY 2026,              10.00,          19004000,             53.70,     1020514800.00      
12 MAY 2026,UJJIVANSFB,EQ,UJJIVAN SMALL FINANC BANK,Listed    ,12 MAY 2026,              10.00,        1942714414,             57.25,   111220400201.50
12 MAY 2026,ULTRACEMCO,EQ,ULTRATECH CEMENT LIMITED ,Listed    ,12 MAY 2026,              10.00,         294679171,          11516.00,  3393525333236.00
12 MAY 2026,ULTRAMAR,EQ,ULTRAMARINE & PIGMENTS L ,Permitted ,12 MAY 2026,               2.00,          29200000,            413.20,    12065440000.00  
12 MAY 2026,UMA,SM,UMA CONVERTER LIMITED    ,Listed    ,11 MAY 2026,              10.00,          20274286,             20.50,      415622863.00       
12 MAY 2026,UMAEXPORTS,BE,UMA EXPORTS LIMITED      ,Listed    ,12 MAY 2026,              10.00,          33809830,             24.60,      832059916.30
12 MAY 2026,UMESLTD,BE,USHA MARTIN EDU & SOL LTD,Listed    ,12 MAY 2026,               1.00,          26415811,              4.95,      130494106.35   
12 MAY 2026,UMIYA-MRO,EQ,UMIYA BUILDCON LIMITED   ,Listed    ,12 MAY 2026,               5.00,          18684602,             85.50,     1597907163.05 
12 MAY 2026,UNICHEMLAB,EQ,UNICHEM LABORATORIES LTD ,Listed    ,12 MAY 2026,               2.00,          70405750,            364.25,    25645294437.50
12 MAY 2026,UNIDT,EQ,UNITED DRILLING TOOLS LTD,Listed    ,12 MAY 2026,              10.00,          20303126,            214.95,     4363750871.20     
12 MAY 2026,UNIECOM,EQ,UNICOMMERCE ESOLUTIONS L ,Listed    ,12 MAY 2026,               1.00,         112379173,             87.65,     9848910721.70   
12 MAY 2026,UNIENTER,EQ,UNIPHOS ENTERPRISES LTD  ,Listed    ,12 MAY 2026,               2.00,          69545849,            103.60,     7205645414.90  
12 MAY 2026,UNIHEALTH,ST,UNIHEALTH HOSPITALS LTD  ,Listed    ,12 MAY 2026,              10.00,          15699952,            438.35,     6882073959.20 
12 MAY 2026,UNIINFO,BE,UNIINFO TELECOM SERVI LTD,Listed    ,12 MAY 2026,              10.00,          10693120,             12.00,      128210508.80   
12 MAY 2026,UNILEX,SM,UNILEX COLOURS AND CHEM L,Listed    ,12 MAY 2026,              10.00,          13617000,             24.20,      329531400.00    
12 MAY 2026,UNIMECH,EQ,UNIMECH AEROSPACE N MFG L,Listed    ,12 MAY 2026,               5.00,          50856883,            960.50,    48848036121.50   
12 MAY 2026,UNIONBANK,EQ,UNION BANK OF INDIA      ,Listed    ,12 MAY 2026,              10.00,        7633605607,            162.20,  1238094493399.35 
12 MAY 2026,UNIPARTS,EQ,UNIPARTS INDIA LIMITED   ,Listed    ,12 MAY 2026,              10.00,          45134803,            537.55,    24262213352.65  
12 MAY 2026,UNITDSPR,EQ,UNITED SPIRITS LIMITED   ,Listed    ,12 MAY 2026,               2.00,         727350853,           1247.50,   907370189117.50  
12 MAY 2026,UNITECH,EQ,UNITECH LTD              ,Listed    ,12 MAY 2026,               2.00,        2616301047,              4.50,    11825680732.45   
12 MAY 2026,UNITEDPOLY,EQ,UNITED POLYFAB GUJ. LTD. ,Listed    ,12 MAY 2026,               1.00,         229515500,             30.35,     6961205115.00
12 MAY 2026,UNITEDTEA,EQ,UNITED NILGIRI TEA LTD   ,Listed    ,12 MAY 2026,              10.00,           4996566,            526.05,     2628443544.30 
12 MAY 2026,UNIVASTU,EQ,UNIVASTU INDIA LIMITED   ,Listed    ,12 MAY 2026,              10.00,          35986770,             71.05,     2557579743.90  
12 MAY 2026,UNIVCABLES,EQ,UNIVERSAL CABLES LTD     ,Listed    ,12 MAY 2026,              10.00,          31989828,           1040.20,    33275819085.60
12 MAY 2026,UNIVPHOTO,BE,UNIVERSUS IMAGINGS LTD   ,Listed    ,12 MAY 2026,              10.00,          10946604,            456.20,     4993840744.80 
12 MAY 2026,UNOMINDA,EQ,UNO MINDA LIMITED        ,Listed    ,12 MAY 2026,               2.00,         577508066,           1141.90,   659456460565.40  
12 MAY 2026,UPL,EQ,UPL LIMITED              ,Listed    ,12 MAY 2026,               2.00,         844169261,            626.15,   528576582775.15       
12 MAY 2026,URAVIDEF,BE,URAVI DEFENCE &TECH LTD  ,Listed    ,12 MAY 2026,              10.00,          11400000,            126.15,     1438338000.00  
12 MAY 2026,URBAN,SM,URBAN ENVIRO WASTE MGMT L,Listed    ,12 MAY 2026,              10.00,           8660000,            149.65,     1295969000.00     
12 MAY 2026,URBANCO,EQ,URBAN COMPANY LIMITED    ,Listed    ,12 MAY 2026,               1.00,        1542180603,            122.10,   188300251626.30   
12 MAY 2026,URJA,EQ,URJA GLOBAL LIMITED      ,Listed    ,12 MAY 2026,               1.00,         525453377,             10.35,     5433187918.20      
12 MAY 2026,USASEEDS,SM,UPSURGE SEEDS OF AGRI LTD,Listed    ,11 MAY 2026,              10.00,          10085429,            103.55,     1044346172.95  
12 MAY 2026,USHAFIN,SM,USHA FINANCIAL SERVICES L,Listed    ,12 MAY 2026,              10.00,          43475262,             30.90,     1343385595.80   
12 MAY 2026,USHAMART,EQ,USHA MARTIN LTD.         ,Listed    ,12 MAY 2026,               1.00,         304741780,            457.85,   139526023973.00  
12 MAY 2026,USK,BE,UDAYSHIVAKUMAR INFRA LTD ,Listed    ,12 MAY 2026,              10.00,          55357142,             22.30,     1235571409.45       
12 MAY 2026,UTIAMC,EQ,UTI ASSET MNGMT CO LTD   ,Listed    ,12 MAY 2026,              10.00,         128520036,            970.00,   124664434920.00    
12 MAY 2026,UTKARSHBNK,EQ,UTKARSH SMALL FIN BANK L ,Listed    ,12 MAY 2026,              10.00,        1779523684,             13.75,    24450655418.15
12 MAY 2026,UTLSOLAR,EQ,FUJIYAMA POWER SYSTEMS L ,Listed    ,12 MAY 2026,               1.00,         306410934,            273.60,    83834031542.40  
12 MAY 2026,UTSSAV,SM,UTSSAV CZ GOLD JEWELS LTD,Listed    ,12 MAY 2026,              10.00,          24148000,            256.65,     6197584200.00    
12 MAY 2026,UTTAMSUGAR,EQ,UTTAM SUGAR MILLS LTD.   ,Listed    ,12 MAY 2026,              10.00,          38138120,            250.55,     9555505966.00
12 MAY 2026,UWCSL,SM,ULTRA WIRING CONN SYS LTD,Listed    ,12 MAY 2026,              10.00,           5203571,             87.60,      455832819.60     
12 MAY 2026,UYFINCORP,EQ,U. Y. FINCORP LIMITED    ,Listed    ,12 MAY 2026,               5.00,         190238329,             13.95,     2650019922.95 
12 MAY 2026,V2RETAIL,EQ,V2 RETAIL LIMITED        ,Listed    ,12 MAY 2026,               1.00,         364637550,            220.10,    80264017506.00  
12 MAY 2026,VADILALIND,EQ,VADILAL INDUSTRIES LTD   ,Listed    ,12 MAY 2026,              10.00,           7187830,           4307.30,    30960140159.00
12 MAY 2026,VAIBHAVGBL,EQ,VAIBHAV GLOBAL LIMITED   ,Listed    ,12 MAY 2026,               2.00,         167067648,            216.10,    36104989409.30
12 MAY 2026,VAISHALI,BE,VAISHALI PHARMA LIMITED  ,Listed    ,12 MAY 2026,               2.00,         130462130,              7.15,      931499608.20  
12 MAY 2026,VAKRANGEE,EQ,VAKRANGEE LIMITED        ,Listed    ,12 MAY 2026,               1.00,        1083191807,              6.55,     7105738253.90 
12 MAY 2026,VALIANTLAB,BE,VALIANT LABORATORIES LTD ,Listed    ,12 MAY 2026,              10.00,          54312500,             78.20,     4248323750.00
12 MAY 2026,VALIANTORG,EQ,VALIANT ORGANICS LIMITED ,Listed    ,12 MAY 2026,              10.00,          27614049,            285.05,     7871384667.45
12 MAY 2026,VALUE360,ST,VALUE 360 COMMUNICATION L,Listed    ,12 MAY 2026,              10.00,          16090008,             78.20,     1258238625.60  
12 MAY 2026,VARDHACRLC,EQ,VARDHAMAN ACRYLICS LTD   ,Listed    ,12 MAY 2026,              10.00,          80363746,             43.65,     3506270238.00
12 MAY 2026,VARDMNPOLY,BE,VARDHMAN POLYTEX LTD.    ,Listed    ,12 MAY 2026,               1.00,         458894004,              6.80,     3125068167.25
12 MAY 2026,VARROC,EQ,VARROC ENGINEERING LTD.  ,Listed    ,12 MAY 2026,               1.00,         152786400,            555.15,    84819369960.00    
12 MAY 2026,VASA,SM,VASA RETAIL & OVERSEA LTD,Listed    ,17 APR 2026,              10.00,           5992550,              4.65,       27865357.50      
12 MAY 2026,VASCONEQ,BE,VASCON ENGINEERS LTD     ,Listed    ,12 MAY 2026,              10.00,         228667111,             37.60,     8600170044.70  
12 MAY 2026,VASWANI,EQ,VASWANI IND LTD          ,Listed    ,12 MAY 2026,              10.00,          32946153,             54.65,     1799848338.40   
12 MAY 2026,VBL,EQ,VARUN BEVERAGES LIMITED  ,Listed    ,12 MAY 2026,               2.00,        3382094394,            488.35,  1651645797309.90       
12 MAY 2026,VCL,EQ,VAXTEX COTFAB LIMITED    ,Listed    ,12 MAY 2026,               1.00,         183752220,              1.45,      266440719.00       
12 MAY 2026,VDEAL,SM,VDEAL SYSTEM LIMITED     ,Listed    ,12 MAY 2026,              10.00,           4890460,            177.00,      865611420.00     
12 MAY 2026,VEDL,EQ,VEDANTA LIMITED          ,Listed    ,12 MAY 2026,               1.00,        3910388057,            305.05,  1192863876787.85      
12 MAY 2026,VEEDOL,EQ,VEEDOL CORPORATION LTD   ,Listed    ,12 MAY 2026,               2.00,          17424000,           1481.90,    25820625600.00    
12 MAY 2026,VEEKAYEM,ST,VEEKAYEM FASH & APP LTD  ,Listed    ,12 MAY 2026,              10.00,           5875730,            136.00,      799099280.00  
12 MAY 2026,VELJAN,EQ,VELJAN DENISON LTD.      ,Permitted ,12 MAY 2026,              10.00,           4500000,           1042.20,     4689900000.00    
12 MAY 2026,VELS,SM,VELS FILM INTERNATIONAL L,Listed    ,08 MAY 2026,              10.00,          12908000,             73.50,      948738000.00      
12 MAY 2026,VENKEYS,EQ,VENKY S (INDIA) LIMITED  ,Listed    ,12 MAY 2026,              10.00,          14087335,           1678.70,    23648409264.50   
12 MAY 2026,VENTIVE,EQ,VENTIVE HOSPITALITY LTD  ,Listed    ,12 MAY 2026,               1.00,         233541608,            671.80,   156893252254.40   
12 MAY 2026,VENUSPIPES,EQ,VENUS PIPES & TUBES LTD  ,Listed    ,12 MAY 2026,              10.00,          20716110,           1287.20,    26665776792.00
12 MAY 2026,VENUSREM,EQ,VENUS REMEDIES LIMITED   ,Listed    ,12 MAY 2026,              10.00,          13366988,            931.70,    12454022719.60  
12 MAY 2026,VERA,SM,VERA SYNTHETIC LIMITED   ,Listed    ,23 MAR 2026,              10.00,           4935000,             69.00,      340515000.00      
12 MAY 2026,VERANDA,EQ,VERANDA LEARNING SOL LTD ,Listed    ,12 MAY 2026,              10.00,          96169635,            214.35,    20612999565.90   
12 MAY 2026,VERITAAS,SM,VERITAAS ADVERTISING LTD ,Listed    ,12 MAY 2026,              10.00,           2823000,             47.50,      134092500.00  
12 MAY 2026,VERTEXPLUS,SM,VERTEXPLUS TECHNOLOGIES L,Listed    ,12 MAY 2026,              10.00,           5479600,             73.15,      400832740.00
12 MAY 2026,VERTIS,IV,VERTIS INFRASTRUCTURE TST,Listed    ,12 MAY 2026,             100.00,        1509983998,            107.05,   161643786985.90    
12 MAY 2026,VERTOZ,EQ,VERTOZ LIMITED           ,Listed    ,12 MAY 2026,              10.00,          85230000,             48.40,     4126836600.00    
12 MAY 2026,VESUVIUS,EQ,VESUVIUS INDIA LTD       ,Listed    ,12 MAY 2026,               1.00,         202960800,            471.75,    95746757400.00  
12 MAY 2026,VETO,EQ,VETO SWITCHGEAR CABLE LTD,Listed    ,12 MAY 2026,              10.00,          19114955,            108.70,     2077604458.95      
12 MAY 2026,VGINFOTECH,SM,VIRTUAL GALAXY INFOTECH L,Listed    ,12 MAY 2026,              10.00,          24868635,            145.45,     3617142960.75
12 MAY 2026,VGL,EQ,VARVEE GLOBAL LIMITED    ,Listed    ,12 MAY 2026,               5.00,          51528678,             58.55,     3016488810.10       
12 MAY 2026,VGUARD,EQ,V-GUARD IND LTD.         ,Listed    ,12 MAY 2026,               1.00,         436754526,            321.25,   140307391477.50    
12 MAY 2026,VHL,EQ,VARDHMAN HOLDINGS LIMITED,Listed    ,12 MAY 2026,              10.00,           3183808,           3640.10,    11589379500.80       
12 MAY 2026,VHLTD,BE,VICEROY HOTELS LIMITED   ,Listed    ,12 MAY 2026,              10.00,          67578948,            136.85,     9248179033.80     
12 MAY 2026,VIAZ,SM,VIAZ TYRES LIMITED       ,Listed    ,08 MAY 2026,              10.00,          14307000,             61.90,      885603300.00      
12 MAY 2026,VICTORYEV,SM,VICTORY ELEC VEHICL INT L,Listed    ,12 MAY 2026,               5.00,          24090000,             15.55,      374599500.00 
12 MAY 2026,VIDHIING,EQ,VIDHI SPCLTY F INGRDNTS L,Listed    ,12 MAY 2026,               1.00,          49945000,            285.70,    14269286500.00  
12 MAY 2026,VIDYAWIRES,EQ,VIDYA WIRES LIMITED      ,Listed    ,12 MAY 2026,               1.00,         212692307,             93.75,    19935649935.10
12 MAY 2026,VIESL,SM,VISION INFRA EQUIP SOL L ,Listed    ,12 MAY 2026,              10.00,          24642400,            305.65,     7531949560.00     
12 MAY 2026,VIGOR,SM,VIGOR PLAST INDIA LIMITED,Listed    ,11 MAY 2026,              10.00,          10351700,             66.25,      685800125.00     
12 MAY 2026,VIJAYA,EQ,VIJAYA DIAGNOSTIC CEN LTD,Listed    ,12 MAY 2026,               1.00,         102896728,           1279.20,   131625494457.60    
12 MAY 2026,VIJAYPD,ST,VIJAYPD CEUTICAL LIMITED ,Listed    ,12 MAY 2026,              10.00,          19528686,             93.65,     1828861443.90   
12 MAY 2026,VIJIFIN,BE,VIJI FINANCE LIMITED     ,Listed    ,12 MAY 2026,               1.00,         142500000,              4.10,      587100000.00   
12 MAY 2026,VIKASECO,BE,VIKAS ECOTECH LIMITED    ,Listed    ,12 MAY 2026,               1.00,        1768706024,              1.35,     2405440192.65  
12 MAY 2026,VIKASLIFE,BE,VIKAS LIFECARE LIMITED   ,Listed    ,12 MAY 2026,               1.00,        1857668560,              1.55,     2842232896.80 
12 MAY 2026,VIKRAMSOLR,EQ,VIKRAM SOLAR LIMITED     ,Listed    ,12 MAY 2026,              10.00,         362330181,            205.75,    74556681344.35
12 MAY 2026,VIKRAN,EQ,VIKRAN ENGINEERING LTD   ,Listed    ,12 MAY 2026,               1.00,         257911026,             69.55,    17942870078.80    
12 MAY 2026,VILAS,SM,VILAS TRANSCORE LIMITED  ,Listed    ,12 MAY 2026,              10.00,          24480000,            410.75,    10055160000.00     
12 MAY 2026,VILINBIO,ST,VILIN BIO MED LIMITED    ,Listed    ,12 MAY 2026,              10.00,          15250000,             49.40,      753350000.00  
12 MAY 2026,VIMTALABS,EQ,VIMTA LABS LIMITED       ,Listed    ,12 MAY 2026,               2.00,          44669355,            466.05,    20818152897.75 
12 MAY 2026,VINATIORGA,EQ,VINATI ORGANICS LTD      ,Listed    ,12 MAY 2026,               1.00,         103665632,           1314.30,   136247740137.60
12 MAY 2026,VINCOFE,EQ,VINTAGE COFFEE N BVRGS L ,Listed    ,12 MAY 2026,              10.00,         144438409,            128.55,    18564668708.75   
12 MAY 2026,VINDHYATEL,EQ,VINDHYA TELELINKS LTD    ,Listed    ,12 MAY 2026,              10.00,          11850863,           1628.10,    19294390050.30
12 MAY 2026,VINEETLAB,BE,VINEET LABORATORIES LTD  ,Listed    ,12 MAY 2026,              10.00,          19206266,             36.45,      700452521.00 
12 MAY 2026,VINNY,EQ,VINNY OVERSEAS LIMITED   ,Listed    ,12 MAY 2026,               1.00,         465246622,              1.15,      544338547.75     
12 MAY 2026,VINSYS,SM,VINSYS IT SERVICES IND LT,Listed    ,12 MAY 2026,              10.00,          14677927,            314.50,     4616208041.50    
12 MAY 2026,VINYAS,SM,VINYAS INNOVATIVE TECH L ,Listed    ,12 MAY 2026,              10.00,          12584726,            993.65,    12504812989.90    
12 MAY 2026,VINYLINDIA,EQ,VINYL CHEMICALS (I) LTD. ,Listed    ,12 MAY 2026,               1.00,          18337111,            264.35,     4847415292.85
12 MAY 2026,VIPCLOTHNG,EQ,VIP CLOTHING LIMITED     ,Listed    ,12 MAY 2026,               2.00,          90129519,             23.65,     2131563124.35
12 MAY 2026,VIPIND,EQ,VIP INDUSTRIES LTD       ,Listed    ,12 MAY 2026,               2.00,         142051434,            298.90,    42459173622.60    
12 MAY 2026,VIPULLTD,BE,VIPUL LIMITED            ,Listed    ,12 MAY 2026,               1.00,         140959480,              9.00,     1268635320.00  
12 MAY 2026,VIRINCHI,BE,VIRINCHI LIMITED         ,Listed    ,12 MAY 2026,              10.00,         107481181,             16.85,     1808908276.25  
12 MAY 2026,VISAKAIND,EQ,VISAKA INDUSTRIES LIMITED,Listed    ,12 MAY 2026,               2.00,          86404760,             74.10,     6401728668.40 
12 MAY 2026,VISAMAN,ST,VISAMAN GLOBAL SALES LTD ,Listed    ,05 MAY 2026,              10.00,          20037765,            115.55,     2315363745.75   
12 MAY 2026,VISASTEEL,EQ,VISA STEEL LIMITED       ,Listed    ,12 MAY 2026,              10.00,         129289500,             55.60,     7188496200.00 
12 MAY 2026,VISHNU,EQ,VISHNU CHEMICALS LIMITED ,Listed    ,12 MAY 2026,               2.00,          67315284,            575.75,    38756774763.00    
12 MAY 2026,VISHNUINFR,SM,VISHNUSURYA PROJ N INFR L,Listed    ,12 MAY 2026,              10.00,          24609671,            158.00,     3888328018.00
12 MAY 2026,VISHWARAJ,BE,VISHWARAJ SUGAR IND LTD  ,Listed    ,12 MAY 2026,               2.00,         217827700,              5.45,     1191517519.00 
12 MAY 2026,VISHWAS,SM,VISHWAS AGRI SEEDS LTD   ,Listed    ,12 MAY 2026,              10.00,          10000000,             54.80,      548000000.00   
12 MAY 2026,VITAL,BE,VITAL CHEMTECH LIMITED   ,Listed    ,12 MAY 2026,              10.00,          23951100,             59.00,     1413114900.00     
12 MAY 2026,VIVIANA,SM,VIVIANA POWER TECH LTD   ,Listed    ,12 MAY 2026,              10.00,          10124800,            755.90,     7653336320.00   
12 MAY 2026,VIVIDEL,SM,VIVID ELECTROMECH LIMITED,Listed    ,12 MAY 2026,              10.00,           8887800,            803.00,     7136903400.00   
12 MAY 2026,VIVIDHA,EQ,VISAGAR POLYTEX LTD      ,Listed    ,12 MAY 2026,               1.00,         292700534,              0.50,      149277272.35   
12 MAY 2026,VIVIMEDLAB,BE,VIVIMED LABS LIMITED     ,Listed    ,12 MAY 2026,               2.00,          82913915,              6.45,      534794751.75
12 MAY 2026,VIVO,SM,VIVO COLLAB SOLUTIONS LTD,Listed    ,07 MAY 2026,              10.00,           2015000,             76.00,      153140000.00      
12 MAY 2026,VIYASH,EQ,VIYASH SCIENTIFIC LIMITED,Listed    ,12 MAY 2026,               2.00,         436850810,            214.70,    93787500398.90    
12 MAY 2026,VLEGOV,BE,VL E GOV AND IT SOL LTD  ,Listed    ,12 MAY 2026,              10.00,         108451329,             14.05,     1521572145.85    
12 MAY 2026,VLINFRA,ST,V.L.INFRAPROJECTS LIMITED,Listed    ,12 MAY 2026,              10.00,          15712500,             29.80,      468232500.00   
12 MAY 2026,VLSFINANCE,EQ,VLS FINANCE LTD          ,Listed    ,12 MAY 2026,              10.00,          31378663,            232.15,     7283929042.20
12 MAY 2026,VMARCIND,SM,V MARC INDIA LIMITED     ,Listed    ,12 MAY 2026,              10.00,          24420696,           1179.85,    28812758175.60  
12 MAY 2026,VMART,EQ,VMART RETAIL LTD         ,Listed    ,12 MAY 2026,              10.00,          79458289,            641.80,    50996329880.20     
12 MAY 2026,VMM,EQ,VISHAL MEGA MART LIMITED ,Listed    ,12 MAY 2026,              10.00,        4673117806,            119.65,   559138545487.90       
12 MAY 2026,VMSTMT,BE,VMS TMT LIMITED          ,Listed    ,12 MAY 2026,              10.00,          49631210,             47.20,     2342593112.00    
12 MAY 2026,VOLERCAR,SM,VOLER CAR LIMITED        ,Listed    ,12 MAY 2026,              10.00,          11143527,            220.05,     2452133116.35  
12 MAY 2026,VOLTAMP,EQ,VOLTAMP TRANSFORMERS LTD ,Listed    ,12 MAY 2026,              10.00,          10117120,           9284.00,    93927342080.00   
12 MAY 2026,VOLTAS,EQ,VOLTAS LTD               ,Listed    ,12 MAY 2026,               1.00,         330884740,           1269.60,   420091265904.00    
12 MAY 2026,VPRPL,BE,VISHNU PRAKASH R PUNGLI L,Listed    ,12 MAY 2026,              10.00,         124644000,             41.50,     5175218880.00     
12 MAY 2026,VR,SM,V R INFRASPACE LIMITED   ,Listed    ,11 MAY 2026,              10.00,           8880000,            149.00,     1323120000.00        
12 MAY 2026,VRAJ,EQ,VRAJ IRON AND STEEL LTD  ,Listed    ,12 MAY 2026,              10.00,          32982619,            130.40,     4300933517.60      
12 MAY 2026,VRLLOG,EQ,VRL LOGISTICS LIMITED    ,Listed    ,12 MAY 2026,              10.00,         176686990,            257.50,    45496899925.00    
12 MAY 2026,VSCL,SM,VADIVARHE SPCLTY CHEM LTD,Listed    ,12 MAY 2026,              10.00,          12782750,             21.00,      268437750.00      
12 MAY 2026,VSSL,EQ,VARDHMAN SPC STEEL LTD   ,Listed    ,12 MAY 2026,              10.00,          96685678,            264.40,    25563693263.20      
12 MAY 2026,VSTIND,EQ,VST INDUSTRIES LTD       ,Listed    ,12 MAY 2026,              10.00,         169861120,            257.20,    43688280064.00    
12 MAY 2026,VSTL,EQ,VIBHOR STEEL TUBES LTD   ,Listed    ,12 MAY 2026,              10.00,          18962443,            126.25,     2393629179.90      
12 MAY 2026,VSTTILLERS,EQ,VST TILLERS TRACTORS LTD ,Listed    ,12 MAY 2026,              10.00,           8643358,           4866.00,    42058580028.00
12 MAY 2026,VTL,EQ,VARDHMAN TEXTILES LIMITED,Listed    ,12 MAY 2026,               2.00,         289281800,            613.75,   177546704750.00       
12 MAY 2026,WAAREEENER,EQ,WAAREE ENERGIES LIMITED  ,Listed    ,12 MAY 2026,              10.00,         287640905,           3125.20,   898935356306.00
12 MAY 2026,WAAREEINDO,BE,INDOSOLAR LIMITED        ,Listed    ,12 MAY 2026,              10.00,          41603691,            403.40,    16782928949.40
12 MAY 2026,WAAREERTL,EQ,WAAREE RENEWABLE TECH LTD,Listed    ,12 MAY 2026,               2.00,         104345792,            966.70,   100871077126.40 
12 MAY 2026,WABAG,EQ,VA TECH WABAG LTD        ,Listed    ,12 MAY 2026,               2.00,          62301508,           1374.70,    85645883047.60     
12 MAY 2026,WAKEFIT,EQ,WAKEFIT INNOVATIONS LTD  ,Listed    ,12 MAY 2026,               1.00,         326828675,            126.35,    41301339659.75   
12 MAY 2026,WALCHANNAG,EQ,WALCHANDNAGAR INDUSTRIES ,Listed    ,12 MAY 2026,               2.00,          67842060,            220.75,    14974777903.80
12 MAY 2026,WALPAR,SM,WALPAR NUTRITIONS LIMITED,Listed    ,08 MAY 2026,              10.00,           9390440,             36.50,      342751060.00    
12 MAY 2026,WANBURY,BE,WANBURY LIMITED          ,Listed    ,12 MAY 2026,              10.00,          34939398,            249.10,     8703404041.80   
12 MAY 2026,WCIL,EQ,WESTERN CARRIERS (IND) L ,Listed    ,12 MAY 2026,               5.00,         101955213,            102.05,    10405549038.80      
12 MAY 2026,WEALTH,EQ,WEALTH FRST PORT. MG. LTD,Listed    ,12 MAY 2026,              10.00,          10655000,            905.20,     9644906000.00    
12 MAY 2026,WEBELSOLAR,EQ,WEBSOL ENERGY SYSTEM LTD ,Listed    ,12 MAY 2026,               1.00,         422063470,            105.25,    44413738948.10
12 MAY 2026,WEIZMANIND,EQ,WEIZMANN LTD             ,Listed    ,12 MAY 2026,              10.00,          15493852,             85.75,     1328597809.00
12 MAY 2026,WEL,EQ,WONDER ELECTRICALS LTD   ,Listed    ,12 MAY 2026,               1.00,         134008000,            101.40,    13587071120.00       
12 MAY 2026,WELCORP,EQ,WELSPUN CORP LIMITED     ,Listed    ,12 MAY 2026,               5.00,         263790645,           1319.40,   348045377013.00   
12 MAY 2026,WELENT,EQ,WELSPUN ENTERPRISES LTD. ,Listed    ,12 MAY 2026,              10.00,         138413810,            488.35,    67594384113.50    
12 MAY 2026,WELINV,EQ,WELSPUN INV & COMM LTD   ,Listed    ,12 MAY 2026,              10.00,           3654476,           1652.40,     6038656142.40    
12 MAY 2026,WELSPLSOL,EQ,WELSPUN SPECIALTY SOL L  ,Permitted ,12 MAY 2026,               6.00,         662611445,             41.30,    27372478792.95 
12 MAY 2026,WELSPUNLIV,EQ,WELSPUN LIVING LIMITED   ,Listed    ,12 MAY 2026,               1.00,         959152514,            134.35,   128881323306.20
12 MAY 2026,WENDT,EQ,WENDT (INDIA) LIMITED    ,Listed    ,12 MAY 2026,              10.00,           2000000,           6908.00,    13816000000.00     
12 MAY 2026,WESTLIFE,EQ,WESTLIFE FOODWORLD LTD   ,Listed    ,12 MAY 2026,               2.00,         155936165,            506.85,    79036245230.25  
12 MAY 2026,WEWIN,EQ,WE WIN LIMITED           ,Listed    ,12 MAY 2026,              10.00,          10161000,             66.80,      678653190.00     
12 MAY 2026,WEWORK,EQ,WEWORK INDIA MANAGEMENT L,Listed    ,12 MAY 2026,              10.00,         135378008,            496.70,    67242256573.60    
12 MAY 2026,WHEELS,EQ,WHEELS INDIA LTD         ,Listed    ,12 MAY 2026,              10.00,          24433012,           1277.50,    31213172830.00    
12 MAY 2026,WHIRLPOOL,EQ,WHIRLPOOL OF INDIA LTD   ,Listed    ,12 MAY 2026,              10.00,         126871830,            861.80,   109338143094.00 
12 MAY 2026,WHITEFORCE,ST,HAPPY SQUARE OUTSOURC S L,Listed    ,12 MAY 2026,              10.00,          11600400,             50.80,      589300320.00
12 MAY 2026,WILLAMAGOR,EQ,WILLIAMSON MAGOR         ,Listed    ,12 MAY 2026,              10.00,          10956360,             28.05,      307325898.00
12 MAY 2026,WIMPLAST,EQ,WIM PLAST LTD            ,Permitted ,12 MAY 2026,              10.00,          12003360,            361.55,     4339814808.00  
12 MAY 2026,WINDLAS,EQ,WINDLAS BIOTECH LIMITED  ,Listed    ,12 MAY 2026,               5.00,          21106229,            772.20,    16298230033.80   
12 MAY 2026,WINDMACHIN,EQ,WINDSOR MACHINES LIMITED ,Listed    ,12 MAY 2026,               2.00,          87084521,            305.25,    26582550035.25
12 MAY 2026,WINNY,SM,WINNY IMMIGRA & EDU SER L,Listed    ,20 APR 2026,              10.00,           2170000,             49.50,      107415000.00     
12 MAY 2026,WINSOL,SM,WINSOL ENGINEERS LIMITED ,Listed    ,12 MAY 2026,              10.00,          11535200,            140.60,     1621849120.00    
12 MAY 2026,WINSOME,BZ,WINSOME YARNS LIMITED    ,Listed    ,12 MAY 2026,              10.00,          70707229,              2.05,      144242747.15   
12 MAY 2026,WIPL,EQ,THE WESTERN INDIA PLY LTD,Listed    ,12 MAY 2026,              10.00,           8487340,            153.80,     1305183145.20      
12 MAY 2026,WIPRO,EQ,WIPRO LTD                ,Listed    ,12 MAY 2026,               2.00,       10488124435,            189.55,  1988233749142.95     
12 MAY 2026,WOCKPHARMA,EQ,WOCKHARDT LIMITED        ,Listed    ,12 MAY 2026,               5.00,         162492169,           1570.40,   255177702197.60
12 MAY 2026,WOL3D,SM,WOL 3D INDIA LIMITED     ,Listed    ,12 MAY 2026,              10.00,           6452000,            156.00,     1006512000.00     
12 MAY 2026,WOMANCART,SM,WOMANCART LIMITED        ,Listed    ,12 MAY 2026,              10.00,           8212800,            113.45,      931742160.00 
12 MAY 2026,WONDERLA,EQ,WONDERLA HOLIDAYS LTD.   ,Listed    ,12 MAY 2026,              10.00,          63422766,            479.60,    30417558573.60  
12 MAY 2026,WORTHPERI,EQ,WORTH PERIPHERALS LIMITED,Listed    ,12 MAY 2026,              10.00,          15751000,            136.10,     2143553590.00 
12 MAY 2026,WPIL,EQ,W P I L LTD.             ,Permitted ,12 MAY 2026,               1.00,          97670800,            433.10,    42301223480.00      
12 MAY 2026,WSI,EQ,W.S.INDUSTRIES (I) LTD.  ,Listed    ,12 MAY 2026,              10.00,          75861874,             69.65,     5285296761.60       
12 MAY 2026,WSTCSTPAPR,EQ,WEST COAST PAPER MILLS LT,Listed    ,12 MAY 2026,               2.00,          66048908,            502.45,    33186273824.60
12 MAY 2026,WTICAB,SM,WISE TRAVEL INDIA LIMITED,Listed    ,12 MAY 2026,              10.00,          23811837,             96.10,     2288317535.70    
12 MAY 2026,XCHANGING,EQ,XCHANGING SOLUTIONS LTD  ,Listed    ,12 MAY 2026,              10.00,         111403716,             65.45,     7292487249.35 
12 MAY 2026,XELPMOC,EQ,XELPMOC DESIGN & TECH LTD,Listed    ,12 MAY 2026,              10.00,          14759493,            102.30,     1509748538.95   
12 MAY 2026,XPROINDIA,EQ,XPRO INDIA LIMITED       ,Listed    ,12 MAY 2026,              10.00,          23470378,           1096.40,    25732922439.20 
12 MAY 2026,XTGLOBAL,EQ,XTGLOBAL INFOTECH LIMITED,Listed    ,12 MAY 2026,               1.00,         134123705,             30.55,     4094796713.65  
12 MAY 2026,YAAP,ST,YAAP DIGITAL LIMITED     ,Listed    ,12 MAY 2026,              10.00,          20933000,            210.75,     4411629750.00      
12 MAY 2026,YASHO,EQ,YASHO INDUSTRIES LIMITED ,Listed    ,12 MAY 2026,              10.00,          12057095,           1683.70,    20300530851.50     
12 MAY 2026,YASHOPTICS,SM,YASH OPTICS & LENS LTD   ,Listed    ,12 MAY 2026,              10.00,          24765600,            135.40,     3353262240.00
12 MAY 2026,YATHARTH,EQ,YATHARTH HOSP & TRA C S L,Listed    ,12 MAY 2026,              10.00,          96354357,            817.65,    78784140001.05  
12 MAY 2026,YATRA,EQ,YATRA ONLINE LIMITED     ,Listed    ,12 MAY 2026,               1.00,         156916193,             97.50,    15299328817.50     
12 MAY 2026,YCCL,SM,YASONS CHEMEX CARE LTD   ,Listed    ,12 MAY 2026,              10.00,          19303920,             10.00,      193039200.00      
12 MAY 2026,YESBANK,EQ,YES BANK LIMITED         ,Listed    ,12 MAY 2026,               2.00,       31379630807,             22.05,   692234655602.40   
12 MAY 2026,YUDIZ,ST,YUDIZ SOLUTIONS LIMITED  ,Listed    ,12 MAY 2026,              10.00,          10319375,             27.55,      284298781.25     
12 MAY 2026,YUKEN,EQ,YUKEN INDIA LIMITED      ,Listed    ,12 MAY 2026,              10.00,          13584000,            698.90,     9493857600.00     
12 MAY 2026,ZAGGLE,EQ,ZAGGLE PREPA OCEAN SER L ,Listed    ,12 MAY 2026,               1.00,         134458445,            282.50,    37981821543.60    
12 MAY 2026,ZEAL,SM,ZEAL GLOBAL SERVICES LTD ,Listed    ,12 MAY 2026,              10.00,          13309750,             70.00,      931682500.00      
12 MAY 2026,ZEEL,EQ,ZEE ENTERTAINMENT ENT LTD,Listed    ,12 MAY 2026,               1.00,         960519420,             86.10,    82719932450.40      
12 MAY 2026,ZEELEARN,EQ,ZEE LEARN LIMITED        ,Listed    ,12 MAY 2026,               1.00,         327062005,              5.70,     1864253428.50  
12 MAY 2026,ZEEMEDIA,BE,ZEE MEDIA CORPORATION LTD,Listed    ,12 MAY 2026,               1.00,         625428680,              7.80,     4865835130.40  
12 MAY 2026,ZENITHDRUG,SM,ZENITH DRUGS LIMITED     ,Listed    ,12 MAY 2026,              10.00,          17148800,             39.00,      668803200.00
12 MAY 2026,ZENITHEXPO,EQ,ZENITH EXPORTS LTD       ,Listed    ,12 MAY 2026,              10.00,           5396250,            205.15,     1107040687.50
12 MAY 2026,ZENITHSTL,EQ,ZENITH STEEL PIP IND LTD ,Listed    ,12 MAY 2026,              10.00,         142280448,              6.10,      867910732.80 
12 MAY 2026,ZENSARTECH,EQ,ZENSAR TECHNOLOGIES  LTD ,Listed    ,12 MAY 2026,               2.00,         227494454,            508.65,   115715054027.10
12 MAY 2026,ZENTEC,EQ,ZEN TECHNOLOGIES LIMITED ,Listed    ,12 MAY 2026,               1.00,          90290356,           1587.00,   143290794972.00    
12 MAY 2026,ZFCVINDIA,EQ,ZF COM VE CTR SYS IND LTD,Listed    ,12 MAY 2026,               5.00,          18967584,          14651.00,   277894073184.00 
12 MAY 2026,ZFSTEERING,EQ,Z F STEERING GEAR (I) LTD,Permitted ,12 MAY 2026,              10.00,           9073300,            759.05,     6887088365.00
12 MAY 2026,ZIMLAB,EQ,ZIM LABORATORIES LIMITED ,Listed    ,12 MAY 2026,              10.00,          53549037,            104.65,     5603906722.05    
12 MAY 2026,ZODIAC,BE,ZODIAC ENERGY LIMITED    ,Listed    ,12 MAY 2026,              10.00,          15123690,            300.40,     4543156476.00    
12 MAY 2026,ZODIACLOTH,EQ,ZODIAC CLOTHING CO. LTD. ,Listed    ,12 MAY 2026,              10.00,          27458131,             76.55,     2102194509.35
12 MAY 2026,ZOTA,EQ,ZOTA HEALTH CARE LIMITED ,Listed    ,12 MAY 2026,              10.00,          34060626,           1208.30,    41155454395.80      
12 MAY 2026,ZSARACOM,EQ,SARASWATI COMM (INDIA) L ,Permitted ,12 MAY 2026,              10.00,           1095928,           9675.00,    10603103400.00  
12 MAY 2026,ZTECH,SM,Z-TECH (INDIA) LIMITED   ,Listed    ,12 MAY 2026,              10.00,          14458248,            590.70,     8540487093.60     
12 MAY 2026,ZUARI,EQ,ZUARI AGRO CHEMICALS LTD ,Listed    ,12 MAY 2026,              10.00,          42058006,            232.65,     9783953935.80     
12 MAY 2026,ZUARIIND,EQ,ZUARI INDUSTRIES LIMITED ,Listed    ,12 MAY 2026,              10.00,          29781184,            256.85,     7649297110.40  
12 MAY 2026,ZYDUSLIFE,EQ,ZYDUS LIFESCIENCES LTD   ,Listed    ,12 MAY 2026,               1.00,        1006233990,            930.65,   936451662793.50 
12 MAY 2026,ZYDUSWELL,EQ,ZYDUS WELLNESS LIMITED   ,Listed    ,12 MAY 2026,               2.00,         318160720,            506.65,   161196128788.00 
12 MAY 2026,Listed    ,  ,                         ,          ,           ,               0.00,                 0,              0.00,453169937660698.80
12 MAY 2026,Permitted ,  ,                         ,          ,           ,               0.00,                 0,              0.00,  3103234177620.90
12 MAY 2026,Total     ,  ,                         ,          ,           ,               0.00,                 0,              0.00,456273171838319.70
